Manager ID,Name,DOB,Age,Nationality,Nationality Code,Gender,Status,Height,Current Club ID,Current Club,Current Club Start,Current Club End,Career Spells,Career Club Count,Career Club IDs,Career Clubs,Career History,Total Matches,Total Wins,Total Draws,Total Losses,Career Win Percentage,Career Points Per Game,Latest Spell Matches,Latest Spell Wins,Latest Spell Draws,Latest Spell Losses,Latest Spell Win Percentage,Latest Spell Points Per Game,Trophies Won,Runner-Up Finishes,Trophy Club Count,Trophy Club IDs,Trophy Clubs,Competition IDs Won,Competitions Won,Trophy History,Recent Matches,Recent Wins,Recent Draws,Recent Losses,Recent Win Percentage,Last Match ID,Last Match UTC,Last Opponent ID,Last Opponent,Last Competition ID,Last Competition,Last Score,Last Result,FotMob URL,Image URL,Retrieved UTC
34000,Enzo Maresca,1980-02-10,46,Italy,ITA,male,active,180,8456,Manchester City,2026-06-29,,5,5,"357215, 860800, 10167, 8197, 8455","Manchester City U23, Manchester City U21, Parma, Leicester City, Chelsea","Manchester City U23 (2020-08-31 to 2021-05-26): 24 matches, 17 wins | Manchester City U21 (2020-09-01 to 2021-05-26): 4 matches, 2 wins | Parma (2021-05-27 to 2021-11-23): 14 matches, 4 wins | Leicester City (2023-07-01 to 2024-06-03): 53 matches, 36 wins | Chelsea (2024-06-03 to 2026-01-01): 92 matches, 55 wins",187,114,30,43,60.96,1.99,,,,,,,4,0,3,"8455, 8197, 357215","Chelsea, Leicester City, Manchester City U23","10216, 78, 48, 9084","Conference League, FIFA Club World Cup, Championship, Premier League 2",Chelsea - Conference League: won [2024/2025]; runner-up [] | Chelsea - FIFA Club World Cup: won [2025 USA]; runner-up [] | Leicester City - Championship: won [2023/2024]; runner-up [] | Manchester City U23 - Premier League 2: won [2020/2021]; runner-up [],26,13,6,7,50.0,5793186,2026-08-16,9825,Arsenal,247,Community Shield,3-0,L,https://www.fotmob.com/players/34000/enzo-maresca,https://images.fotmob.com/image_resources/playerimages/34000.png,2026-08-23T04:30:05+00:00
34944,Michael Carrick,1981-07-28,45,England,ENG,male,active,188,10260,Manchester United,2026-01-13,,3,2,"10260, 8549","Manchester United, Middlesbrough","Manchester United (2021-11-21 to 2021-12-03): 3 matches, 2 wins | Middlesbrough (2022-10-24 to 2025-06-04): 136 matches, 63 wins | Manchester United (2026-01-13 to present): 18 matches, 12 wins",157,77,28,52,49.04,1.65,18,12,3,3,66.67,2.17,0,0,0,,,,,,18,12,3,3,66.67,5795364,2026-08-22,8667,Hull City,47,Premier League,2-0,L,https://www.fotmob.com/players/34944/michael-carrick,https://images.fotmob.com/image_resources/playerimages/34944.png,2026-08-23T04:30:05+00:00
96940,Unai Emery,1971-11-03,54,Spain,ESP,male,active,,10252,Aston Villa,2022-11-01,,7,7,"10267, 8643, 8302, 9847, 9825, 10205, 10252","Valencia, Spartak Moscow, Sevilla, Paris Saint-Germain, Arsenal, Villarreal, Aston Villa","Valencia (2008-07-01 to 2012-06-10): 110 matches, 53 wins | Spartak Moscow (2012-06-10 to 2012-11-25): 25 matches, 12 wins | Sevilla (2013-01-15 to 2016-06-12): 205 matches, 107 wins | Paris Saint-Germain (2016-06-28 to 2018-05-23): 106 matches, 79 wins | Arsenal (2018-05-23 to 2019-11-29): 78 matches, 43 wins | Villarreal (2020-07-22 to 2022-10-24): 129 matches, 66 wins | Aston Villa (2022-11-01 to present): 197 matches, 109 wins",850,469,169,212,55.18,1.85,197,109,34,54,55.33,1.83,12,1,4,"10252, 9847, 8302, 10205","Aston Villa, Paris Saint-Germain, Sevilla, Villarreal","73, 207, 134, 150, 53","Europa League, Trophée des Champions, Coupe de France, Coupe de la Ligue, Ligue 1","Aston Villa - Europa League: won [2025/2026]; runner-up [] | Paris Saint-Germain - Trophée des Champions: won [2017/2018, 2016/2017]; runner-up [] | Paris Saint-Germain - Coupe de France: won [2017/2018, 2016/2017]; runner-up [] | Paris Saint-Germain - Coupe de la Ligue: won [2017/2018, 2016/2017]; runner-up [] | Paris Saint-Germain - Ligue 1: won [2017/2018]; runner-up [2016/2017] | Sevilla - Europa League: won [2015/2016, 2014/2015, 2013/2014]; runner-up [] | Villarreal - Europa League: won [2020/2021]; runner-up []",56,33,8,15,58.93,5729447,2026-08-12,9847,Paris Saint-Germain,74,UEFA Super Cup,2-1,L,https://www.fotmob.com/players/96940/unai-emery,https://images.fotmob.com/image_resources/playerimages/96940.png,2026-08-23T04:30:05+00:00
27493,Marco Rose,1976-09-11,49,Germany,GER,male,active,187,8678,AFC Bournemouth,2026-06-03,,5,5,"145597, 10013, 9788, 9789, 178475","Lokomotive Leipzig, Salzburg, Borussia Mönchengladbach, Borussia Dortmund, RB Leipzig","Lokomotive Leipzig (2012-07-01 to 2013-06-30): 30 matches, 9 wins | Salzburg (2017-06-15 to 2019-06-30): 116 matches, 84 wins | Borussia Mönchengladbach (2019-07-01 to 2021-06-30): 84 matches, 38 wins | Borussia Dortmund (2021-07-01 to 2022-06-30): 46 matches, 27 wins | RB Leipzig (2022-09-08 to 2025-03-30): 125 matches, 69 wins",401,227,77,97,56.61,1.89,,,,,,,7,1,3,"178475, 10013, 675920","RB Leipzig, Salzburg, Salzburg U19","209, 8924, -1, 38, 9741","DFB Pokal, Super Cup, Cup, Bundesliga, The Atlantic Cup, UEFA Youth League","RB Leipzig - DFB Pokal: won [2022/2023]; runner-up [] | RB Leipzig - Super Cup: won [2023/2024]; runner-up [] | Salzburg - Cup: won [2018/2019]; runner-up [2017/2018] | Salzburg - Bundesliga: won [2018/2019, 2017/2018]; runner-up [] | Salzburg - The Atlantic Cup: won [2019]; runner-up [] | Salzburg U19 - UEFA Youth League: won [2016/2017]; runner-up []",0,0,0,0,,,,,,,,,,https://www.fotmob.com/players/27493/marco-rose,https://images.fotmob.com/image_resources/playerimages/27493.png,2026-08-23T04:30:05+00:00
24011,Mikel Arteta,1982-03-26,44,Spain,ESP,male,active,176,9825,Arsenal,2019-12-22,,1,1,9825,Arsenal,"Arsenal (2019-12-22 to present): 354 matches, 218 wins",354,218,60,76,61.58,2.02,354,218,60,76,61.58,2.02,18,4,2,"9825, 8456","Arsenal, Manchester City","132, 47, -1, 247, 133","FA Cup, Premier League, Florida Cup, Emirates Cup, Community Shield, MLS All-Star, EFL Cup","Arsenal - FA Cup: won [2019/2020]; runner-up [] | Arsenal - Premier League: won [2025/2026]; runner-up [2024/2025, 2023/2024, 2022/2023] | Arsenal - Florida Cup: won [2022]; runner-up [] | Arsenal - Emirates Cup: won [2025, 2024, 2023, 2022]; runner-up [2026] | Arsenal - Community Shield: won [2026/2027, 2023/2024, 2020/2021]; runner-up [] | Arsenal - MLS All-Star: won [2023]; runner-up [] | Manchester City - FA Cup: won [2018/2019]; runner-up [] | Manchester City - Premier League: won [2018/2019, 2017/2018]; runner-up [] | Manchester City - EFL Cup: won [2018/2019, 2017/2018]; runner-up [] | Manchester City - Community Shield: won [2019/2020, 2018/2019]; runner-up []",64,45,12,7,70.31,5795363,2026-08-21,8669,Coventry City,47,Premier League,3-0,W,https://www.fotmob.com/players/24011/mikel-arteta,https://images.fotmob.com/image_resources/playerimages/24011.png,2026-08-23T04:30:05+00:00
1381583,Régis Le Bris,1975-12-06,50,France,FRA,male,active,,8472,Sunderland,2024-07-01,,2,2,"8689, 8472","Lorient, Sunderland","Lorient (2022-06-27 to 2024-06-22): 76 matches, 24 wins | Sunderland (2024-07-01 to present): 94 matches, 39 wins",170,63,44,63,37.06,1.37,94,39,26,29,41.49,1.52,0,0,0,,,,,,41,14,13,14,34.15,5795366,2026-08-22,9902,Ipswich Town,47,Premier League,2-1,L,https://www.fotmob.com/players/1381583/regis-le-bris,https://images.fotmob.com/image_resources/playerimages/1381583.png,2026-08-23T04:30:05+00:00
33025,Andoni Iraola,1982-06-22,44,Spain,ESP,male,active,182,8650,Liverpool,2026-06-04,,4,4,"7797, 4032, 8370, 8678","AEK Larnaca, CD Mirandes, Rayo Vallecano, AFC Bournemouth","AEK Larnaca (2018-07-01 to 2019-01-14): 29 matches, 13 wins | CD Mirandes (2019-07-10 to 2020-07-21): 49 matches, 18 wins | Rayo Vallecano (2020-08-06 to 2023-06-30): 136 matches, 56 wins | AFC Bournemouth (2023-07-01 to 2026-06-03): 127 matches, 48 wins",341,135,93,113,39.59,1.46,,,,,,,1,0,1,7797,AEK Larnaca,521,Super Cup,AEK Larnaca - Super Cup: won [2018/2019]; runner-up [],39,13,19,7,33.33,4813751,2026-05-24,10203,Nottingham Forest,47,Premier League,1-1,D,https://www.fotmob.com/players/33025/andoni-iraola,https://images.fotmob.com/image_resources/playerimages/33025.png,2026-08-23T04:30:05+00:00
38711,Keith Andrews,1980-09-13,45,Ireland,IRL,male,active,183,9937,Brentford,2025-06-27,,1,1,9937,Brentford,"Brentford (2025-06-27 to present): 46 matches, 20 wins",46,20,11,15,43.48,1.54,46,20,11,15,43.48,1.54,0,0,0,,,,,,45,19,13,13,42.22,5795368,2026-08-22,8586,Tottenham Hotspur,47,Premier League,3-0,W,https://www.fotmob.com/players/38711/keith-andrews,https://images.fotmob.com/image_resources/playerimages/38711.png,2026-08-23T04:30:06+00:00
208516,Fabian Hürzeler,1993-02-26,33,Germany,GER,male,active,,10204,Brighton & Hove Albion,2024-06-15,,2,2,"8152, 10204","St. Pauli, Brighton & Hove Albion","St. Pauli (2022-12-06 to 2024-06-15): 55 matches, 36 wins | Brighton & Hove Albion (2024-06-15 to present): 89 matches, 38 wins",144,74,36,34,51.39,1.79,89,38,25,26,42.7,1.56,0,0,0,,,,,,42,17,10,15,40.48,5988060,2026-08-20,8608,Tromsø,10615,Conference League Qualification,0-0,D,https://www.fotmob.com/players/208516/fabian-hurzeler,https://images.fotmob.com/image_resources/playerimages/208516.png,2026-08-23T04:30:05+00:00
42369,Javad Nekounam,1980-09-07,45,Iran,IRN,male,active,186,176352,Tractor,2026-08-09,,5,4,"392200, 139914, 101614, 176352","Nassaji Mazandaran FC, Foolad Khuzestan, Esteghlal, Tractor","Nassaji Mazandaran FC (2018-02-27 to 2018-12-26): 26 matches, 11 wins | Foolad Khuzestan (2019-05-21 to 2021-08-10): 74 matches, 32 wins | Foolad Khuzestan (2021-11-07 to 2023-02-22): 56 matches, 23 wins | Esteghlal (2023-06-21 to 2024-10-01): 38 matches, 21 wins | Tractor (2026-08-09 to present): 2 matches, 2 wins",196,89,67,40,45.41,1.7,2,2,0,0,100,3,0,0,0,,,,,,0,0,0,0,,,,,,,,,,https://www.fotmob.com/players/42369/javad-nekounam,https://images.fotmob.com/image_resources/playerimages/42369.png,2026-08-23T04:30:06+00:00
30889,Xabi Alonso,1981-11-25,44,Spain,ESP,male,active,183,8455,Chelsea,2026-07-01,,3,3,"161744, 8178, 8633","Real Sociedad B, Bayer Leverkusen, Real Madrid","Real Sociedad B (2019-06-01 to 2022-06-30): 98 matches, 40 wins | Bayer Leverkusen (2022-10-05 to 2025-05-31): 140 matches, 89 wins | Real Madrid (2025-06-01 to 2026-01-12): 34 matches, 24 wins",272,153,59,60,56.25,1.9,,,,,,,3,1,1,8178,Bayer Leverkusen,"209, 54, 8924","DFB Pokal, Bundesliga, Super Cup",Bayer Leverkusen - DFB Pokal: won [2023/2024]; runner-up [] | Bayer Leverkusen - Bundesliga: won [2023/2024]; runner-up [2024/2025] | Bayer Leverkusen - Super Cup: won [2024/2025]; runner-up [],27,19,3,5,70.37,5039109,2026-01-11,8634,Barcelona,139,Super Cup,3-2,L,https://www.fotmob.com/players/30889/xabi-alonso,https://images.fotmob.com/image_resources/playerimages/30889.png,2026-08-23T04:30:05+00:00
37442,Álvaro Arbeloa,1983-01-17,43,Spain,ESP,male,active,184,9879,Fulham,2026-07-08,,3,3,"603058, 8367, 8633","Real Madrid U19, Real Madrid Castilla, Real Madrid","Real Madrid U19 (2022-07-01 to 2025-05-31): 24 matches, 16 wins | Real Madrid Castilla (2025-05-31 to 2026-01-12): 19 matches, 10 wins | Real Madrid (2026-01-12 to 2026-06-09): 28 matches, 18 wins",71,44,6,21,61.97,1.94,,,,,,,2,0,1,603058,Real Madrid U19,-1,"Copa del Rey Juvenil, División de Honor Juvenil",Real Madrid U19 - Copa del Rey Juvenil: won [2022/2023]; runner-up [] | Real Madrid U19 - División de Honor Juvenil: won [2022/2023]; runner-up [],28,18,2,8,64.29,4837486,2026-05-23,8315,Athletic Club,87,LaLiga,4-2,W,https://www.fotmob.com/players/37442/alvaro-arbeloa,https://images.fotmob.com/image_resources/playerimages/37442.png,2026-08-23T04:30:06+00:00
24267,Daryl McMahon,1982-10-10,43,Ireland,IRL,male,active,183,4047,Hornchurch,2024-07-01,,5,4,"4047, 8009, 8599, 9794","Hornchurch, Dagenham & Redbridge, Macclesfield FC, Ebbsfleet United","Hornchurch (2024-07-01 to present):  matches,  wins | Dagenham & Redbridge (2020-01-03 to 2023-02-26):  matches,  wins | Macclesfield FC (2019-08-19 to 2020-01-02):  matches,  wins | Ebbsfleet United (2015-04-23 to 2018-11-07):  matches,  wins | Ebbsfleet United (2014-11-26 to 2014-12-10):  matches,  wins",0,0,0,0,,,,,,,,,0,0,0,,,,,,4,2,0,2,50.0,5906382,2026-08-22,10196,Carlisle United,117,National League,4-1,L,https://www.fotmob.com/players/24267/daryl-mcmahon,https://images.fotmob.com/image_resources/playerimages/24267.png,2026-08-23T04:30:06+00:00
890130,Marino Pusic,1971-08-18,55,Netherlands,NED,male,active,,2530,Al Ahli,2026-08-06,,5,4,"8611, 9728, 102101, 2530","FC Twente, Shakhtar Donetsk, Al-Jazira, Al Ahli","FC Twente (2017-10-18 to 2017-10-29): 9 matches, 3 wins | FC Twente (2018-03-26 to 2019-05-07): 51 matches, 31 wins | Shakhtar Donetsk (2023-10-24 to 2025-05-25): 71 matches, 45 wins | Al-Jazira (2025-09-09 to 2026-06-13): 32 matches, 17 wins | Al Ahli (2026-08-06 to present): 3 matches, 3 wins",166,99,27,40,59.64,1.95,3,3,0,0,100,3,5,0,3,"9728, 10235, 8611","Shakhtar Donetsk, Feyenoord, FC Twente","442, 441, 57, 111","Ukraine Cup, Premier League, Eredivisie, Eerste Divisie","Shakhtar Donetsk - Ukraine Cup: won [2024/2025, 2023/2024]; runner-up [] | Shakhtar Donetsk - Premier League: won [2023/2024]; runner-up [] | Feyenoord - Eredivisie: won [2022/2023]; runner-up [] | FC Twente - Eerste Divisie: won [2018/2019]; runner-up []",2,2,0,0,100.0,5970097,2026-08-22,150414,Abha,536,Saudi Pro League,4-0,W,https://www.fotmob.com/players/890130/marino-pusic,https://images.fotmob.com/image_resources/playerimages/890130.png,2026-08-23T04:30:06+00:00
1161874,Rubén Albés,1985-02-24,41,Spain,ESP,male,active,,7854,Leganes,2026-06-16,,12,10,"8288, 161748, 161743, 189783, 864269, 8206, 8393, 9869, 101903, 7854","Eldense, Real Valladolid B, Celta Fortuna, UCAM Murcia, Hermannstadt, Lugo, Albacete, Sporting Gijon, Umm Salal, Leganes","Eldense (2014-07-02 to 2014-11-05): 23 matches, 9 wins | Eldense (2015-03-10 to 2015-06-28): 25 matches, 10 wins | Real Valladolid B (2015-06-29 to 2015-10-22): 9 matches, 2 wins | Real Valladolid B (2016-06-06 to 2017-06-12): 38 matches, 15 wins | Celta Fortuna (2017-06-12 to 2019-06-05): 82 matches, 33 wins | UCAM Murcia (2019-06-08 to 2019-10-07): 7 matches, 1 wins | Hermannstadt (2020-06-19 to 2021-01-15): 25 matches, 8 wins | Lugo (2021-04-20 to 2022-06-28): 51 matches, 14 wins | Albacete (2022-06-28 to 2024-03-27): 79 matches, 25 wins | Sporting Gijon (2024-07-01 to 2025-04-06): 36 matches, 10 wins | Umm Salal (2026-02-01 to 2026-06-16): 12 matches, 5 wins | Leganes (2026-06-16 to present): 2 matches, 1 wins",389,133,116,140,34.19,1.32,2,1,1,0,50,2,0,0,0,,,,,,2,1,1,0,50.0,5868412,2026-08-22,8670,Real Oviedo,140,LaLiga2,0-1,W,https://www.fotmob.com/players/1161874/ruben-albes,https://images.fotmob.com/image_resources/playerimages/1161874.png,2026-08-23T04:30:06+00:00
38572,Albert Celades,1975-09-29,50,Spain,ESP,male,active,177,8385,Cadiz,2026-08-11,,5,5,"8505, 6585, 10267, 2137, 8385","Spain U21, Spain U17, Valencia, Pafos FC, Cadiz","Spain U21 (2014-05-07 to 2018-07-25): 9 matches, 5 wins | Spain U17 (2017-10-18 to 2017-11-16): 3 matches, 2 wins | Valencia (2019-09-11 to 2020-06-29): 41 matches, 16 wins | Pafos FC (2026-01-09 to 2026-04-28): 21 matches, 9 wins | Cadiz (2026-08-11 to present): 2 matches, 0 wins",76,32,22,22,42.11,1.55,2,0,2,0,0,1,0,0,0,,,,,,2,0,2,0,0.0,5868410,2026-08-22,8288,Eldense,140,LaLiga2,2-2,D,https://www.fotmob.com/players/38572/albert-celades,https://images.fotmob.com/image_resources/playerimages/38572.png,2026-08-23T04:30:06+00:00
38690,Leonhard Haas,1982-01-09,44,Germany,GER,male,active,181,601179,Bayern München U19,2026-07-01,,2,2,"94947, 8357","Greuther Fürth II, Greuther Fürth","Greuther Fürth II (2024-07-01 to 2025-06-30): 34 matches, 15 wins | Greuther Fürth (2024-10-22 to 2024-11-12): 4 matches, 1 wins",38,16,11,11,42.11,1.55,,,,,,,0,0,0,,,,,,0,0,0,0,,,,,,,,,,https://www.fotmob.com/players/38690/leonhard-haas,https://images.fotmob.com/image_resources/playerimages/38690.png,2026-08-23T04:30:06+00:00
463541,Vuk Rasovic,1973-01-03,53,Serbia,SRB,male,active,,209190,Al Ittihad Kalba,2024-07-01,2026-02-09,8,8,"7998, 10058, 6050, 205687, 102118, 102122, 582749, 209190","Partizan Beograd, Dinamo Minsk, Napredak, Al-Faisaly, Al-Dhafra, Al-Wahda, Al-Fayha, Al Ittihad Kalba","Partizan Beograd (2013-04-29 to 2013-12-17): 27 matches, 16 wins | Dinamo Minsk (2015-05-01 to 2016-07-15): 53 matches, 28 wins | Napredak (2016-12-30 to 2017-06-30): 16 matches, 6 wins | Al-Faisaly (2017-06-03 to 2018-06-30): 26 matches, 9 wins | Al-Dhafra (2018-09-01 to 2020-09-09): 51 matches, 23 wins | Al-Wahda (2020-10-15 to 2021-03-15): 21 matches, 7 wins | Al-Fayha (2021-06-21 to 2024-06-30): 112 matches, 37 wins | Al Ittihad Kalba (2024-07-01 to 2026-02-09): 46 matches, 13 wins",352,139,89,124,39.49,1.44,46,13,13,20,28.26,1.13,2,0,2,"582749, 7998","Al-Fayha, Partizan Beograd","9942, 182","King's Cup, Super Liga",Al-Fayha - King's Cup: won [2021/2022]; runner-up [] | Partizan Beograd - Super Liga: won [2012/2013]; runner-up [],0,0,0,0,,,,,,,,,,https://www.fotmob.com/players/463541/vuk-rasovic,https://images.fotmob.com/image_resources/playerimages/463541.png,2026-08-23T04:30:06+00:00
1331717,García Pimienta,1974-08-03,52,Spain,ESP,male,active,,9865,Almeria,2026-06-30,,5,5,"394213, 161774, 8306, 8302, 9865","Barcelona U19, Barca Atletic, Las Palmas, Sevilla, Almeria","Barcelona U19 (2017-10-24 to 2018-04-25): 7 matches, 6 wins | Barca Atletic (2018-04-25 to 2021-06-11): 102 matches, 46 wins | Las Palmas (2022-01-24 to 2024-05-30): 105 matches, 41 wins | Sevilla (2024-06-02 to 2025-04-13): 34 matches, 11 wins | Almeria (2026-06-30 to present): 1 matches, 1 wins",249,105,69,75,42.17,1.54,1,1,0,0,100,3,1,0,1,394213,Barcelona U19,9741,UEFA Youth League,Barcelona U19 - UEFA Youth League: won [2017/2018]; runner-up [],1,1,0,0,100.0,5868393,2026-08-17,8288,Eldense,140,LaLiga2,3-0,W,https://www.fotmob.com/players/1331717/garcia-pimienta,https://images.fotmob.com/image_resources/playerimages/1331717.png,2026-08-23T04:30:06+00:00
22890,Adam Hinshelwood,1984-01-08,42,England,ENG,male,active,,282351,Worthing,2025-10-09,,3,2,"282351, 9916","Worthing, York City","Worthing (2017-09-22 to 2024-02-26): 269 matches, 144 wins | York City (2024-02-27 to 2025-08-28): 66 matches, 36 wins | Worthing (2025-10-09 to present): 43 matches, 25 wins",378,205,74,99,54.23,1.82,43,25,6,12,58.14,1.88,2,1,1,282351,Worthing,-1,"Sussex Senior Challenge Cup, Non League Charity Shield",Worthing - Sussex Senior Challenge Cup: won [2022/2023]; runner-up [2021/2022] | Worthing - Non League Charity Shield: won [2022/2023]; runner-up [],4,2,0,2,50.0,5906391,2026-08-22,161812,Wealdstone,117,National League,1-0,W,https://www.fotmob.com/players/22890/adam-hinshelwood,https://images.fotmob.com/image_resources/playerimages/22890.png,2026-08-23T04:30:06+00:00
22926,Darren Purse,1977-02-14,49,England,ENG,male,active,188,6361,Sligo Rovers,2026-07-24,,1,1,6361,Sligo Rovers,"Sligo Rovers (2026-07-24 to present): 5 matches, 1 wins",5,1,3,1,20.0,1.2,5,1,3,1,20,1.2,0,0,0,,,,,,4,0,3,1,0.0,5100951,2026-08-21,6042,Waterford FC,126,Premier Division,0-0,D,https://www.fotmob.com/players/22926/darren-purse,https://images.fotmob.com/image_resources/playerimages/22926.png,2026-08-23T04:30:06+00:00
1224987,Will Still,1992-10-14,33,Belgium,BEL,male,active,,8583,Auxerre,2026-06-12,,6,6,"9989, 583877, 9837, 8588, 8466, 8583","Lierse, Beerschot, Reims, Lens, Southampton, Auxerre","Lierse (2017-10-06 to 2017-12-11): 10 matches, 7 wins | Beerschot (2021-01-19 to 2021-06-22): 15 matches, 6 wins | Reims (2022-10-13 to 2024-05-02): 64 matches, 25 wins | Lens (2024-06-11 to 2025-05-25): 37 matches, 16 wins | Southampton (2025-05-26 to 2025-11-02): 16 matches, 4 wins | Auxerre (2026-06-12 to present): 1 matches, 0 wins",143,58,33,52,40.56,1.45,1,0,0,1,0,0,0,0,0,,,,,,1,0,0,1,0.0,5802904,2026-08-22,8588,Lens,53,Ligue 1,5-2,L,https://www.fotmob.com/players/1224987/will-still,https://images.fotmob.com/image_resources/playerimages/1224987.png,2026-08-23T04:30:07+00:00
23630,Eddie Howe,1977-11-29,48,England,ENG,male,active,,10261,Newcastle United,2021-11-08,2026-07-31,4,3,"8678, 8191, 10261","AFC Bournemouth, Burnley, Newcastle United","AFC Bournemouth (2008-12-31 to 2011-01-15): 28 matches, 12 wins | Burnley (2011-01-16 to 2012-10-11): 87 matches, 35 wins | AFC Bournemouth (2012-10-12 to 2020-08-01): 356 matches, 145 wins | Newcastle United (2021-11-08 to 2026-07-31): 231 matches, 116 wins",702,308,142,252,43.87,1.52,231,116,43,72,50.22,1.69,2,1,2,"10261, 8678","Newcastle United, AFC Bournemouth","133, 48","EFL Cup, Championship",Newcastle United - EFL Cup: won [2024/2025]; runner-up [2022/2023] | AFC Bournemouth - Championship: won [2014/2015]; runner-up [],57,24,10,23,42.11,4813748,2026-05-24,9879,Fulham,47,Premier League,2-0,L,https://www.fotmob.com/players/23630/eddie-howe,https://images.fotmob.com/image_resources/playerimages/23630.png,2026-08-23T04:30:06+00:00
160572,Craig Mahon,1989-06-21,37,Ireland,IRL,male,active,173,282396,AFC Fylde,2025-06-13,,3,2,"158390, 282396","Curzon, AFC Fylde","Curzon (2021-10-19 to 2021-10-29): 1 matches, 0 wins | Curzon (2023-09-28 to 2025-06-13): 93 matches, 45 wins | AFC Fylde (2025-06-13 to present): 56 matches, 37 wins",150,82,26,42,54.67,1.81,56,37,6,13,66.07,2.09,0,0,0,,,,,,3,1,1,1,33.33,5906390,2026-08-22,8345,Woking,117,National League,3-2,L,https://www.fotmob.com/players/160572/craig-mahon,https://images.fotmob.com/image_resources/playerimages/160572.png,2026-08-23T04:30:07+00:00
93204,Scott Davies,1988-03-10,38,Ireland,IRL,male,active,180,8465,Aldershot Town,2026-04-27,,2,2,"6432, 8465","Slough Town, Aldershot Town","Slough Town (2022-11-14 to 2026-04-27): 191 matches, 68 wins | Aldershot Town (2026-04-27 to present): 4 matches, 1 wins",195,69,50,76,35.38,1.32,4,1,1,2,25,1,0,0,0,,,,,,7,3,2,2,42.86,5906387,2026-08-22,10284,Kidderminster Harriers,117,National League,1-1,D,https://www.fotmob.com/players/93204/scott-davies,https://images.fotmob.com/image_resources/playerimages/93204.png,2026-08-23T04:30:07+00:00
1791900,Mehdi Tartar,1972-09-24,53,Iran,IRN,male,active,,101610,Persepolis,2026-07-05,,2,2,"389880, 101610","Gol Gohar, Persepolis","Gol Gohar (2024-07-11 to 2026-07-04): 24 matches, 10 wins | Persepolis (2026-07-05 to present): 2 matches, 2 wins",26,12,6,8,46.15,1.62,2,2,0,0,100,3,0,0,0,,,,,,0,0,0,0,,,,,,,,,,https://www.fotmob.com/players/1791900/mehdi-tartar,https://images.fotmob.com/image_resources/playerimages/1791900.png,2026-08-23T04:30:07+00:00
50522,Cristián Muñoz,1983-07-15,43,Chile,CHI,male,active,,4054,Universidad de Concepcion,2026-08-06,,3,3,"304999, 6455, 4054","Barnechea, Palestino, Universidad de Concepcion","Barnechea (2024-01-01 to 2024-11-30): 32 matches, 15 wins | Palestino (2026-01-12 to 2026-04-25): 17 matches, 6 wins | Universidad de Concepcion (2026-08-06 to present): 2 matches, 0 wins",51,21,12,18,41.18,1.47,2,0,0,2,0,0,1,0,1,4054,Universidad de Concepcion,9126,Primera B,Universidad de Concepcion - Primera B: won [2025]; runner-up [],0,0,0,0,,,,,,,,,,https://www.fotmob.com/players/50522/cristian-munoz,https://images.fotmob.com/image_resources/playerimages/50522.png,2026-08-23T04:30:07+00:00
30353,Kieron Dyer,1978-12-29,47,England,ENG,male,active,173,8652,Southend United,2026-06-08,,1,1,8652,Southend United,"Southend United (2026-06-08 to present):  matches,  wins",0,0,0,0,,,,,,,,,0,0,0,,,,,,3,3,0,0,100.0,5906388,2026-08-22,161801,Solihull Moors,117,National League,1-3,W,https://www.fotmob.com/players/30353/kieron-dyer,https://images.fotmob.com/image_resources/playerimages/30353.png,2026-08-23T04:30:07+00:00
140622,Neil Gibson,1979-10-11,46,Wales,WAL,male,active,,9915,Altrincham,2025-10-24,,6,5,"131481, 316297, 2193, 161812, 9915","Prestatyn Town FC, Flint Town United, Connah's Quay Nomads, Wealdstone, Altrincham","Prestatyn Town FC (2007-07-01 to 2015-06-30): 169 matches, 46 wins | Prestatyn Town FC (2017-09-01 to 2018-01-30): 19 matches, 3 wins | Flint Town United (2020-12-07 to 2022-08-03): 52 matches, 20 wins | Connah's Quay Nomads (2022-08-04 to 2024-08-17): 73 matches, 38 wins | Wealdstone (2025-01-27 to 2025-05-26): 20 matches, 8 wins | Altrincham (2025-10-24 to present): 36 matches, 13 wins",369,128,71,170,34.69,1.23,36,13,5,18,36.11,1.22,2,0,2,"2193, 131481","Connah's Quay Nomads, Prestatyn Town FC",9166,Welsh Cup,Connah's Quay Nomads - Welsh Cup: won [2023/2024]; runner-up [] | Prestatyn Town FC - Welsh Cup: won [2012/2013]; runner-up [],3,0,0,3,0.0,5906381,2026-08-22,8646,Boston United,117,National League,1-0,L,https://www.fotmob.com/players/140622/neil-gibson,https://images.fotmob.com/image_resources/playerimages/140622.png,2026-08-23T04:30:07+00:00
25150,Lee Cattermole,1988-03-21,38,England,ENG,male,active,178,6189,Gateshead FC,2026-06-16,,2,2,"1113557, 6189","Middlesbrough U18, Gateshead FC","Middlesbrough U18 (2022-01-26 to 2023-03-31): 32 matches, 13 wins | Gateshead FC (2026-06-16 to present): 4 matches, 1 wins",36,14,7,15,38.89,1.36,4,1,0,3,25,0.75,0,0,0,,,,,,4,1,1,2,25.0,5906392,2026-08-22,10198,Yeovil Town,117,National League,3-0,L,https://www.fotmob.com/players/25150/lee-cattermole,https://images.fotmob.com/image_resources/playerimages/25150.png,2026-08-23T04:30:07+00:00
23771,Paul Hurst,1974-09-25,51,England,ENG,male,active,,8646,Boston United,2026-01-14,,7,5,"10005, 9896, 9902, 8412, 8646","Grimsby Town, Shrewsbury Town, Ipswich Town, Scunthorpe United, Boston United","Grimsby Town (2011-03-24 to 2016-10-24): 314 matches, 150 wins | Shrewsbury Town (2016-10-24 to 2018-05-30): 97 matches, 48 wins | Ipswich Town (2018-05-30 to 2018-10-25): 15 matches, 1 wins | Scunthorpe United (2019-05-13 to 2020-01-29): 38 matches, 12 wins | Grimsby Town (2020-12-30 to 2023-10-29): 154 matches, 59 wins | Shrewsbury Town (2024-01-24 to 2024-11-03): 37 matches, 7 wins | Boston United (2026-01-14 to present): 24 matches, 11 wins",679,288,167,224,42.42,1.52,24,11,6,7,45.83,1.62,1,0,1,10005,Grimsby Town,117,National League,Grimsby Town - National League: won [2015/2016]; runner-up [],4,2,0,2,50.0,5906381,2026-08-22,9915,Altrincham,117,National League,1-0,W,https://www.fotmob.com/players/23771/paul-hurst,https://images.fotmob.com/image_resources/playerimages/23771.png,2026-08-23T04:30:07+00:00
2131740,Billy Rowley,1984-07-22,42,England,ENG,male,active,,10198,Yeovil Town,2025-11-25,,2,2,"10198, -1","Yeovil Town, Walton & Hersham FC","Yeovil Town (2025-11-25 to present):  matches,  wins | Walton & Hersham FC (2025-07-01 to 2025-11-24):  matches,  wins",0,0,0,0,,,,,,,,,0,0,0,,,,,,3,1,2,0,33.33,5906392,2026-08-22,6189,Gateshead FC,117,National League,3-0,W,https://www.fotmob.com/players/2131740/billy-rowley,https://images.fotmob.com/image_resources/playerimages/2131740.png,2026-08-23T04:30:07+00:00
633439,Matt Gray,1981-11-02,44,England,ENG,male,active,,161803,Eastleigh,2026-05-14,,3,3,"158316, 6627, 161803","Sutton United, Eastbourne Borough, Eastleigh","Sutton United (2019-04-24 to 2023-12-20): 177 matches, 81 wins | Eastbourne Borough (2025-07-01 to 2025-10-07): 12 matches, 2 wins | Eastleigh (2026-05-14 to present): 3 matches, 2 wins",192,85,45,62,44.27,1.56,3,2,0,1,66.67,2,1,0,1,158316,Sutton United,117,National League,Sutton United - National League: won [2020/2021]; runner-up [],3,2,0,1,66.67,5906383,2026-08-22,8412,Scunthorpe United,117,National League,3-2,W,https://www.fotmob.com/players/633439/matt-gray,https://images.fotmob.com/image_resources/playerimages/633439.png,2026-08-23T04:30:07+00:00
2571,John McGrath,1980-03-27,46,Ireland,IRL,male,active,178,10195,FC Halifax Town,2026-05-20,,3,3,"207868, 161824, 10195","Mickleover Sports, Buxton, FC Halifax Town","Mickleover Sports (2016-07-01 to 2024-05-06): 317 matches, 136 wins | Buxton (2024-05-06 to 2026-05-20): 106 matches, 52 wins | FC Halifax Town (2026-05-20 to present): 4 matches, 2 wins",427,190,69,168,44.5,1.5,4,2,0,2,50,1.5,0,0,0,,,,,,6,3,0,3,50.0,5906384,2026-08-22,10254,Tamworth,117,National League,4-1,W,https://www.fotmob.com/players/2571/john-mcgrath,https://images.fotmob.com/image_resources/playerimages/2571.png,2026-08-23T04:30:07+00:00
23920,Robbie Savage,1974-10-18,51,Wales,WAL,male,active,185,9828,Forest Green Rovers,2025-07-01,,2,2,"8599, 9828","Macclesfield FC, Forest Green Rovers","Macclesfield FC (2024-06-18 to 2025-07-01): 49 matches, 40 wins | Forest Green Rovers (2025-07-01 to present): 59 matches, 30 wins",108,70,16,22,64.81,2.09,59,30,12,17,50.85,1.73,0,0,0,,,,,,6,2,1,3,33.33,5906385,2026-08-22,2488,Boreham Wood,117,National League,0-3,L,https://www.fotmob.com/players/23920/robbie-savage,https://images.fotmob.com/image_resources/playerimages/23920.png,2026-08-23T04:30:07+00:00
23979,Robert Elliot,1986-04-30,40,Ireland,IRL,male,active,190,10196,Carlisle United,2026-07-28,,4,3,"6189, 8647, 10196","Gateshead FC, Crawley Town, Carlisle United","Gateshead FC (2023-10-17 to 2024-10-02): 49 matches, 28 wins | Crawley Town (2024-10-02 to 2025-03-19): 33 matches, 6 wins | Gateshead FC (2026-01-02 to 2026-05-27): 22 matches, 9 wins | Carlisle United (2026-07-28 to present): 3 matches, 1 wins",107,44,20,43,41.12,1.42,3,1,1,1,33.33,1.33,0,0,0,,,,,,3,1,1,1,33.33,5906382,2026-08-22,4047,Hornchurch,117,National League,4-1,W,https://www.fotmob.com/players/23979/robert-elliot,https://images.fotmob.com/image_resources/playerimages/23979.png,2026-08-23T04:30:08+00:00
78626,David Moyes,1963-04-25,63,Scotland,SCO,male,active,,8668,Everton,2025-01-11,,7,5,"8668, 10260, 8560, 8472, 8654","Everton, Manchester United, Real Sociedad, Sunderland, West Ham United","Everton (2002-03-15 to 2013-05-31): 136 matches, 57 wins | Manchester United (2013-06-01 to 2014-04-22): 51 matches, 26 wins | Real Sociedad (2014-11-10 to 2015-11-09): 42 matches, 12 wins | Sunderland (2016-07-23 to 2017-05-22): 43 matches, 8 wins | West Ham United (2017-11-07 to 2018-05-16): 31 matches, 9 wins | West Ham United (2019-12-29 to 2024-06-30): 231 matches, 104 wins | Everton (2025-01-11 to present): 62 matches, 23 wins",596,239,146,211,40.1,1.45,62,23,17,22,37.1,1.39,3,0,3,"8654, 10260, 8411","West Ham United, Manchester United, Preston North End","10216, 247, 108","Conference League, Community Shield, League One",West Ham United - Conference League: won [2022/2023]; runner-up [] | Manchester United - Community Shield: won [2013/2014]; runner-up [] | Preston North End - League One: won [1999/2000]; runner-up [],40,14,11,15,35.0,5795365,2026-08-22,9826,Crystal Palace,47,Premier League,2-0,W,https://www.fotmob.com/players/78626/david-moyes,https://images.fotmob.com/image_resources/playerimages/78626.png,2026-08-23T04:30:08+00:00
849545,Daniel Farke,1976-10-30,49,Germany,GER,male,active,,8463,Leeds United,2023-07-04,,4,4,"8395, 9850, 9788, 8463","Borussia Dortmund II, Norwich City, Borussia Mönchengladbach, Leeds United","Borussia Dortmund II (2015-11-03 to 2017-05-25): 56 matches, 29 wins | Norwich City (2017-05-25 to 2021-11-07): 208 matches, 88 wins | Borussia Mönchengladbach (2022-07-01 to 2023-06-02): 36 matches, 12 wins | Leeds United (2023-07-04 to present): 149 matches, 77 wins",449,206,116,127,45.88,1.63,149,77,38,34,51.68,1.81,3,0,2,"8463, 9850","Leeds United, Norwich City",48,Championship,"Leeds United - Championship: won [2024/2025]; runner-up [] | Norwich City - Championship: won [2020/2021, 2018/2019]; runner-up []",43,13,17,13,30.23,5795367,2026-08-22,10203,Nottingham Forest,47,Premier League,0-1,W,https://www.fotmob.com/players/849545/daniel-farke,https://images.fotmob.com/image_resources/playerimages/849545.png,2026-08-23T04:30:08+00:00
23681,Luke Garrard,1985-09-22,40,England,ENG,male,active,,2488,Boreham Wood,2024-09-13,,2,1,2488,Boreham Wood,"Boreham Wood (2015-10-12 to 2024-06-30): 442 matches, 162 wins | Boreham Wood (2024-09-13 to present): 114 matches, 74 wins",556,236,150,170,42.45,1.54,114,74,15,25,64.91,2.08,0,0,0,,,,,,10,8,1,1,80.0,5906385,2026-08-22,9828,Forest Green Rovers,117,National League,0-3,W,https://www.fotmob.com/players/23681/luke-garrard,https://images.fotmob.com/image_resources/playerimages/23681.png,2026-08-23T04:30:08+00:00
42044,Roberto De Zerbi,1979-06-06,47,Italy,ITA,male,active,175,8586,Tottenham Hotspur,2026-03-31,,8,8,"6466, 8540, 6266, 7943, 9728, 10204, 8592, 8586","Foggia, Palermo, Benevento, Sassuolo, Shakhtar Donetsk, Brighton & Hove Albion, Marseille, Tottenham Hotspur","Foggia (2014-07-01 to 2016-08-14): 82 matches, 43 wins | Palermo (2016-09-06 to 2016-12-01): 13 matches, 1 wins | Benevento (2017-10-23 to 2018-06-30): 29 matches, 6 wins | Sassuolo (2018-07-01 to 2021-06-30): 120 matches, 43 wins | Shakhtar Donetsk (2021-07-01 to 2022-07-10): 29 matches, 19 wins | Brighton & Hove Albion (2022-09-20 to 2024-06-15): 89 matches, 38 wins | Marseille (2024-07-01 to 2026-02-10): 69 matches, 39 wins | Tottenham Hotspur (2026-03-31 to present): 8 matches, 3 wins",439,192,98,149,43.74,1.54,8,3,2,3,37.5,1.38,3,0,2,"9728, 6466","Shakhtar Donetsk, Foggia","-1, 441","Super Cup, Premier League, Coppa Italia Serie C",Shakhtar Donetsk - Super Cup: won [2021/2022]; runner-up [] | Shakhtar Donetsk - Premier League: won [2021/2022]; runner-up [] | Foggia - Coppa Italia Serie C: won [2015/2016]; runner-up [],10,4,2,4,40.0,5795368,2026-08-22,9937,Brentford,47,Premier League,3-0,L,https://www.fotmob.com/players/42044/roberto-de-zerbi,https://images.fotmob.com/image_resources/playerimages/42044.png,2026-08-23T04:30:08+00:00
43009,Oliver Glasner,1974-08-28,51,Austria,AUT,male,active,181,10203,Nottingham Forest,2026-07-06,,6,6,"10017, 9977, 8721, 9810, 9826, 10203","Ried, LASK, Wolfsburg, Eintracht Frankfurt, Crystal Palace, Nottingham Forest","Ried (2014-06-01 to 2015-05-25): 37 matches, 13 wins | LASK (2015-07-01 to 2019-06-30): 161 matches, 96 wins | Wolfsburg (2019-07-01 to 2021-06-30): 87 matches, 41 wins | Eintracht Frankfurt (2021-07-01 to 2023-06-04): 97 matches, 39 wins | Crystal Palace (2024-02-19 to 2026-06-02): 122 matches, 53 wins | Nottingham Forest (2026-07-06 to present): 1 matches, 0 wins",505,242,121,142,47.92,1.68,1,0,0,1,0,0,5,1,3,"9826, 9810, 9977","Crystal Palace, Eintracht Frankfurt, LASK","132, 10216, 247, 73, 119","FA Cup, Conference League, Community Shield, Europa League, 2. Liga",Crystal Palace - FA Cup: won [2024/2025]; runner-up [] | Crystal Palace - Conference League: won [2025/2026]; runner-up [] | Crystal Palace - Community Shield: won [2025/2026]; runner-up [] | Eintracht Frankfurt - Europa League: won [2021/2022]; runner-up [] | LASK - 2. Liga: won [2016/2017]; runner-up [2015/2016],7,0,3,4,0.0,5795367,2026-08-22,8463,Leeds United,47,Premier League,0-1,L,https://www.fotmob.com/players/43009/oliver-glasner,https://images.fotmob.com/image_resources/playerimages/43009.png,2026-08-23T04:30:08+00:00
1586853,Pierre Sage,1979-05-05,47,France,FRA,male,active,,9826,Crystal Palace,2026-06-15,,3,3,"9748, 8588, 9826","Lyon, Lens, Crystal Palace","Lyon (2023-11-30 to 2025-01-28): 56 matches, 33 wins | Lens (2025-06-02 to 2026-06-15): 40 matches, 28 wins | Crystal Palace (2026-06-15 to present): 1 matches, 0 wins",97,61,13,23,62.89,2.02,1,0,0,1,0,0,1,0,1,8588,Lens,134,Coupe de France,Lens - Coupe de France: won [2025/2026]; runner-up [],1,0,0,1,0.0,5795365,2026-08-22,8668,Everton,47,Premier League,2-0,L,https://www.fotmob.com/players/1586853/pierre-sage,https://images.fotmob.com/image_resources/playerimages/1586853.png,2026-08-23T04:30:08+00:00
25941,Nuno Espírito Santo,1974-01-25,52,Portugal,POR,male,active,190,8654,West Ham United,2025-09-27,,8,8,"7841, 10267, 9773, 8602, 8586, 8577, 10203, 8654","Rio Ave, Valencia, FC Porto, Wolverhampton Wanderers, Tottenham Hotspur, Al Ittihad, Nottingham Forest, West Ham United","Rio Ave (2012-07-01 to 2014-05-19): 80 matches, 32 wins | Valencia (2014-07-04 to 2015-11-30): 62 matches, 32 wins | FC Porto (2016-06-01 to 2017-05-22): 49 matches, 27 wins | Wolverhampton Wanderers (2017-05-31 to 2021-05-24): 199 matches, 96 wins | Tottenham Hotspur (2021-06-30 to 2021-11-01): 17 matches, 9 wins | Al Ittihad (2022-07-05 to 2023-11-07): 57 matches, 40 wins | Nottingham Forest (2023-12-20 to 2025-09-09): 73 matches, 32 wins | West Ham United (2025-09-27 to present): 40 matches, 13 wins",577,281,129,167,48.7,1.68,40,13,10,17,32.5,1.23,5,0,3,"8577, 8602, 10267","Al Ittihad, Wolverhampton Wanderers, Valencia","536, 10074, 48, 9543, -1","Saudi Pro League, Super Cup, Championship, Premier League Asia Trophy, Emirates Cup",Al Ittihad - Saudi Pro League: won [2022/2023]; runner-up [] | Al Ittihad - Super Cup: won [2022/2023]; runner-up [] | Wolverhampton Wanderers - Championship: won [2017/2018]; runner-up [] | Wolverhampton Wanderers - Premier League Asia Trophy: won [2019]; runner-up [] | Valencia - Emirates Cup: won [2014]; runner-up [],41,12,12,17,29.27,5836776,2026-08-22,8451,Charlton Athletic,48,Championship,1-2,L,https://www.fotmob.com/players/25941/nuno-espirito-santo,https://images.fotmob.com/image_resources/playerimages/25941.png,2026-08-23T04:30:08+00:00
51352,Eduardo Domínguez,1978-09-01,47,Argentina,ARG,male,active,185,10272,Atlético-MG,2026-02-26,,7,6,"10081, 10088, 8304, 10078, 10094, 10272","Huracan, Colon, Nacional, Independiente, Estudiantes, Atlético-MG","Huracan (2015-08-19 to 2016-09-30): 52 matches, 18 wins | Colon (2017-01-03 to 2018-11-12): 65 matches, 28 wins | Nacional (2018-12-26 to 2019-03-17): 9 matches, 3 wins | Colon (2020-03-10 to 2021-12-20): 56 matches, 28 wins | Independiente (2022-01-03 to 2022-07-15): 31 matches, 12 wins | Estudiantes (2023-03-08 to 2026-02-22): 164 matches, 75 wins | Atlético-MG (2026-02-26 to present): 34 matches, 17 wins",411,181,114,116,44.04,1.6,34,17,7,10,50,1.71,4,0,2,"10094, 8304","Estudiantes, Nacional","10053, 9305, -1","Trofeo de Campeones, Copa Argentina, Super Copa","Estudiantes - Trofeo de Campeones: won [2025, 2024]; runner-up [] | Estudiantes - Copa Argentina: won [2023]; runner-up [] | Nacional - Super Copa: won [2019]; runner-up []",0,0,0,0,,,,,,,,,,https://www.fotmob.com/players/51352/eduardo-dominguez,https://images.fotmob.com/image_resources/playerimages/51352.png,2026-08-23T04:30:08+00:00
1782707,Carlos Vicens,1983-02-12,43,Spain,ESP,male,active,,10264,Braga,2025-05-28,,2,2,"1113543, 10264","Manchester City U18, Braga","Manchester City U18 (2020-09-11 to 2021-06-30): 25 matches, 20 wins | Braga (2025-05-28 to present): 67 matches, 38 wins",92,58,21,13,63.04,2.12,67,38,17,12,56.72,1.96,0,0,0,,,,,,58,30,16,12,51.72,5988071,2026-08-20,10011,Austria Wien,10615,Conference League Qualification,2-0,W,https://www.fotmob.com/players/1782707/carlos-vicens,https://images.fotmob.com/image_resources/playerimages/1782707.png,2026-08-23T04:30:08+00:00
463539,Marko Nikolic,1979-07-20,47,Serbia,SRB,male,active,,8563,AEK Athens,2025-06-15,,12,9,"6067, 6406, 7998, 7872, 8036, 8710, 102119, 9760, 8563","Rad Beograd, Vojvodina, Partizan Beograd, Olimpija Ljubljana, Videoton FC Fehervar, Lokomotiv Moscow, Shabab Al-Ahli Dubai FC, CSKA Moscow, AEK Athens","Rad Beograd (2008-10-29 to 2011-05-23): 28 matches, 13 wins | Rad Beograd (2012-03-05 to 2013-06-07): 45 matches, 18 wins | Vojvodina (2013-06-07 to 2013-12-09): 24 matches, 12 wins | Partizan Beograd (2013-12-16 to 2015-03-25): 49 matches, 32 wins | Partizan Beograd (2015-03-11 to 2015-03-24): 22 matches, 16 wins | Olimpija Ljubljana (2016-01-11 to 2016-04-18): 8 matches, 4 wins | Partizan Beograd (2016-08-03 to 2017-06-02): 39 matches, 33 wins | Videoton FC Fehervar (2017-06-06 to 2019-11-25): 112 matches, 62 wins | Lokomotiv Moscow (2020-05-15 to 2021-10-05): 62 matches, 29 wins | Shabab Al-Ahli Dubai FC (2023-07-01 to 2024-05-28): 29 matches, 19 wins | CSKA Moscow (2024-06-04 to 2025-06-14): 43 matches, 26 wins | AEK Athens (2025-06-15 to present): 56 matches, 35 wins",517,299,124,94,57.83,1.97,56,35,14,7,62.5,2.12,9,2,6,"8563, 102119, 8710, 9760, 8036, 7998","AEK Athens, Shabab Al-Ahli Dubai FC, Lokomotiv Moscow, CSKA Moscow, Videoton FC Fehervar, Partizan Beograd","135, 11026, -1, 193, 183, 182","Super League 1, Super Cup, UAE-Qatar Super Shield, Russian Cup, NB I, Magyar Kupa, Kup Srbije, Super Liga",AEK Athens - Super League 1: won [2025/2026]; runner-up [] | Shabab Al-Ahli Dubai FC - Super Cup: won [2023/2024]; runner-up [] | Shabab Al-Ahli Dubai FC - UAE-Qatar Super Shield: won [2024]; runner-up [] | Lokomotiv Moscow - Russian Cup: won [2020/2021]; runner-up [] | CSKA Moscow - Russian Cup: won [2024/2025]; runner-up [] | Videoton FC Fehervar - NB I: won [2017/2018]; runner-up [2018/2019] | Videoton FC Fehervar - Magyar Kupa: won [2018/2019]; runner-up [] | Partizan Beograd - Kup Srbije: won [2016/2017]; runner-up [] | Partizan Beograd - Super Liga: won [2016/2017]; runner-up [2013/2014],51,33,12,6,64.71,5943225,2026-08-22,8675,Iraklis,135,Super League,4-0,W,https://www.fotmob.com/players/463539/marko-nikolic,https://images.fotmob.com/image_resources/playerimages/463539.png,2026-08-23T04:30:08+00:00
57072,Paulo Pezzolano,1983-04-25,43,Uruguay,URU,male,active,187,8702,Internacional,2025-12-18,,7,7,"395613, 2219, 7848, 9781, 10281, 9817, 8702","Montevideo City Torque, Liverpool FC, Pachuca, Cruzeiro, Real Valladolid, Watford, Internacional","Montevideo City Torque (2016-11-29 to 2017-12-10): 30 matches, 16 wins | Liverpool FC (2017-12-17 to 2019-11-25): 77 matches, 31 wins | Pachuca (2019-11-26 to 2021-11-25): 69 matches, 23 wins | Cruzeiro (2022-01-03 to 2023-03-29): 67 matches, 38 wins | Real Valladolid (2023-04-04 to 2024-12-01): 71 matches, 28 wins | Watford (2025-05-13 to 2025-10-08): 10 matches, 3 wins | Internacional (2025-12-18 to present): 40 matches, 17 wins",364,156,97,111,42.86,1.55,40,17,11,12,42.5,1.55,1,0,1,9781,Cruzeiro,8814,Série B,Cruzeiro - Série B: won [2022]; runner-up [],0,0,0,0,,,,,,,,,,https://www.fotmob.com/players/57072/paulo-pezzolano,https://images.fotmob.com/image_resources/playerimages/57072.png,2026-08-23T04:30:08+00:00
18385,Luis Zubeldía,1981-01-13,45,Argentina,ARG,male,active,,9863,Fluminense,2025-09-25,2026-08-13,12,10,"10082, 6453, 10080, 6721, 7857, 2528, 9866, 6295, 10277, 9863","Lanus, Barcelona SC, Racing Club, LDU de Quito, Santos Laguna, Independiente Medellin, Deportivo Alaves, Cerro Porteno, São Paulo, Fluminense","Lanus (2008-06-01 to 2010-11-14): 13 matches, 5 wins | Barcelona SC (2011-07-01 to 2012-04-12): 31 matches, 16 wins | Racing Club (2012-04-15 to 2013-08-25): 54 matches, 20 wins | LDU de Quito (2014-01-01 to 2015-12-22): 96 matches, 48 wins | Santos Laguna (2015-12-23 to 2016-08-16): 28 matches, 9 wins | Independiente Medellin (2017-01-01 to 2017-06-08): 28 matches, 17 wins | Deportivo Alaves (2017-07-01 to 2017-09-18): 4 matches, 0 wins | Cerro Porteno (2018-02-06 to 2018-08-21): 34 matches, 19 wins | Lanus (2018-09-15 to 2021-12-15): 122 matches, 53 wins | LDU de Quito (2022-04-22 to 2023-12-31): 73 matches, 41 wins | São Paulo (2024-04-20 to 2025-06-16): 84 matches, 38 wins | Fluminense (2025-09-25 to 2026-08-13): 61 matches, 29 wins",628,295,165,168,46.97,1.67,61,29,18,14,47.54,1.72,3,1,2,"6721, 10082","LDU de Quito, Lanus","299, 246, 112","Copa Sudamericana, Serie A, Liga Profesional",LDU de Quito - Copa Sudamericana: won [2023]; runner-up [] | LDU de Quito - Serie A: won [2023]; runner-up [2015] | Lanus - Liga Profesional: won [2007/2008 Apertura]; runner-up [],18,11,3,4,61.11,4965943,2025-12-14,10276,Vasco da Gama,9067,Cup,1-0,W,https://www.fotmob.com/players/18385/luis-zubeldia,https://images.fotmob.com/image_resources/playerimages/18385.png,2026-08-23T04:30:08+00:00
319788,Dorival Júnior,1962-04-25,64,Brazil,BRA,male,active,,10277,São Paulo,2026-05-18,,17,12,"8514, 10272, 8702, 9770, 10276, 9863, 10283, 10277, 10273, 172341, 8256, 9808","Santos FC, Atlético-MG, Internacional, Flamengo, Vasco da Gama, Fluminense, Palmeiras, São Paulo, Athletico Paranaense, Ceará, Brazil, Corinthians","Santos FC (2009-12-12 to 2010-09-22): 19 matches, 9 wins | Atlético-MG (2010-09-25 to 2011-08-08): 35 matches, 12 wins | Internacional (2011-08-17 to 2012-07-21): 43 matches, 18 wins | Flamengo (2012-07-26 to 2013-03-16): 27 matches, 8 wins | Vasco da Gama (2013-07-10 to 2013-10-29): 29 matches, 9 wins | Fluminense (2013-11-12 to 2013-12-22): 5 matches, 3 wins | Palmeiras (2014-09-06 to 2014-12-09): 20 matches, 6 wins | Santos FC (2015-07-10 to 2017-06-05): 94 matches, 55 wins | São Paulo (2017-07-06 to 2018-03-10): 3 matches, 3 wins | Flamengo (2018-09-28 to 2018-12-05): 12 matches, 7 wins | Athletico Paranaense (2019-12-27 to 2020-08-28): 11 matches, 3 wins | Ceará (2022-03-28 to 2022-06-10): 18 matches, 11 wins | Flamengo (2022-06-10 to 2022-11-25): 43 matches, 27 wins | São Paulo (2023-04-20 to 2024-01-07): 54 matches, 24 wins | Brazil (2024-01-07 to 2025-03-28): 16 matches, 7 wins | Corinthians (2025-04-28 to 2026-04-07): 66 matches, 27 wins | São Paulo (2026-05-18 to present): 10 matches, 2 wins",505,231,126,148,45.74,1.62,10,2,5,3,20,1.1,11,1,6,"9808, 10273, 9770, 8514, 8702, 10277","Corinthians, Athletico Paranaense, Flamengo, Santos FC, Internacional, São Paulo","10077, 9067, -1, 45, 10244, 491, 10274","Supercopa do Brasil, Copa do Brasil, Paranaense 1, Copa Libertadores, Paulista A1, Recopa Sudamericana, Gaúcho","Corinthians - Supercopa do Brasil: won [2026]; runner-up [] | Corinthians - Copa do Brasil: won [2025]; runner-up [] | Athletico Paranaense - Paranaense 1: won [2020]; runner-up [] | Flamengo - Copa Libertadores: won [2022]; runner-up [] | Flamengo - Copa do Brasil: won [2022]; runner-up [] | Santos FC - Paulista A1: won [2016, 2010]; runner-up [] | Santos FC - Copa do Brasil: won [2010]; runner-up [2015] | Internacional - Recopa Sudamericana: won [2011/2012]; runner-up [] | Internacional - Gaúcho: won [2012]; runner-up [] | São Paulo - Copa do Brasil: won [2023]; runner-up []",24,11,5,8,45.83,5045747,2025-12-21,10276,Vasco da Gama,9067,Cup,1-2,W,https://www.fotmob.com/players/319788/dorival-junior,https://images.fotmob.com/image_resources/playerimages/319788.png,2026-08-23T04:30:09+00:00
430002,Guillermo Almada,1969-06-18,57,Uruguay,URU,male,active,182,6576,CF America,2026-07-01,,7,7,"6381, 6453, 7857, 7848, 10281, 8670, 6576","River Plate, Barcelona SC, Santos Laguna, Pachuca, Real Valladolid, Real Oviedo, CF America","River Plate (2011-04-04 to 2015-06-09): 136 matches, 70 wins | Barcelona SC (2015-07-03 to 2019-04-14): 183 matches, 93 wins | Santos Laguna (2019-04-16 to 2021-11-30): 97 matches, 43 wins | Pachuca (2021-12-02 to 2025-05-28): 156 matches, 74 wins | Real Valladolid (2025-07-08 to 2025-12-15): 19 matches, 6 wins | Real Oviedo (2025-12-16 to 2026-06-30): 22 matches, 4 wins | CF America (2026-07-01 to present): 8 matches, 6 wins",621,296,153,172,47.67,1.68,8,6,1,1,75,2.38,3,1,2,"7848, 6453","Pachuca, Barcelona SC","230, 297, 246","Liga MX, CONCACAF Champions Cup, Serie A",Pachuca - Liga MX: won [2022/2023 Apertura]; runner-up [2021/2022 Clausura] | Pachuca - CONCACAF Champions Cup: won [2024]; runner-up [] | Barcelona SC - Serie A: won [2016]; runner-up [],42,11,14,17,26.19,5844873,2026-08-14,1218886,Austin FC,10043,Leagues Cup,1-1,D,https://www.fotmob.com/players/430002/guillermo-almada,https://images.fotmob.com/image_resources/playerimages/430002.png,2026-08-23T04:30:09+00:00
19483,Fernando Diniz,1974-03-27,52,Brazil,BRA,male,active,,9808,Corinthians,2026-04-07,,14,12,"162168, 10275, 163783, 508353, 10273, 9863, 10277, 8514, 10276, 8256, 9781, 9808","Guaratingueta, Parana Clube, Osasco Sporting, Audax Sao Paulo, Athletico Paranaense, Fluminense, São Paulo, Santos FC, Vasco da Gama, Brazil, Cruzeiro, Corinthians","Guaratingueta (2014-04-21 to 2014-12-01): 18 matches, 6 wins | Parana Clube (2015-07-11 to 2015-09-30): 17 matches, 7 wins | Osasco Sporting (2016-05-19 to 2017-01-01): 37 matches, 8 wins | Audax Sao Paulo (2017-01-01 to 2017-05-01): 2 matches, 1 wins | Athletico Paranaense (2018-01-02 to 2018-06-25): 12 matches, 2 wins | Fluminense (2018-12-24 to 2019-08-19): 29 matches, 11 wins | São Paulo (2019-09-27 to 2021-02-01): 64 matches, 30 wins | Santos FC (2021-05-08 to 2021-09-06): 32 matches, 12 wins | Vasco da Gama (2021-09-09 to 2021-11-12): 12 matches, 4 wins | Fluminense (2022-05-02 to 2024-06-24): 150 matches, 77 wins | Brazil (2023-07-05 to 2024-01-05): 6 matches, 2 wins | Cruzeiro (2024-09-23 to 2025-01-27): 18 matches, 4 wins | Vasco da Gama (2025-05-11 to 2026-02-23): 54 matches, 20 wins | Corinthians (2026-04-07 to present): 25 matches, 13 wins",476,197,123,156,41.39,1.5,25,13,7,5,52,1.84,4,0,2,"9863, 10273","Fluminense, Athletico Paranaense","45, 491, 10272, -1","Copa Libertadores, Recopa Sudamericana, Carioca, Paranaense 1",Fluminense - Copa Libertadores: won [2023]; runner-up [] | Fluminense - Recopa Sudamericana: won [2024]; runner-up [] | Fluminense - Carioca: won [2023]; runner-up [] | Athletico Paranaense - Paranaense 1: won [2018]; runner-up [],25,9,5,11,36.0,5045747,2025-12-21,9808,Corinthians,9067,Cup,1-2,L,https://www.fotmob.com/players/19483/fernando-diniz,https://images.fotmob.com/image_resources/playerimages/19483.png,2026-08-23T04:30:09+00:00
26831,Jens Berthel Askou,1982-08-19,44,Denmark,DEN,male,active,190,9941,Toulouse,2026-05-21,,6,6,"8615, 6652, 9814, 9893, 9927, 9941","Vendsyssel FF, HB Torshavn, AC Horsens, IFK Göteborg, Motherwell, Toulouse","Vendsyssel FF (2018-05-10 to 2019-05-20): 41 matches, 11 wins | HB Torshavn (2019-12-01 to 2021-01-04): 29 matches, 23 wins | AC Horsens (2021-01-04 to 2023-06-07): 90 matches, 35 wins | IFK Göteborg (2023-06-08 to 2024-06-15): 38 matches, 15 wins | Motherwell (2025-06-12 to 2026-05-21): 47 matches, 23 wins | Toulouse (2026-05-21 to present): 1 matches, 0 wins",246,107,57,82,43.5,1.54,1,0,0,1,0,0,3,0,2,"9814, 6652","AC Horsens, HB Torshavn","85, -1","1. Division, Løgmanssteypid, Meistaradeildin",AC Horsens - 1. Division: won [2021/2022]; runner-up [] | HB Torshavn - Løgmanssteypid: won [2020]; runner-up [] | HB Torshavn - Meistaradeildin: won [2020]; runner-up [],1,0,0,1,0.0,5802908,2026-08-22,9748,Lyon,53,Ligue 1,0-2,L,https://www.fotmob.com/players/26831/jens-berthel-askou,https://images.fotmob.com/image_resources/playerimages/26831.png,2026-08-23T04:30:09+00:00
1978507,Dmitriy Igdisamov,1986-07-20,40,Russia,RUS,male,active,,9760,CSKA Moscow,2026-05-04,,2,1,9760,CSKA Moscow,"CSKA Moscow (2026-05-04 to present):  matches,  wins | CSKA Moscow (2026-03-25 to 2026-05-03):  matches,  wins",0,0,0,0,,,,,,,,,0,0,0,,,,,,8,5,2,1,62.5,5847154,2026-08-22,8710,Lokomotiv Moscow,63,Premier League,3-2,W,https://www.fotmob.com/players/1978507/dmitriy-igdisamov,https://images.fotmob.com/image_resources/playerimages/1978507.png,2026-08-23T04:30:09+00:00
525613,Luís Castro,1961-09-03,64,Portugal,POR,male,active,,9769,Grêmio,2025-12-12,,11,11,"9773, 338304, 7841, 9774, 7844, 9728, 203826, 8517, 101918, 102111, 9769","FC Porto, FC Porto B, Rio Ave, Chaves, Vitoria de Guimaraes, Shakhtar Donetsk, Al-Duhail SC, Botafogo RJ, Al Nassr FC, Al-Wasl, Grêmio","FC Porto (2014-03-05 to 2014-05-11): 16 matches, 9 wins | FC Porto B (2014-07-01 to 2016-11-11): 106 matches, 48 wins | Rio Ave (2016-11-12 to 2017-06-30): 27 matches, 13 wins | Chaves (2017-07-01 to 2018-06-30): 37 matches, 14 wins | Vitoria de Guimaraes (2018-07-01 to 2019-06-12): 39 matches, 18 wins | Shakhtar Donetsk (2019-06-12 to 2021-05-12): 82 matches, 51 wins | Al-Duhail SC (2021-08-10 to 2022-03-19): 22 matches, 14 wins | Botafogo RJ (2022-03-27 to 2023-07-01): 82 matches, 42 wins | Al Nassr FC (2023-07-20 to 2024-09-17): 63 matches, 43 wins | Al-Wasl (2025-06-04 to 2025-11-06): 14 matches, 9 wins | Grêmio (2025-12-12 to present): 45 matches, 18 wins",533,279,106,148,52.35,1.77,45,18,13,14,40,1.49,4,1,4,"101918, 203826, 9728, 338304","Al Nassr FC, Al-Duhail SC, Shakhtar Donetsk, FC Porto B","10474, 11018, 441, 185","Arab Club Champions Cup, Amir of Qatar Cup, Premier League, Liga Portugal 2",Al Nassr FC - Arab Club Champions Cup: won [2023]; runner-up [] | Al-Duhail SC - Amir of Qatar Cup: won [2022]; runner-up [] | Shakhtar Donetsk - Premier League: won [2019/2020]; runner-up [2020/2021] | FC Porto B - Liga Portugal 2: won [2015/2016]; runner-up [],0,0,0,0,,,,,,,,,,https://www.fotmob.com/players/525613/luis-castro,https://images.fotmob.com/image_resources/playerimages/525613.png,2026-08-23T04:30:09+00:00
30538,Matías Almeyda,1973-12-21,52,Argentina,ARG,male,active,177,7849,Monterrey,2026-05-21,,7,7,"10076, 10087, 7807, 6603, 8563, 8302, 7849","River Plate, Banfield, Chivas, San Jose Earthquakes, AEK Athens, Sevilla, Monterrey","River Plate (2011-07-01 to 2012-11-28): 55 matches, 25 wins | Banfield (2013-04-01 to 2015-08-05): 97 matches, 43 wins | Chivas (2015-09-15 to 2018-05-31): 113 matches, 41 wins | San Jose Earthquakes (2019-01-01 to 2022-04-19): 103 matches, 33 wins | AEK Athens (2022-05-20 to 2025-05-13): 134 matches, 80 wins | Sevilla (2025-07-01 to 2026-03-23): 32 matches, 10 wins | Monterrey (2026-05-21 to present): 8 matches, 5 wins",542,237,140,165,43.73,1.57,8,5,0,3,62.5,1.88,9,2,4,"8563, 7807, 10087, 10076","AEK Athens, Chivas, Banfield, River Plate","145, 135, -1, 230, 297, 8965","Greece Cup, Super League 1, Copa MX, Liga MX, Supercopa MX, CONCACAF Champions Cup, Primera B Nacional","AEK Athens - Greece Cup: won [2022/2023]; runner-up [] | AEK Athens - Super League 1: won [2022/2023]; runner-up [2023/2024] | Chivas - Copa MX: won [2016/2017  Clausura, 2015/2016 Apertura]; runner-up [2016/2017 Apertura] | Chivas - Liga MX: won [2016/2017 Clausura]; runner-up [] | Chivas - Supercopa MX: won [2016]; runner-up [] | Chivas - CONCACAF Champions Cup: won [2018]; runner-up [] | Banfield - Primera B Nacional: won [2013/2014]; runner-up [] | River Plate - Primera B Nacional: won [2011/2012]; runner-up []",26,9,5,12,34.62,5844866,2026-08-13,915807,Nashville SC,10043,Leagues Cup,2-1,W,https://www.fotmob.com/players/30538/matias-almeyda,https://images.fotmob.com/image_resources/playerimages/30538.png,2026-08-23T04:30:09+00:00
12291,Branislav Fodrek,1981-02-05,45,Slovakia,SVK,male,active,182,10245,Slovan Liberec,2026-06-18,,3,3,"438778, 103598, 10245","Slovakia U17, DAC 1904 Dunajska Streda, Slovan Liberec","Slovakia U17 (2019-10-01 to 2024-06-30): 3 matches, 0 wins | DAC 1904 Dunajska Streda (2024-11-27 to 2026-06-03): 55 matches, 29 wins | Slovan Liberec (2026-06-18 to present): 5 matches, 3 wins",63,32,17,14,50.79,1.79,5,3,1,1,60,2,2,3,1,0,FC Petržalka,"176, -1","1. liga, Cup","FC Petržalka - 1. liga: won [2007/2008]; runner-up [2006/2007, 2005/2006] | FC Petržalka - Cup: won [2007/2008]; runner-up [2008/2009]",5,3,1,1,60.0,5831148,2026-08-22,1860,FC Zlin,122,1. Liga,0-1,W,https://www.fotmob.com/players/12291/branislav-fodrek,https://images.fotmob.com/image_resources/playerimages/12291.png,2026-08-23T04:30:09+00:00
243552,John van den Brom,1966-10-04,59,Netherlands,NED,male,active,,8611,FC Twente,2025-09-15,,10,9,"10217, 8277, 8635, 10229, 9908, 9987, 205686, 2182, 8611","ADO Den Haag, Vitesse, Anderlecht, AZ Alkmaar, FC Utrecht, Genk, Al-Taawoun, Lech Poznań, FC Twente","ADO Den Haag (2010-06-04 to 2011-06-30): 40 matches, 20 wins | Vitesse (2011-07-01 to 2012-06-30): 42 matches, 21 wins | Anderlecht (2012-06-01 to 2014-03-10): 95 matches, 52 wins | AZ Alkmaar (2014-09-29 to 2019-06-20): 216 matches, 117 wins | FC Utrecht (2019-07-01 to 2020-11-07): 39 matches, 20 wins | Genk (2020-11-09 to 2021-12-06): 60 matches, 28 wins | Al-Taawoun (2022-04-06 to 2022-05-07): 7 matches, 2 wins | Lech Poznań (2022-06-19 to 2023-12-17): 81 matches, 41 wins | Vitesse (2024-07-01 to 2025-06-30): 39 matches, 11 wins | FC Twente (2025-09-15 to present): 40 matches, 19 wins",659,331,138,190,50.23,1.72,40,19,14,7,47.5,1.77,4,0,2,"9987, 8635","Genk, Anderlecht","149, 40, 266","Belgian Cup, First Division A, Super Cup","Genk - Belgian Cup: won [2020/2021]; runner-up [] | Anderlecht - First Division A: won [2012/2013]; runner-up [] | Anderlecht - Super Cup: won [2013/2014, 2012/2013]; runner-up []",38,17,14,7,44.74,5988072,2026-08-20,7981,Qarabag FK,10615,Conference League Qualification,0-1,L,https://www.fotmob.com/players/243552/john-van-den-brom,https://images.fotmob.com/image_resources/playerimages/243552.png,2026-08-23T04:30:09+00:00
1142112,Tiago Margarido,1989-01-02,37,Portugal,POR,male,active,,7844,Vitoria de Guimaraes,2026-06-24,,3,3,"1722, 10214, 7844","Varzim, Nacional, Vitoria de Guimaraes","Varzim (2022-01-07 to 2023-02-12): 41 matches, 19 wins | Nacional (2023-07-01 to 2026-05-20): 114 matches, 45 wins | Vitoria de Guimaraes (2026-06-24 to present): 2 matches, 0 wins",157,64,33,60,40.76,1.43,2,0,0,2,0,0,0,0,0,,,,,,33,8,6,19,24.24,5887599,2026-08-14,9768,Sporting CP,61,Liga Portugal,3-2,L,https://www.fotmob.com/players/1142112/tiago-margarido,https://images.fotmob.com/image_resources/playerimages/1142112.png,2026-08-23T04:30:09+00:00
1233419,Leeroy Echteld,1968-06-30,58,Netherlands,NED,male,active,,10229,AZ Alkmaar,2026-01-18,,3,3,"183563, 681217, 10229","De Treffers, Jong AZ Alkmaar, AZ Alkmaar","De Treffers (2022-07-05 to 2024-01-18): 57 matches, 32 wins | Jong AZ Alkmaar (2024-01-23 to 2026-01-18): 77 matches, 28 wins | AZ Alkmaar (2026-01-18 to present): 29 matches, 16 wins",163,76,31,56,46.63,1.59,29,16,7,6,55.17,1.9,2,0,1,10229,AZ Alkmaar,"237, 235","Super Cup, KNVB Cup",AZ Alkmaar - Super Cup: won [2026/2027]; runner-up [] | AZ Alkmaar - KNVB Cup: won [2025/2026]; runner-up [],49,23,9,17,46.94,5781716,2026-08-22,6422,Fortuna Sittard,57,Eredivisie,0-2,W,https://www.fotmob.com/players/1233419/leeroy-echteld,https://images.fotmob.com/image_resources/playerimages/1233419.png,2026-08-23T04:30:09+00:00
761662,Imanol Idiakez,1972-03-14,54,Spain,ESP,male,active,,8385,Cadiz,2026-04-22,2026-08-11,11,9,"161741, 8380, 7861, 280654, 7797, 8394, 7854, 9783, 8385","Guijuelo, Real Union, Toledo, Lleida Esportiu, AEK Larnaca, Real Zaragoza, Leganes, Deportivo A Coruña, Cadiz","Guijuelo (2011-08-01 to 2012-05-31): 38 matches, 16 wins | Real Union (2012-06-07 to 2013-06-22): 38 matches, 14 wins | Toledo (2013-07-03 to 2014-06-19): 41 matches, 19 wins | Lleida Esportiu (2014-06-19 to 2016-06-26): 86 matches, 42 wins | AEK Larnaca (2016-06-01 to 2018-06-18): 100 matches, 61 wins | Real Zaragoza (2018-06-18 to 2018-10-22): 12 matches, 3 wins | AEK Larnaca (2019-01-17 to 2019-12-09): 37 matches, 19 wins | Leganes (2022-06-06 to 2023-04-03): 35 matches, 10 wins | Deportivo A Coruña (2023-07-01 to 2024-10-28): 54 matches, 27 wins | AEK Larnaca (2025-06-01 to 2026-03-03): 40 matches, 21 wins | Cadiz (2026-04-22 to 2026-08-11): 6 matches, 1 wins",487,233,134,120,47.84,1.71,6,1,2,3,16.67,0.83,4,0,3,"7797, 9783, 10205","AEK Larnaca, Deportivo A Coruña, Villarreal","521, 330, -1, 73","Super Cup, Cyprus Cup , Primera División RFEF, Europa League",AEK Larnaca - Super Cup: won [2025/2026]; runner-up [] | AEK Larnaca - Cyprus Cup : won [2017/2018]; runner-up [] | Deportivo A Coruña - Primera División RFEF: won [2023/2024]; runner-up [] | Villarreal - Europa League: won [2020/2021]; runner-up [],13,4,5,4,30.77,4837954,2026-05-31,8696,Racing Santander,140,LaLiga2,4-1,L,https://www.fotmob.com/players/761662/imanol-idiakez,https://images.fotmob.com/image_resources/playerimages/761662.png,2026-08-23T04:30:09+00:00
1729612,Rene Wagner,1988-07-17,38,Germany,GER,male,active,,8722,1. FC Köln,2026-03-22,,4,3,"8722, 8149, 9790","1. FC Köln, Union Berlin, Hamburger SV","1. FC Köln (2026-03-22 to present):  matches,  wins | Union Berlin (2024-12-30 to 2025-05-24):  matches,  wins | Hamburger SV (2024-02-20 to 2024-11-24):  matches,  wins | 1. FC Köln (2021-07-01 to 2024-01-02):  matches,  wins",0,0,0,0,,,,,,,,,0,0,0,,,,,,7,1,3,3,14.29,4829613,2026-05-16,9823,Bayern München,54,Bundesliga,5-1,L,https://www.fotmob.com/players/1729612/rene-wagner,https://images.fotmob.com/image_resources/playerimages/1729612.png,2026-08-23T04:30:09+00:00
580592,Rubi,1970-02-05,56,Spain,ESP,male,active,,9865,Almeria,2024-06-03,2026-06-30,9,8,"7732, 10281, 8581, 9869, 96925, 8558, 8603, 9865","Girona, Real Valladolid, Levante, Sporting Gijon, SD Huesca, Espanyol, Real Betis, Almeria","Girona (2012-07-01 to 2013-06-28): 47 matches, 22 wins | Real Valladolid (2014-06-03 to 2015-06-18): 48 matches, 23 wins | Levante (2015-10-28 to 2016-06-30): 31 matches, 7 wins | Sporting Gijon (2017-01-19 to 2017-06-30): 20 matches, 4 wins | SD Huesca (2017-07-01 to 2018-06-03): 43 matches, 21 wins | Espanyol (2018-06-03 to 2019-06-05): 44 matches, 16 wins | Real Betis (2019-06-06 to 2020-06-21): 33 matches, 10 wins | Almeria (2021-04-28 to 2023-06-30): 92 matches, 40 wins | Almeria (2024-06-03 to 2026-06-30): 96 matches, 46 wins",454,189,112,153,41.63,1.5,96,46,23,27,47.92,1.68,1,0,1,9865,Almeria,140,LaLiga2,Almeria - LaLiga2: won [2021/2022]; runner-up [],45,23,9,13,51.11,5767191,2026-06-20,9864,Malaga,140,LaLiga2 Playoff,1-2,L,https://www.fotmob.com/players/580592/rubi,https://images.fotmob.com/image_resources/playerimages/580592.png,2026-08-23T04:30:10+00:00
1611908,Merlin Polzin,1990-11-07,35,Germany,GER,male,active,,9790,Hamburger SV,2024-11-24,,2,1,9790,Hamburger SV,"Hamburger SV (2024-02-12 to 2024-02-19): 1 matches, 0 wins | Hamburger SV (2024-11-24 to present): 58 matches, 22 wins",59,22,18,19,37.29,1.42,58,22,17,19,37.93,1.43,0,0,0,,,,,,36,10,12,14,27.78,4829612,2026-05-16,8178,Bayer Leverkusen,54,Bundesliga,1-1,D,https://www.fotmob.com/players/1611908/merlin-polzin,https://images.fotmob.com/image_resources/playerimages/1611908.png,2026-08-23T04:30:10+00:00
188116,Guido Pizarro,1990-02-26,36,Argentina,ARG,male,active,185,8561,Tigres,2025-03-03,2026-07-28,1,1,8561,Tigres,"Tigres (2025-03-03 to 2026-07-28): 74 matches, 33 wins",74,33,22,19,44.59,1.64,74,33,22,19,44.59,1.64,0,0,0,,,,,,50,22,17,11,44.0,5844863,2026-08-12,307691,Vancouver Whitecaps,10043,Leagues Cup,1-1,D,https://www.fotmob.com/players/188116/guido-pizarro,https://images.fotmob.com/image_resources/playerimages/188116.png,2026-08-23T04:30:10+00:00
40965,Pedro Emanuel,1975-02-11,51,Portugal,POR,male,active,,10276,Vasco da Gama,2026-07-10,,11,11,"10215, 158085, 8003, 7842, 205686, 9865, 102117, 101918, 550433, 582749, 10276","Academica, Arouca, Apollon Limassol, Estoril, Al-Taawoun, Almeria, Al-Ain, Al Nassr FC, Al Khaleej, Al-Fayha, Vasco da Gama","Academica (2011-06-14 to 2013-04-08): 80 matches, 22 wins | Arouca (2013-06-06 to 2015-05-31): 75 matches, 20 wins | Apollon Limassol (2015-06-09 to 2016-12-11): 50 matches, 29 wins | Estoril (2017-03-08 to 2017-10-21): 22 matches, 7 wins | Al-Taawoun (2018-07-01 to 2019-06-30): 35 matches, 21 wins | Almeria (2019-08-04 to 2019-11-04): 14 matches, 6 wins | Al-Ain (2020-01-04 to 2021-06-07): 44 matches, 20 wins | Al Nassr FC (2021-10-01 to 2021-11-10): 5 matches, 1 wins | Al Khaleej (2022-07-03 to 2024-06-30): 69 matches, 21 wins | Al-Fayha (2024-12-10 to 2026-05-22): 57 matches, 17 wins | Vasco da Gama (2026-07-10 to present): 10 matches, 3 wins",461,167,116,178,36.23,1.34,10,3,5,2,30,1.4,4,0,3,"205686, 8003, 10215","Al-Taawoun, Apollon Limassol, Academica","9942, 521, 330, 186","King's Cup, Super Cup, Cyprus Cup , Taça de Portugal",Al-Taawoun - King's Cup: won [2019]; runner-up [] | Apollon Limassol - Super Cup: won [2016/2017]; runner-up [] | Apollon Limassol - Cyprus Cup : won [2015/2016]; runner-up [] | Academica - Taça de Portugal: won [2011/2012]; runner-up [],34,10,8,16,29.41,4927603,2026-05-21,2529,Al Hilal,536,Saudi Pro League,0-1,L,https://www.fotmob.com/players/40965/pedro-emanuel,https://images.fotmob.com/image_resources/playerimages/40965.png,2026-08-23T04:30:10+00:00
1565317,Danny Röhl,1989-04-28,37,Germany,GER,male,active,,10013,Salzburg,2026-06-17,,3,3,"10163, 8548, 10013","Sheffield Wednesday, Rangers, Salzburg","Sheffield Wednesday (2023-10-13 to 2025-07-29): 89 matches, 34 wins | Rangers (2025-10-20 to 2026-06-17): 40 matches, 22 wins | Salzburg (2026-06-17 to present): 7 matches, 5 wins",136,61,28,47,44.85,1.55,7,5,2,0,71.43,2.43,0,0,0,,,,,,45,25,10,10,55.56,5987961,2026-08-20,8127,Mjällby,10613,Europa League Qualification,0-1,W,https://www.fotmob.com/players/1565317/danny-rohl,https://images.fotmob.com/image_resources/playerimages/1565317.png,2026-08-23T04:30:10+00:00
30939,Mauro Lustrinelli,1976-02-26,50,Switzerland,SUI,male,active,173,8149,Union Berlin,2026-07-01,,4,2,"10191, 5854","Thun, Switzerland U21","Thun (2012-11-22 to 2012-12-31): 2 matches, 1 wins | Thun (2017-03-27 to 2017-06-30): 11 matches, 5 wins | Switzerland U21 (2018-03-26 to 2022-06-30): 27 matches, 18 wins | Thun (2022-06-16 to 2026-05-21): 157 matches, 85 wins",197,109,39,49,55.33,1.86,,,,,,,2,1,1,10191,Thun,"163, 69","Challenge League, Super League",Thun - Challenge League: won [2024/2025]; runner-up [2023/2024] | Thun - Super League: won [2025/2026]; runner-up [],35,21,3,11,60.0,5292698,2026-05-17,10190,St. Gallen,69,Super League Championship Group,1-1,D,https://www.fotmob.com/players/30939/mauro-lustrinelli,https://images.fotmob.com/image_resources/playerimages/30939.png,2026-08-23T04:30:10+00:00
862636,Christophe Pélissier,1965-10-05,60,France,FRA,male,active,,8583,Auxerre,2022-10-26,2026-06-04,3,3,"8587, 8689, 8583","Amiens, Lorient, Auxerre","Amiens (2014-12-31 to 2019-05-28): 173 matches, 60 wins | Lorient (2019-05-29 to 2022-06-26): 111 matches, 40 wins | Auxerre (2022-10-26 to 2026-06-04): 140 matches, 50 wins",424,150,110,164,35.38,1.32,140,50,38,52,35.71,1.34,2,0,2,"8689, 8583","Lorient, Auxerre",110,Ligue 2,Lorient - Ligue 2: won [2019/2020]; runner-up [] | Auxerre - Ligue 2: won [2023/2024]; runner-up [],33,7,10,16,21.21,4830756,2026-05-17,8639,Lille,53,Ligue 1,0-2,W,https://www.fotmob.com/players/862636/christophe-pelissier,https://images.fotmob.com/image_resources/playerimages/862636.png,2026-08-23T04:30:10+00:00
7528,Miron Muslic,1982-09-14,43,Austria,AUT,male,active,184,10189,Schalke 04,2025-05-31,,6,5,"10017, 8274, 9984, 8401, 10189","Ried, Floridsdorfer AC, Cercle Brugge, Plymouth Argyle, Schalke 04","Ried (2018-11-20 to 2018-12-31): 1 matches, 1 wins | Floridsdorfer AC (2020-08-01 to 2020-12-31): 16 matches, 7 wins | Ried (2021-01-22 to 2021-03-31): 10 matches, 0 wins | Cercle Brugge (2022-09-19 to 2024-12-02): 101 matches, 43 wins | Plymouth Argyle (2025-01-10 to 2025-05-31): 24 matches, 9 wins | Schalke 04 (2025-05-31 to present): 36 matches, 22 wins",188,82,41,65,43.62,1.53,36,22,7,7,61.11,2.03,0,0,0,,,,,,33,20,7,6,60.61,4829957,2026-05-17,9776,Eintracht Braunschweig,146,2. Bundesliga,1-0,W,https://www.fotmob.com/players/7528/miron-muslic,https://images.fotmob.com/image_resources/playerimages/7528.png,2026-08-23T04:30:10+00:00
1135660,Nicolas Usaï,1974-05-01,52,France,FRA,male,active,,9837,Reims,2026-05-21,,7,7,"276317, 9856, 9854, 6394, 47211, 6355, 9837","Athletico Marseille, Sedan, Chateauroux, Nimes, Orléans, Pau, Reims","Athletico Marseille (2014-10-28 to 2016-08-30): 68 matches, 31 wins | Sedan (2016-11-10 to 2018-06-30): 24 matches, 8 wins | Chateauroux (2018-11-11 to 2020-12-13): 71 matches, 22 wins | Nimes (2022-01-05 to 2022-11-16): 35 matches, 13 wins | Orléans (2022-12-01 to 2023-06-19): 21 matches, 7 wins | Pau (2023-06-20 to 2026-01-24): 99 matches, 34 wins | Reims (2026-05-21 to present): 2 matches, 0 wins",320,115,81,124,35.94,1.33,2,0,2,0,0,1,0,0,0,,,,,,20,6,8,6,30.0,5803225,2026-08-14,47214,Dunkerque,110,Ligue 2,3-3,D,https://www.fotmob.com/players/1135660/nicolas-usai,https://images.fotmob.com/image_resources/playerimages/1135660.png,2026-08-23T04:30:10+00:00
27365,Nuri Sahin,1988-09-05,37,Turkiye,TUR,male,active,179,1933,Başakşehir,2025-09-15,,3,3,"1931, 9789, 1933","Antalyaspor, Borussia Dortmund, Başakşehir","Antalyaspor (2021-10-13 to 2023-12-29): 94 matches, 39 wins | Borussia Dortmund (2024-06-14 to 2025-01-22): 27 matches, 12 wins | Başakşehir (2025-09-15 to present): 38 matches, 19 wins",159,70,35,54,44.03,1.54,38,19,8,11,50,1.71,0,0,0,,,,,,34,17,8,9,50.0,5904706,2026-08-16,1569,Kocaelispor,71,Super Lig,2-0,W,https://www.fotmob.com/players/27365/nuri-sahin,https://images.fotmob.com/image_resources/playerimages/27365.png,2026-08-23T04:30:10+00:00
638888,Juan Carlos Carcedo,1973-08-18,53,Spain,ESP,male,active,,,,,,0,0,,,,0,0,0,0,,,,,,,,,0,0,0,,,,,,24,11,7,6,45.83,5847143,2026-08-16,49694,Baltika,63,Premier League,1-2,W,https://www.fotmob.com/players/638888/juan-carlos-carcedo,https://images.fotmob.com/image_resources/playerimages/638888.png,2026-08-23T04:30:10+00:00
41334,Alexandre Dujeux,1976-01-08,50,France,FRA,male,active,,8689,Lorient,2026-06-09,,3,3,"8575, 8121, 8689","Tours, Angers, Lorient","Tours (2014-10-22 to 2015-06-30): 31 matches, 12 wins | Angers (2023-03-11 to 2026-06-03): 127 matches, 47 wins | Lorient (2026-06-09 to present): 1 matches, 0 wins",159,59,34,66,37.11,1.33,1,0,1,0,0,1,0,0,0,,,,,,7,3,2,2,42.86,5802906,2026-08-22,9831,Nice,53,Ligue 1,0-0,D,https://www.fotmob.com/players/41334/alexandre-dujeux,https://images.fotmob.com/image_resources/playerimages/41334.png,2026-08-23T04:30:10+00:00
2858,Pacheta,1968-03-23,58,Spain,ESP,male,active,,,,,,0,0,,,,0,0,0,0,,,,,,,,,0,0,0,,,,,,42,12,13,17,28.57,5868401,2026-08-15,8670,Real Oviedo,140,LaLiga2,0-0,D,https://www.fotmob.com/players/2858/pacheta,https://images.fotmob.com/image_resources/playerimages/2858.png,2026-08-23T04:30:10+00:00
1330084,Vítor Bruno,1982-12-02,43,Portugal,POR,male,active,,8635,Anderlecht,2026-06-23,,2,2,"9773, 8635","FC Porto, Anderlecht","FC Porto (2024-06-06 to 2025-01-20): 29 matches, 18 wins | Anderlecht (2026-06-23 to present): 7 matches, 5 wins",36,23,4,9,63.89,2.03,7,5,1,1,71.43,2.29,10,4,1,9773,FC Porto,"186, 188, 61, 187","Taça de Portugal, Super Cup, Liga Portugal, League Cup","FC Porto - Taça de Portugal: won [2023/2024, 2022/2023, 2021/2022, 2019/2020]; runner-up [] | FC Porto - Super Cup: won [2024/2025, 2022/2023, 2020/2021]; runner-up [2023/2024] | FC Porto - Liga Portugal: won [2021/2022, 2019/2020]; runner-up [2022/2023, 2020/2021] | FC Porto - League Cup: won [2022/2023]; runner-up [2019/2020]",7,5,1,1,71.43,5987962,2026-08-20,8037,Kairat Almaty,10613,Europa League Qualification,0-3,W,https://www.fotmob.com/players/1330084/vitor-bruno,https://images.fotmob.com/image_resources/playerimages/1330084.png,2026-08-23T04:30:11+00:00
319981,Cuca,1963-06-07,63,Brazil,BRA,male,active,,8514,Santos FC,2026-03-19,,1,1,8514,Santos FC,"Santos FC (2026-03-19 to present): 30 matches, 11 wins",30,11,11,8,36.67,1.47,30,11,11,8,36.67,1.47,12,1,5,"10273, 10272, 8623, 9781, 10283","Athletico Paranaense, Atlético-MG, Shandong Taishan, Cruzeiro, Palmeiras","-1, 45, 10273, 9067, 268, 9491, 9550","Paranaense 1, Copa Libertadores, Mineiro, Copa do Brasil, Série A, Super Cup, Chinese FA Cup","Athletico Paranaense - Paranaense 1: won [2024]; runner-up [] | Atlético-MG - Copa Libertadores: won [2013]; runner-up [] | Atlético-MG - Mineiro: won [2025, 2021, 2013, 2012]; runner-up [] | Atlético-MG - Copa do Brasil: won [2021]; runner-up [] | Atlético-MG - Série A: won [2021]; runner-up [2012] | Shandong Taishan - Super Cup: won [2015]; runner-up [] | Shandong Taishan - Chinese FA Cup: won [2014]; runner-up [] | Cruzeiro - Mineiro: won [2011]; runner-up [] | Palmeiras - Série A: won [2016]; runner-up []",4,1,0,3,25.0,4732692,2025-08-31,7733,Vitória,268,Serie A,1-0,L,https://www.fotmob.com/players/319981/cuca,https://images.fotmob.com/image_resources/playerimages/319981.png,2026-08-23T04:30:11+00:00
37395,Martin Hysky,1975-09-25,50,Czechia,CZE,male,active,,6033,Viktoria Plzen,2025-10-15,,4,4,"408784, 175807, 143833, 6033","Slavia Prague U19, FC Vlasim, Karvina, Viktoria Plzen","Slavia Prague U19 (2019-07-01 to 2021-06-30): 6 matches, 3 wins | FC Vlasim (2021-07-01 to 2024-06-11): 97 matches, 38 wins | Karvina (2024-06-12 to 2025-10-15): 46 matches, 18 wins | Viktoria Plzen (2025-10-15 to present): 39 matches, 18 wins",188,77,44,67,40.96,1.46,39,18,12,9,46.15,1.69,0,0,0,,,,,,43,19,13,11,44.19,5987958,2026-08-20,8687,FK Crvena Zvezda,10613,Europa League Qualification,3-0,L,https://www.fotmob.com/players/37395/martin-hysky,https://images.fotmob.com/image_resources/playerimages/37395.png,2026-08-23T04:30:11+00:00
1183184,Rik De Mil,1981-09-15,44,Belgium,BEL,male,active,,9991,Gent,2025-12-10,,6,6,"1173026, 681685, 8342, 10001, 9986, 9991","Club Brugge NXT, Club Brugge U19, Club Brugge, Westerlo, Sporting Charleroi, Gent","Club Brugge NXT (2018-01-08 to 2022-06-15): 28 matches, 2 wins | Club Brugge U19 (2018-07-01 to 2022-08-31): 20 matches, 8 wins | Club Brugge (2023-03-12 to 2023-05-25): 10 matches, 5 wins | Westerlo (2023-12-12 to 2024-03-19): 13 matches, 4 wins | Sporting Charleroi (2024-03-22 to 2025-12-10): 69 matches, 29 wins | Gent (2025-12-10 to present): 32 matches, 12 wins",172,60,42,70,34.88,1.29,32,12,10,10,37.5,1.44,0,0,0,,,,,,45,15,13,17,33.33,5988063,2026-08-20,10251,Hibernian,10615,Conference League Qualification,0-0,D,https://www.fotmob.com/players/1183184/rik-de-mil,https://images.fotmob.com/image_resources/playerimages/1183184.png,2026-08-23T04:30:11+00:00
574222,Michalis Grigoriou,1973-12-19,52,Greece,GRE,male,active,,8239,Aris Thessaloniki,2026-02-26,,9,8,"104814, 10187, 8170, 8120, 162389, 8552, 1620, 8239","Panserraikos FC, Atromitos, Panionios, AE Larissa, Lamia, Ionikos, PAS Giannina, Aris Thessaloniki","Panserraikos FC (2012-01-23 to 2013-06-30): 63 matches, 31 wins | Atromitos (2015-06-14 to 2015-11-03): 13 matches, 5 wins | Panionios (2017-07-01 to 2018-06-30): 43 matches, 17 wins | AE Larissa (2019-08-09 to 2020-11-23): 42 matches, 10 wins | Lamia (2020-12-15 to 2022-03-02): 55 matches, 16 wins | Ionikos (2023-01-26 to 2023-06-30): 14 matches, 5 wins | PAS Giannina (2023-12-19 to 2024-04-23): 17 matches, 2 wins | Panserraikos FC (2024-05-30 to 2024-09-16): 4 matches, 0 wins | Aris Thessaloniki (2026-02-26 to present): 11 matches, 6 wins",262,92,71,99,35.11,1.32,11,6,3,2,54.55,1.91,0,0,0,,,,,,11,6,3,2,54.55,5943226,2026-08-22,1585,Kalamata,135,Super League,2-3,W,https://www.fotmob.com/players/574222/michalis-grigoriou,https://images.fotmob.com/image_resources/playerimages/574222.png,2026-08-23T04:30:11+00:00
78712,Marco Giampaolo,1967-08-02,59,Italy,ITA,male,active,,7801,Cremonese,2026-03-18,,10,8,"8530, 9858, 7801, 8534, 9882, 8564, 9804, 9888","Catania, Brescia, Cremonese, Empoli, Sampdoria, Milan, Torino, Lecce","Catania (2010-07-01 to 2011-01-18): 23 matches, 7 wins | Brescia (2013-07-02 to 2013-09-25): 8 matches, 2 wins | Cremonese (2014-11-17 to 2015-06-15): 26 matches, 9 wins | Empoli (2015-06-15 to 2016-06-30): 39 matches, 12 wins | Sampdoria (2016-07-04 to 2019-06-15): 123 matches, 49 wins | Milan (2019-07-01 to 2019-10-08): 7 matches, 3 wins | Torino (2020-08-07 to 2021-01-18): 21 matches, 4 wins | Sampdoria (2022-01-19 to 2022-10-02): 24 matches, 6 wins | Lecce (2024-11-11 to 2025-06-10): 26 matches, 6 wins | Cremonese (2026-03-18 to present): 11 matches, 4 wins",308,102,75,131,33.12,1.24,11,4,1,6,36.36,1.18,0,0,0,,,,,,10,3,1,6,30.0,5967043,2026-08-22,8534,Empoli,86,Serie B,1-0,L,https://www.fotmob.com/players/78712/marco-giampaolo,https://images.fotmob.com/image_resources/playerimages/78712.png,2026-08-23T04:30:11+00:00
899564,Mikhail Galaktionov,1984-05-21,42,Russia,RUS,male,active,,8710,Lokomotiv Moscow,2022-11-14,,6,5,"6587, 8708, 6586, 657508, 8710","Russia U17, FK Akhmat, Russia U21, Nizhny Novgorod, Lokomotiv Moscow","Russia U17 (2014-07-01 to 2015-06-30): 5 matches, 2 wins | Russia U17 (2015-10-06 to 2015-12-31): 4 matches, 2 wins | FK Akhmat (2017-10-31 to 2018-04-08): 9 matches, 2 wins | Russia U21 (2019-08-22 to 2021-12-31): 13 matches, 8 wins | Nizhny Novgorod (2022-06-15 to 2022-11-12): 21 matches, 8 wins | Lokomotiv Moscow (2022-11-14 to present): 145 matches, 72 wins",197,94,47,56,47.72,1.67,145,72,36,37,49.66,1.74,0,0,0,,,,,,34,11,14,9,32.35,5847154,2026-08-22,9760,CSKA Moscow,63,Premier League,3-2,L,https://www.fotmob.com/players/899564/mikhail-galaktionov,https://images.fotmob.com/image_resources/playerimages/899564.png,2026-08-23T04:30:11+00:00
1381501,Fabio Ingolitsch,1992-04-10,34,Austria,AUT,male,active,,10014,Sturm Graz,2025-12-29,,4,4,"675920, 1915, 10008, 10014","Salzburg U19, FC Liefering, Altach, Sturm Graz","Salzburg U19 (2022-03-01 to 2023-06-30): 12 matches, 6 wins | FC Liefering (2022-05-27 to 2023-06-30): 30 matches, 11 wins | Altach (2024-10-09 to 2025-12-28): 43 matches, 11 wins | Sturm Graz (2025-12-29 to present): 27 matches, 13 wins",112,41,30,41,36.61,1.37,27,13,9,5,48.15,1.78,1,0,1,0,Red Bull Akademie Under 18 (FC S,-1,Jugendliga U18,Red Bull Akademie Under 18 (FC S - Jugendliga U18: won [2020/2021]; runner-up [],29,13,10,6,44.83,5845971,2026-08-22,9982,Austria Lustenau,38,Bundesliga,1-1,D,https://www.fotmob.com/players/1381501/fabio-ingolitsch,https://images.fotmob.com/image_resources/playerimages/1381501.png,2026-08-23T04:30:11+00:00
33128,Didier Digard,1986-07-12,40,France,FRA,male,active,183,9746,Le Havre,2024-07-01,,2,2,"9831, 9746","Nice, Le Havre","Nice (2023-01-09 to 2023-06-30): 25 matches, 12 wins | Le Havre (2024-07-01 to present): 70 matches, 17 wins",95,29,26,40,30.53,1.19,70,17,18,35,24.29,0.99,0,0,0,,,,,,33,7,14,12,21.21,4830757,2026-05-17,8689,Lorient,53,Ligue 1,0-2,W,https://www.fotmob.com/players/33128/didier-digard,https://images.fotmob.com/image_resources/playerimages/33128.png,2026-08-23T04:30:11+00:00
36364,Sandro Schwarz,1978-10-17,47,Germany,GER,male,active,187,9763,Dinamo Moscow,2026-05-23,,6,5,"8397, 9905, 9763, 8177, 6514","Mainz 05 II, Mainz 05, Dinamo Moscow, Hertha BSC, Red Bull New York","Mainz 05 II (2015-02-17 to 2017-05-31): 90 matches, 28 wins | Mainz 05 (2017-05-31 to 2019-11-10): 86 matches, 28 wins | Dinamo Moscow (2020-10-19 to 2022-05-30): 57 matches, 32 wins | Hertha BSC (2022-07-01 to 2023-04-16): 29 matches, 5 wins | Red Bull New York (2024-02-02 to 2025-10-27): 81 matches, 31 wins | Dinamo Moscow (2026-05-23 to present): 6 matches, 2 wins",349,126,77,146,36.1,1.3,6,2,1,3,33.33,1.17,0,0,0,,,,,,11,2,2,7,18.18,5847150,2026-08-16,8698,Zenit St. Petersburg,63,Premier League,3-0,L,https://www.fotmob.com/players/36364/sandro-schwarz,https://images.fotmob.com/image_resources/playerimages/36364.png,2026-08-23T04:30:11+00:00
38786,Faris Haroun,1985-09-22,40,Belgium,BEL,male,active,188,9988,Royal Antwerp,2026-05-17,2026-08-02,2,1,9988,Royal Antwerp,"Royal Antwerp (2025-11-23 to 2025-12-01): 2 matches, 1 wins | Royal Antwerp (2026-05-17 to 2026-08-02): 2 matches, 1 wins",4,2,1,1,50.0,1.75,2,1,1,0,50,2,0,0,0,,,,,,5,4,1,0,80.0,5811721,2026-08-15,8571,Kortrijk,40,Belgian Pro League,0-3,W,https://www.fotmob.com/players/38786/faris-haroun,https://images.fotmob.com/image_resources/playerimages/38786.png,2026-08-23T04:30:11+00:00
27525,Balázs Borbély,1979-10-02,46,Slovakia,SVK,male,active,183,8222,Ferencvaros,2026-06-01,,3,3,"10184, 5755, 8222","FC Petrzalka 1898, Györi ETO, Ferencvaros","FC Petrzalka 1898 (2017-07-01 to 2019-04-09): 22 matches, 8 wins | Györi ETO (2024-04-27 to 2026-05-29): 76 matches, 39 wins | Ferencvaros (2026-06-01 to present): 10 matches, 6 wins",108,53,30,25,49.07,1.75,10,6,3,1,60,2.1,0,0,0,,,,,,40,25,9,6,62.5,5987955,2026-08-20,9752,Trabzonspor,10613,Europa League Qualification,0-1,W,https://www.fotmob.com/players/27525/balazs-borbely,https://images.fotmob.com/image_resources/playerimages/27525.png,2026-08-23T04:30:11+00:00
1859051,Filipe Coelho,1985-01-26,41,Portugal,POR,male,active,,212821,Casa Pia AC,2026-07-05,,2,2,"773652, 212821","Chelsea U21, Casa Pia AC","Chelsea U21 (2024-07-11 to 2025-07-28): 25 matches, 14 wins | Casa Pia AC (2026-07-05 to present): 2 matches, 0 wins",27,14,2,11,51.85,1.63,2,0,0,2,0,0,0,0,0,,,,,,2,0,0,2,0.0,5887595,2026-08-17,9772,Benfica,61,Liga Portugal,0-7,L,https://www.fotmob.com/players/1859051/filipe-coelho,https://images.fotmob.com/image_resources/playerimages/1859051.png,2026-08-23T04:30:11+00:00
38459,Rodolfo Arruabarrena,1975-07-20,51,Argentina,ARG,male,active,178,10077,Boca Juniors,2026-06-18,,10,9,"89396, 8304, 10077, 102111, 101898, 102119, 517894, 5789, 205686","Tigre, Nacional, Boca Juniors, Al-Wasl, Al-Rayyan, Shabab Al-Ahli Dubai FC, Pyramids FC, UAE, Al-Taawoun","Tigre (2010-12-31 to 2012-10-22): 72 matches, 26 wins | Nacional (2013-04-06 to 2013-12-16): 27 matches, 15 wins | Boca Juniors (2014-08-29 to 2016-02-29): 75 matches, 47 wins | Al-Wasl (2016-07-01 to 2018-06-30): 54 matches, 29 wins | Al-Rayyan (2018-07-05 to 2018-10-07): 8 matches, 4 wins | Shabab Al-Ahli Dubai FC (2018-10-18 to 2020-03-11): 46 matches, 32 wins | Pyramids FC (2020-11-14 to 2021-06-29): 33 matches, 14 wins | UAE (2022-02-14 to 2023-07-09): 14 matches, 4 wins | Al-Taawoun (2024-06-06 to 2025-02-09): 29 matches, 13 wins | Boca Juniors (2026-06-18 to present): 10 matches, 5 wins",368,189,83,96,51.36,1.77,10,5,4,1,50,1.9,6,1,3,"102119, 101898, 10077","Shabab Al-Ahli Dubai FC, Al-Rayyan, Boca Juniors","-1, 11027, 112, 9305","Presidents Cup, League Cup, Sheikh Jassem Cup, Copa Libertadores Play-off, Liga Profesional, Copa Argentina",Shabab Al-Ahli Dubai FC - Presidents Cup: won [2018/2019]; runner-up [] | Shabab Al-Ahli Dubai FC - League Cup: won [2018/2019]; runner-up [2019/2020] | Al-Rayyan - Sheikh Jassem Cup: won [2018]; runner-up [] | Boca Juniors - Copa Libertadores Play-off: won [2015]; runner-up [] | Boca Juniors - Liga Profesional: won [2015]; runner-up [] | Boca Juniors - Copa Argentina: won [2014/2015]; runner-up [],5,1,3,1,20.0,5115942,2026-08-16,10089,Club Atletico Platense,112,Liga Profesional Clausura,1-1,D,https://www.fotmob.com/players/38459/rodolfo-arruabarrena,https://images.fotmob.com/image_resources/playerimages/38459.png,2026-08-23T04:30:12+00:00
30724,Dejan Stankovic,1978-09-11,47,Serbia,SRB,male,active,181,8687,FK Crvena Zvezda,2025-12-22,2026-08-18,5,4,"8687, 9882, 8222, 8643","FK Crvena Zvezda, Sampdoria, Ferencvaros, Spartak Moscow","FK Crvena Zvezda (2019-12-21 to 2022-08-26): 128 matches, 101 wins | Sampdoria (2022-10-06 to 2023-06-27): 32 matches, 4 wins | Ferencvaros (2023-09-20 to 2024-05-16): 40 matches, 24 wins | Spartak Moscow (2024-07-01 to 2025-11-11): 64 matches, 37 wins | FK Crvena Zvezda (2025-12-22 to 2026-08-18): 31 matches, 23 wins",295,189,47,59,64.07,2.08,31,23,3,5,74.19,2.32,7,0,1,8687,FK Crvena Zvezda,"183, 182","Kup Srbije, Super Liga","FK Crvena Zvezda - Kup Srbije: won [2025/2026, 2021/2022, 2020/2021]; runner-up [] | FK Crvena Zvezda - Super Liga: won [2025/2026, 2021/2022, 2020/2021, 2019/2020]; runner-up []",18,10,3,5,55.56,5954877,2026-08-11,9754,Hapoel Beer Sheva,10611,Champions League Qualification,0-2,L,https://www.fotmob.com/players/30724/dejan-stankovic,https://images.fotmob.com/image_resources/playerimages/30724.png,2026-08-23T04:30:12+00:00
345646,Antonio Mohamed,1970-04-02,56,Argentina,ARG,male,active,180,6618,Toluca,2024-12-12,,13,11,"10088, 10078, 162418, 10081, 6576, 7849, 9910, 10272, 1946, 6618, 1394436","Colon, Independiente, Tijuana, Huracan, CF America, Monterrey, Celta Vigo, Atlético-MG, Pumas, Toluca, Liga MX All-Stars","Colon (2008-03-24 to 2010-09-21): 7 matches, 1 wins | Independiente (2010-10-04 to 2011-09-05): 50 matches, 16 wins | Tijuana (2011-09-19 to 2013-05-31): 76 matches, 33 wins | Huracan (2013-07-01 to 2013-10-01): 10 matches, 3 wins | CF America (2013-12-17 to 2014-12-16): 46 matches, 23 wins | Monterrey (2015-02-16 to 2018-05-21): 133 matches, 64 wins | Celta Vigo (2018-05-22 to 2018-11-12): 13 matches, 3 wins | Huracan (2018-12-27 to 2019-04-25): 18 matches, 2 wins | Monterrey (2019-10-13 to 2020-11-25): 42 matches, 18 wins | Atlético-MG (2022-01-12 to 2022-07-22): 45 matches, 28 wins | Pumas (2023-04-01 to 2023-12-13): 29 matches, 12 wins | Toluca (2024-12-12 to present): 87 matches, 51 wins | Liga MX All-Stars (2026-07-25 to 2026-07-31): 1 matches, 0 wins",557,254,152,151,45.6,1.64,87,51,18,18,58.62,1.97,13,3,5,"6618, 10272, 7849, 162418, 10078","Toluca, Atlético-MG, Monterrey, Tijuana, Independiente","230, 9875, 11039, 297, 10077, 10273, -1, 299","Liga MX, Campeones Cup, Campeón de Campeones, CONCACAF Champions Cup, Supercopa do Brasil, Mineiro, Copa MX, Copa Sudamericana","Toluca - Liga MX: won [2025/2026 Apertura, 2024/2025 Apertura, 2024/2025 Clausura]; runner-up [] | Toluca - Campeones Cup: won [2025]; runner-up [] | Toluca - Campeón de Campeones: won [2024/2025]; runner-up [2025/2026] | Toluca - CONCACAF Champions Cup: won [2026]; runner-up [] | Atlético-MG - Supercopa do Brasil: won [2022]; runner-up [] | Atlético-MG - Mineiro: won [2022]; runner-up [] | Monterrey - Copa MX: won [2019/2020, 2017/2018 Apertura]; runner-up [] | Monterrey - Liga MX: won [2019/2020]; runner-up [2017/2018 Apertura, 2015/2016 Clausura] | Tijuana - Liga MX: won [2012/2013 Apertura]; runner-up [] | Independiente - Copa Sudamericana: won [2010]; runner-up []",48,25,11,12,52.08,5844867,2026-08-13,6399,FC Dallas,10043,Leagues Cup,3-1,W,https://www.fotmob.com/players/345646/antonio-mohamed,https://images.fotmob.com/image_resources/playerimages/345646.png,2026-08-23T04:30:12+00:00
187735,Marco Baroni,1963-09-11,62,Italy,ITA,male,active,,9876,Hellas Verona,2026-06-19,,12,11,"8309, 9878, 6269, 6266, 9891, 7801, 8690, 9888, 9876, 8543, 9804","Virtus Lanciano, Pescara, Novara, Benevento, Frosinone, Cremonese, AS Reggina 1914, Lecce, Hellas Verona, Lazio, Torino","Virtus Lanciano (2013-07-01 to 2014-06-13): 43 matches, 15 wins | Pescara (2014-07-01 to 2015-05-17): 44 matches, 17 wins | Novara (2015-06-23 to 2016-06-30): 47 matches, 21 wins | Benevento (2016-07-01 to 2017-10-23): 58 matches, 21 wins | Frosinone (2018-12-19 to 2019-06-02): 22 matches, 4 wins | Cremonese (2019-10-08 to 2020-01-07): 12 matches, 3 wins | AS Reggina 1914 (2020-12-15 to 2021-06-04): 26 matches, 10 wins | Lecce (2021-07-01 to 2023-06-30): 80 matches, 29 wins | Hellas Verona (2023-07-01 to 2024-06-11): 40 matches, 10 wins | Lazio (2024-07-01 to 2025-06-02): 52 matches, 27 wins | Torino (2025-06-05 to 2026-02-23): 30 matches, 10 wins | Hellas Verona (2026-06-19 to present): 1 matches, 1 wins",455,168,128,159,36.92,1.39,1,1,0,0,100,3,1,0,1,9888,Lecce,86,Serie B,Lecce - Serie B: won [2021/2022]; runner-up [],28,9,5,14,32.14,4803292,2026-02-22,10233,Genoa,55,Serie A,3-0,L,https://www.fotmob.com/players/187735/marco-baroni,https://images.fotmob.com/image_resources/playerimages/187735.png,2026-08-23T04:30:12+00:00
469878,Michel Der Zakarian,1963-02-18,63,Armenia,ARM,male,active,,9830,Nantes,2026-06-17,,8,6,"8311, 9830, 9837, 10249, 8521, 7819","Clermont Foot, Nantes, Reims, Montpellier, Brest, Caen","Clermont Foot (2010-07-01 to 2012-05-30): 83 matches, 32 wins | Nantes (2012-05-31 to 2016-06-30): 164 matches, 63 wins | Reims (2016-07-01 to 2017-05-23): 41 matches, 16 wins | Montpellier (2017-05-23 to 2021-05-25): 154 matches, 59 wins | Brest (2021-06-22 to 2022-10-11): 51 matches, 16 wins | Montpellier (2023-02-08 to 2024-10-21): 61 matches, 22 wins | Caen (2025-02-18 to 2025-05-12): 11 matches, 1 wins | Nantes (2026-06-17 to present): 3 matches, 0 wins",568,209,171,188,36.8,1.4,3,0,0,3,0,0,0,0,0,,,,,,3,0,0,3,0.0,5803231,2026-08-22,4120,Rodez,110,Ligue 2,2-5,L,https://www.fotmob.com/players/469878/michel-der-zakarian,https://images.fotmob.com/image_resources/playerimages/469878.png,2026-08-23T04:30:12+00:00
192906,Néstor Gorosito,1964-05-14,62,Argentina,ARG,male,active,,10083,San Lorenzo,2026-07-03,,12,9,"10086, 89396, 9865, 89395, 6619, 10103, 10088, 6398, 10083","Argentinos Juniors, Tigre, Almeria, San Martin San Juan, Olimpia, Gimnasia LP, Colon, Alianza Lima, San Lorenzo","Argentinos Juniors (2011-09-19 to 2012-02-28): 15 matches, 5 wins | Tigre (2012-10-23 to 2013-07-06): 44 matches, 15 wins | Argentinos Juniors (2014-10-27 to 2015-12-23): 41 matches, 14 wins | Almeria (2015-12-23 to 2016-05-17): 20 matches, 6 wins | San Martin San Juan (2016-12-27 to 2018-03-27): 37 matches, 11 wins | Tigre (2019-02-13 to 2020-10-25): 43 matches, 19 wins | Olimpia (2020-11-16 to 2021-03-15): 17 matches, 9 wins | Gimnasia LP (2021-08-31 to 2023-01-02): 60 matches, 27 wins | Colon (2023-02-22 to 2023-10-27): 36 matches, 10 wins | Tigre (2023-12-29 to 2024-03-19): 11 matches, 1 wins | Alianza Lima (2024-12-06 to 2025-12-08): 55 matches, 27 wins | San Lorenzo (2026-07-03 to present): 7 matches, 2 wins",386,146,102,138,37.82,1.4,7,2,1,4,28.57,1,2,1,2,"6619, 89396","Olimpia, Tigre","199, -1","Division Profesional, Copa de la Superliga",Olimpia - Division Profesional: won [2020 Clausura]; runner-up [2020 Apertura] | Tigre - Copa de la Superliga: won [2019]; runner-up [],21,8,6,7,38.1,5115952,2026-08-21,213591,Estudiantes de Rio Cuarto,112,Liga Profesional Clausura,0-0,D,https://www.fotmob.com/players/192906/nestor-gorosito,https://images.fotmob.com/image_resources/playerimages/192906.png,2026-08-23T04:30:12+00:00
213858,Carlos Martínez,1980-11-13,45,Spain,ESP,male,active,178,7854,Leganes,2026-05-26,2026-06-16,3,2,"7854, 8555","Leganes, Fuenlabrada","Leganes (2023-04-05 to 2023-06-19): 8 matches, 4 wins | Fuenlabrada (2023-06-20 to 2024-04-22): 33 matches, 9 wins | Leganes (2026-05-26 to 2026-06-16): 1 matches, 1 wins",42,14,12,16,33.33,1.29,1,1,0,0,100,3,0,0,0,,,,,,1,1,0,0,100.0,4837951,2026-05-31,4032,CD Mirandes,140,LaLiga2,1-0,W,https://www.fotmob.com/players/213858/carlos-martinez,https://images.fotmob.com/image_resources/playerimages/213858.png,2026-08-23T04:30:12+00:00
814971,Vasco Seabra,1983-09-15,42,Portugal,POR,male,active,,158085,Arouca,2024-10-29,,8,8,"6403, 1634, 47535, 8613, 8348, 10212, 7842, 158085","Pacos de Ferreira, Famalicao, Mafra, Boavista, Moreirense, Maritimo, Estoril, Arouca","Pacos de Ferreira (2016-12-01 to 2017-10-23): 39 matches, 9 wins | Famalicao (2018-01-24 to 2018-06-30): 17 matches, 5 wins | Mafra (2019-07-01 to 2020-06-30): 28 matches, 12 wins | Boavista (2020-08-03 to 2020-12-08): 10 matches, 2 wins | Moreirense (2021-01-06 to 2021-06-30): 23 matches, 7 wins | Maritimo (2021-11-14 to 2022-09-05): 28 matches, 8 wins | Estoril (2023-09-25 to 2024-06-30): 35 matches, 13 wins | Arouca (2024-10-29 to present): 64 matches, 22 wins",244,78,68,98,31.97,1.24,64,22,16,26,34.38,1.28,0,0,0,,,,,,33,12,6,15,36.36,5887593,2026-08-16,8348,Moreirense,61,Liga Portugal,4-0,W,https://www.fotmob.com/players/814971/vasco-seabra,https://images.fotmob.com/image_resources/playerimages/814971.png,2026-08-23T04:30:12+00:00
29487,Marcel Rapp,1979-04-16,47,Germany,GER,male,active,,8152,St. Pauli,2026-06-05,,3,3,"676996, 8150, 8152","Hoffenheim U19, Holstein Kiel, St. Pauli","Hoffenheim U19 (2017-03-08 to 2021-09-30): 9 matches, 5 wins | Holstein Kiel (2021-10-01 to 2026-02-24): 161 matches, 60 wins | St. Pauli (2026-06-05 to present): 2 matches, 0 wins",172,65,39,68,37.79,1.36,2,0,2,0,0,1,0,0,0,,,,,,27,7,10,10,25.93,5881641,2026-08-14,8150,Holstein Kiel,146,2. Bundesliga,2-2,D,https://www.fotmob.com/players/29487/marcel-rapp,https://images.fotmob.com/image_resources/playerimages/29487.png,2026-08-23T04:30:12+00:00
33726,Alexander Medina,1978-08-08,48,Uruguay,URU,male,active,179,10094,Estudiantes,2026-02-23,,7,6,"8304, 10101, 8702, 10079, 7878, 10094","Nacional, Talleres, Internacional, Velez Sarsfield, Granada, Estudiantes","Nacional (2017-12-11 to 2018-12-06): 56 matches, 32 wins | Talleres (2019-06-07 to 2021-12-22): 89 matches, 44 wins | Internacional (2021-12-27 to 2022-04-16): 17 matches, 6 wins | Velez Sarsfield (2022-05-29 to 2023-03-05): 40 matches, 11 wins | Granada (2023-11-27 to 2024-03-19): 14 matches, 1 wins | Talleres (2024-09-06 to 2025-04-04): 29 matches, 9 wins | Estudiantes (2026-02-23 to present): 25 matches, 12 wins",270,115,72,83,42.59,1.54,25,12,5,8,48,1.64,1,0,1,10101,Talleres,10832,Supercopa,Talleres - Supercopa: won [2024]; runner-up [],15,7,1,7,46.67,5115937,2026-08-15,10103,Gimnasia LP,112,Liga Profesional Clausura,4-0,W,https://www.fotmob.com/players/33726/alexander-medina,https://images.fotmob.com/image_resources/playerimages/33726.png,2026-08-23T04:30:12+00:00
35561,Hernán Crespo,1975-07-05,51,Argentina,ARG,male,active,185,6577,Atlas,2026-07-16,,8,7,"9887, 10087, 161730, 10277, 203826, 102117, 6577","Modena, Banfield, Defensa y Justicia, São Paulo, Al-Duhail SC, Al-Ain, Atlas","Modena (2015-06-30 to 2016-03-27): 35 matches, 11 wins | Banfield (2018-12-19 to 2019-09-01): 18 matches, 4 wins | Defensa y Justicia (2020-01-28 to 2021-02-07): 33 matches, 14 wins | São Paulo (2021-02-12 to 2021-10-13): 61 matches, 26 wins | Al-Duhail SC (2022-03-24 to 2023-10-11): 38 matches, 26 wins | Al-Ain (2023-11-14 to 2024-11-08): 43 matches, 20 wins | São Paulo (2025-06-18 to 2026-03-09): 46 matches, 22 wins | Atlas (2026-07-16 to present): 7 matches, 4 wins",281,127,61,93,45.2,1.57,7,4,0,3,57.14,1.71,6,0,4,"102117, 203826, 10277, 161730","Al-Ain, Al-Duhail SC, São Paulo, Defensa y Justicia","525, 11017, 11016, 535, 10244, 299","AFC Champions League Elite, QSL Cup, Qatar Cup, Qatar Stars League, Paulista A1, Copa Sudamericana",Al-Ain - AFC Champions League Elite: won [2023/2024]; runner-up [] | Al-Duhail SC - QSL Cup: won [2022/2023]; runner-up [] | Al-Duhail SC - Qatar Cup: won [2023]; runner-up [] | Al-Duhail SC - Qatar Stars League: won [2022/2023]; runner-up [] | São Paulo - Paulista A1: won [2021]; runner-up [] | Defensa y Justicia - Copa Sudamericana: won [2020]; runner-up [],23,8,1,14,34.78,5844860,2026-08-12,722265,FC Cincinnati,10043,Leagues Cup,1-2,W,https://www.fotmob.com/players/35561/hernan-crespo,https://images.fotmob.com/image_resources/playerimages/35561.png,2026-08-23T04:30:12+00:00
34586,Brian Priske,1977-05-14,49,Denmark,DEN,male,active,188,10247,Sparta Prague,2025-06-09,,5,4,"8113, 9988, 10247, 10235","FC Midtjylland, Royal Antwerp, Sparta Prague, Feyenoord","FC Midtjylland (2019-08-19 to 2021-06-21): 79 matches, 47 wins | Royal Antwerp (2021-06-22 to 2022-05-23): 49 matches, 22 wins | Sparta Prague (2022-05-31 to 2024-06-12): 96 matches, 64 wins | Feyenoord (2024-06-12 to 2025-02-10): 33 matches, 18 wins | Sparta Prague (2025-06-09 to present): 59 matches, 37 wins",316,188,54,74,59.49,1.96,59,37,8,14,62.71,2.02,6,3,3,"10235, 10247, 8113","Feyenoord, Sparta Prague, FC Midtjylland","237, 254, 122, 46","Super Cup, Czech Cup, 1. Liga, Superligaen","Feyenoord - Super Cup: won [2024/2025]; runner-up [] | Sparta Prague - Czech Cup: won [2023/2024]; runner-up [2022/2023] | Sparta Prague - 1. Liga: won [2023/2024, 2022/2023]; runner-up [2025/2026] | FC Midtjylland - Superligaen: won [2019/2020, 2014/2015]; runner-up [2020/2021]",46,27,7,12,58.7,5943689,2026-08-22,106189,Artis Brno,122,1. Liga,0-4,W,https://www.fotmob.com/players/34586/brian-priske,https://images.fotmob.com/image_resources/playerimages/34586.png,2026-08-23T04:30:12+00:00
1328040,Luis Pinto,1989-04-01,37,Portugal,POR,male,active,,9764,Gil Vicente,2026-06-20,,8,8,"9771, 238630, 474326, 6008, 212796, 188163, 7844, 9764","Uniao de Leiria, SC Mirandela, Felgueiras 1932, Leca, AD Fafe, Tondela, Vitoria de Guimaraes, Gil Vicente","Uniao de Leiria (2018-07-02 to 2018-08-24): 2 matches, 1 wins | SC Mirandela (2019-02-08 to 2019-06-30): 13 matches, 4 wins | Felgueiras 1932 (2019-07-01 to 2020-02-08): 20 matches, 8 wins | Leca (2021-07-01 to 2022-06-10): 5 matches, 4 wins | AD Fafe (2023-01-24 to 2024-06-30): 41 matches, 20 wins | Tondela (2024-07-01 to 2025-06-30): 35 matches, 17 wins | Vitoria de Guimaraes (2025-07-01 to 2026-03-10): 31 matches, 14 wins | Gil Vicente (2026-06-20 to present): 1 matches, 1 wins",148,69,34,45,46.62,1.63,1,1,0,0,100,3,2,0,2,"7844, 188163","Vitoria de Guimaraes, Tondela","187, 185","League Cup, Liga Portugal 2",Vitoria de Guimaraes - League Cup: won [2025/2026]; runner-up [] | Tondela - Liga Portugal 2: won [2024/2025]; runner-up [],27,12,5,10,44.44,5887560,2026-08-09,7841,Rio Ave,61,Liga Portugal,1-0,W,https://www.fotmob.com/players/1328040/luis-pinto,https://images.fotmob.com/image_resources/playerimages/1328040.png,2026-08-23T04:30:13+00:00
1114920,Ilhan Palut,1976-11-12,49,Turkiye,TUR,male,active,,8622,Konyaspor,2026-02-06,,3,2,"8622, 2166","Konyaspor, Rizespor","Konyaspor (2021-02-09 to 2023-01-17): 83 matches, 37 wins | Rizespor (2023-06-13 to 2025-12-01): 96 matches, 37 wins | Konyaspor (2026-02-06 to present): 20 matches, 9 wins",199,83,46,70,41.71,1.48,20,9,3,8,45,1.5,0,0,0,,,,,,21,9,3,9,42.86,5904719,2026-08-22,8695,Fenerbahçe,71,Super Lig,4-2,L,https://www.fotmob.com/players/1114920/ilhan-palut,https://images.fotmob.com/image_resources/playerimages/1114920.png,2026-08-23T04:30:13+00:00
39696,Paolo Bianco,1977-08-20,49,Italy,ITA,male,active,184,6479,Pisa,2026-06-22,,6,6,"674812, 784590, 9887, 9891, 6504, 6479","Siracusa Calcio, Sicula Leonzio, Modena, Frosinone, Monza, Pisa","Siracusa Calcio (2017-06-25 to 2018-06-18): 37 matches, 14 wins | Sicula Leonzio (2018-06-18 to 2018-12-10): 16 matches, 5 wins | Modena (2023-06-14 to 2024-04-13): 34 matches, 8 wins | Frosinone (2025-02-18 to 2025-06-30): 12 matches, 5 wins | Monza (2025-07-01 to 2026-06-19): 43 matches, 24 wins | Pisa (2026-06-22 to present): 1 matches, 1 wins",143,57,44,42,39.86,1.5,1,1,0,0,100,3,0,0,0,,,,,,42,24,11,7,57.14,5657236,2026-05-29,10168,Catanzaro,86,Serie B Promotion Playoff,0-2,L,https://www.fotmob.com/players/39696/paolo-bianco,https://images.fotmob.com/image_resources/playerimages/39696.png,2026-08-23T04:30:13+00:00
45931,Anthony Correia,1982-05-20,44,Netherlands,NED,male,active,179,9908,FC Utrecht,2026-07-01,,4,4,"584408, 206300, 6414, 9908","HSV ODIN '59, Katwijk, Telstar, FC Utrecht","HSV ODIN '59 (2019-07-01 to 2020-06-30): 2 matches, 1 wins | Katwijk (2020-07-01 to 2024-06-30): 112 matches, 68 wins | Telstar (2024-07-01 to 2026-06-30): 85 matches, 35 wins | FC Utrecht (2026-07-01 to present): 3 matches, 0 wins",202,104,37,61,51.49,1.73,3,0,1,2,0,0.33,0,0,0,,,,,,9,2,3,4,22.22,5781715,2026-08-22,8614,Sparta Rotterdam,57,Eredivisie,3-3,D,https://www.fotmob.com/players/45931/anthony-correia,https://images.fotmob.com/image_resources/playerimages/45931.png,2026-08-23T04:30:13+00:00
72679,Mario Kovacevic,1975-05-17,51,Croatia,CRO,male,active,,10156,Dinamo Zagreb,2025-06-04,,4,3,"10165, 1581, 10156","NK Varazdin, Slaven, Dinamo Zagreb","NK Varazdin (2017-08-31 to 2018-06-30): 2 matches, 1 wins | NK Varazdin (2021-09-21 to 2024-02-26): 62 matches, 18 wins | Slaven (2024-09-04 to 2025-06-04): 36 matches, 16 wins | Dinamo Zagreb (2025-06-04 to present): 59 matches, 41 wins",159,76,39,44,47.8,1.68,59,41,9,9,69.49,2.24,3,1,2,"10156, 10165","Dinamo Zagreb, NK Varazdin","252, 275, -1","HNL, Croatian Cup, First NL",Dinamo Zagreb - HNL: won [2025/2026]; runner-up [] | Dinamo Zagreb - Croatian Cup: won [2025/2026]; runner-up [] | NK Varazdin - First NL: won [2021/2022]; runner-up [2017/2018],51,33,9,9,64.71,5765909,2026-08-22,10165,NK Varazdin,252,HNL,3-1,W,https://www.fotmob.com/players/72679/mario-kovacevic,https://images.fotmob.com/image_resources/playerimages/72679.png,2026-08-23T04:30:13+00:00
78629,Marcel Koller,1960-11-11,65,Switzerland,SUI,male,active,,10243,FC Zürich,2026-06-01,,4,4,"8255, 9931, 101745, 10243","Austria, Basel, Al Ahly SC, FC Zürich","Austria (2011-10-05 to 2017-10-30): 56 matches, 26 wins | Basel (2018-08-02 to 2020-08-31): 101 matches, 61 wins | Al Ahly SC (2022-09-09 to 2025-04-27): 160 matches, 106 wins | FC Zürich (2026-06-01 to present): 5 matches, 2 wins",322,195,66,61,60.56,2.02,5,2,0,3,40,1.2,12,1,3,"101745, 9931, 9911","Al Ahly SC, Basel, Bochum","9941, 519, 526, 10314, 164, 146","Egypt Cup, Premier League, CAF Champions League, Super Cup, Swiss Cup, 2. Bundesliga","Al Ahly SC - Egypt Cup: won [2022/2023, 2021/2022]; runner-up [] | Al Ahly SC - Premier League: won [2023/2024, 2022/2023]; runner-up [] | Al Ahly SC - CAF Champions League: won [2023/2024, 2022/2023]; runner-up [] | Al Ahly SC - Super Cup: won [2024/2025, 2023/2024, 2022/2023, 2021/2022]; runner-up [] | Basel - Swiss Cup: won [2018/2019]; runner-up [2019/2020] | Bochum - 2. Bundesliga: won [2005/2006]; runner-up []",4,1,0,3,25.0,5804239,2026-08-22,9931,Basel,69,Super League,1-2,L,https://www.fotmob.com/players/78629/marcel-koller,https://images.fotmob.com/image_resources/playerimages/78629.png,2026-08-23T04:30:13+00:00
24217,Emre Belözoglu,1980-09-07,45,Turkiye,TUR,male,active,171,4685,Kasımpaşa,2025-12-04,,4,4,"1933, 9742, 1931, 4685","Başakşehir, Ankaragücü, Antalyaspor, Kasımpaşa","Başakşehir (2021-10-03 to 2023-09-03): 90 matches, 47 wins | Ankaragücü (2023-10-03 to 2024-05-31): 38 matches, 12 wins | Antalyaspor (2025-01-14 to 2025-10-08): 28 matches, 9 wins | Kasımpaşa (2025-12-04 to present): 22 matches, 6 wins",178,74,49,55,41.57,1.52,22,6,8,8,27.27,1.18,1,0,1,9742,Ankaragücü,-1,TSYD Cup,Ankaragücü - TSYD Cup: won [2023/2024]; runner-up [],22,6,8,8,27.27,5904718,2026-08-22,357274,Çorum FK,71,Super Lig,0-1,W,https://www.fotmob.com/players/24217/emre-belozoglu,https://images.fotmob.com/image_resources/playerimages/24217.png,2026-08-23T04:30:13+00:00
18640,Javier Gandolfi,1980-12-05,45,Argentina,ARG,male,active,178,1841,Leon,2026-03-21,,5,4,"10101, 192875, 6368, 1841","Talleres, Independiente del Valle, Atletico Nacional, Leon","Talleres (2022-03-13 to 2022-03-25): 7 matches, 5 wins | Talleres (2022-09-07 to 2023-12-15): 61 matches, 31 wins | Independiente del Valle (2023-12-20 to 2024-12-17): 46 matches, 26 wins | Atletico Nacional (2025-01-20 to 2025-09-16): 51 matches, 23 wins | Leon (2026-03-21 to present): 14 matches, 10 wins",179,95,41,43,53.07,1.82,14,10,0,4,71.43,2.14,1,0,1,6368,Atletico Nacional,11536,Superliga,Atletico Nacional - Superliga: won [2025]; runner-up [],4,1,2,1,25.0,4848653,2025-09-14,4401,Bucaramanga,274,Primera A Clausura,0-3,L,https://www.fotmob.com/players/18640/javier-gandolfi,https://images.fotmob.com/image_resources/playerimages/18640.png,2026-08-23T04:30:13+00:00
1141972,Stéphane Gilli,1974-04-30,52,France,FRA,male,active,,8121,Angers,2026-06-09,,2,1,6379,Paris FC,"Paris FC (2019-12-01 to 2020-01-05): 5 matches, 2 wins | Paris FC (2023-06-03 to 2026-02-22): 104 matches, 47 wins",109,49,25,35,44.95,1.58,,,,,,,0,0,0,,,,,,24,6,8,10,25.0,4830664,2026-02-21,9941,Toulouse,53,Ligue 1,1-1,D,https://www.fotmob.com/players/1141972/stephane-gilli,https://images.fotmob.com/image_resources/playerimages/1141972.png,2026-08-23T04:30:13+00:00
71709,Jorge Almirón,1971-06-19,55,Argentina,ARG,male,active,180,10084,Rosario Central,2025-12-15,,14,12,"161730, 162418, 10227, 10078, 10082, 6368, 10083, 101916, 10268, 10077, 7815, 10084","Defensa y Justicia, Tijuana, Godoy Cruz, Independiente, Lanus, Atletico Nacional, San Lorenzo, Al Shabab, Elche, Boca Juniors, Colo Colo, Rosario Central","Defensa y Justicia (2012-10-16 to 2013-06-18): 28 matches, 12 wins | Tijuana (2013-07-01 to 2013-11-11): 21 matches, 8 wins | Godoy Cruz (2013-12-13 to 2014-07-17): 19 matches, 9 wins | Independiente (2014-07-18 to 2015-05-25): 35 matches, 15 wins | Lanus (2015-12-09 to 2017-12-05): 79 matches, 42 wins | Atletico Nacional (2017-12-19 to 2018-08-31): 41 matches, 24 wins | San Lorenzo (2018-11-05 to 2019-05-13): 25 matches, 5 wins | Al Shabab (2019-07-01 to 2019-12-05): 11 matches, 4 wins | Elche (2020-08-26 to 2021-02-13): 24 matches, 5 wins | Lanus (2021-12-25 to 2022-07-09): 29 matches, 8 wins | Elche (2022-10-14 to 2022-11-07): 5 matches, 0 wins | Boca Juniors (2023-04-10 to 2023-11-05): 44 matches, 22 wins | Colo Colo (2024-01-01 to 2025-08-18): 77 matches, 37 wins | Rosario Central (2025-12-15 to present): 34 matches, 18 wins",472,209,128,135,44.28,1.6,34,18,7,9,52.94,1.79,6,0,3,"7815, 10082, 6368","Colo Colo, Lanus, Atletico Nacional","9407, 273, 9381, 112, -1","Super Cup, Primera División, Super Copa International, Liga Profesional, Copa Bicentenario, Florida Cup",Colo Colo - Super Cup: won [2024]; runner-up [] | Colo Colo - Primera División: won [2024]; runner-up [] | Lanus - Super Copa International: won [2016/2017]; runner-up [] | Lanus - Liga Profesional: won [2016]; runner-up [] | Lanus - Copa Bicentenario: won [2016]; runner-up [] | Atletico Nacional - Florida Cup: won [2018]; runner-up [],25,13,6,6,52.0,5115934,2026-08-17,213534,Barracas Central,112,Liga Profesional Clausura,0-1,W,https://www.fotmob.com/players/71709/jorge-almiron,https://images.fotmob.com/image_resources/playerimages/71709.png,2026-08-23T04:30:13+00:00
25990,João Pereira,1984-02-25,42,Portugal,POR,male,active,172,4678,Alanyaspor,2025-03-22,,5,4,"338301, 9768, 394210, 4678","Sporting CP B, Sporting CP, Sporting CP U19, Alanyaspor","Sporting CP B (2024-07-01 to 2024-11-11): 14 matches, 5 wins | Sporting CP (2024-11-11 to 2024-12-26): 8 matches, 3 wins | Sporting CP B (2025-01-09 to 2025-03-22): 20 matches, 7 wins | Sporting CP U19 (2025-02-11 to 2025-03-22): 2 matches, 1 wins | Alanyaspor (2025-03-22 to present): 51 matches, 15 wins",95,31,36,28,32.63,1.36,51,15,20,16,29.41,1.27,0,0,0,,,,,,36,7,17,12,19.44,5904704,2026-08-15,4081,Gaziantep FK,71,Super Lig,1-1,D,https://www.fotmob.com/players/25990/joao-pereira,https://images.fotmob.com/image_resources/playerimages/25990.png,2026-08-23T04:30:13+00:00
32993,Mauricio Pellegrino,1971-10-05,54,Argentina,ARG,male,active,,10082,Lanus,2024-12-15,,10,10,"10267, 10094, 10078, 9866, 8466, 7854, 10079, 6310, 8385, 10082","Valencia, Estudiantes, Independiente, Deportivo Alaves, Southampton, Leganes, Velez Sarsfield, Universidad de Chile, Cadiz, Lanus","Valencia (2012-07-01 to 2012-12-02): 21 matches, 10 wins | Estudiantes (2013-04-16 to 2015-04-15): 92 matches, 38 wins | Independiente (2015-06-10 to 2016-05-10): 41 matches, 21 wins | Deportivo Alaves (2016-06-26 to 2017-05-29): 47 matches, 18 wins | Southampton (2017-06-23 to 2018-03-12): 34 matches, 8 wins | Leganes (2018-06-02 to 2019-10-21): 51 matches, 13 wins | Velez Sarsfield (2020-04-17 to 2022-03-23): 78 matches, 37 wins | Universidad de Chile (2023-01-07 to 2023-12-31): 31 matches, 11 wins | Cadiz (2024-01-24 to 2024-06-30): 17 matches, 4 wins | Lanus (2024-12-15 to present): 85 matches, 38 wins",497,198,145,154,39.84,1.49,85,38,22,25,44.71,1.6,1,0,1,10082,Lanus,299,Copa Sudamericana,Lanus - Copa Sudamericana: won [2025]; runner-up [],43,19,12,12,44.19,5115940,2026-08-17,10078,Independiente,112,Liga Profesional Clausura,1-3,L,https://www.fotmob.com/players/32993/mauricio-pellegrino,https://images.fotmob.com/image_resources/playerimages/32993.png,2026-08-23T04:30:13+00:00
1200100,Diego Martínez,1978-11-16,47,Argentina,ARG,male,active,,10081,Huracan,2026-01-01,,8,7,"213536, 213523, 10227, 89396, 10081, 10077, 6295","Comunicaciones, Club Atlético Estudiantes, Godoy Cruz, Tigre, Huracan, Boca Juniors, Cerro Porteno","Comunicaciones (2017-12-22 to 2018-02-19): 5 matches, 1 wins | Club Atlético Estudiantes (2018-06-08 to 2020-05-27): 65 matches, 36 wins | Godoy Cruz (2020-08-06 to 2020-12-28): 9 matches, 0 wins | Tigre (2021-01-12 to 2023-06-14): 111 matches, 48 wins | Huracan (2023-07-04 to 2024-01-01): 23 matches, 12 wins | Boca Juniors (2024-01-02 to 2024-09-30): 45 matches, 21 wins | Cerro Porteno (2024-12-11 to 2025-09-18): 47 matches, 24 wins | Huracan (2026-01-01 to present): 26 matches, 9 wins",331,151,82,98,45.62,1.62,26,9,9,8,34.62,1.38,0,0,0,,,,,,24,8,9,7,33.33,5115954,2026-08-23,298629,Deportivo Riestra,112,Liga Profesional Clausura,0-0,D,https://www.fotmob.com/players/1200100/diego-martinez,https://images.fotmob.com/image_resources/playerimages/1200100.png,2026-08-23T04:30:14+00:00
31656,Jens Gustafsson,1978-10-15,47,Sweden,SWE,male,active,,8428,Häcken,2024-12-27,,7,7,"8310, 8449, 10154, 8556, 8023, 177356, 8428","Halmstads BK, IFK Norrköping, Hajduk Split, Sweden U21, Pogoń Szczecin, Al Fateh FC, Häcken","Halmstads BK (2011-07-05 to 2014-12-31): 118 matches, 44 wins | IFK Norrköping (2016-06-01 to 2020-12-31): 178 matches, 98 wins | Hajduk Split (2021-05-28 to 2021-11-01): 16 matches, 8 wins | Sweden U21 (2022-03-16 to 2022-05-24): 1 matches, 0 wins | Pogoń Szczecin (2022-06-04 to 2024-08-15): 87 matches, 44 wins | Al Fateh FC (2024-08-22 to 2024-12-05): 13 matches, 1 wins | Häcken (2024-12-27 to present): 72 matches, 29 wins",485,224,107,154,46.19,1.61,72,29,19,24,40.28,1.47,0,0,0,,,,,,35,11,13,11,31.43,5107579,2026-08-21,6694,Sirius,67,Allsvenskan,0-3,W,https://www.fotmob.com/players/31656/jens-gustafsson,https://images.fotmob.com/image_resources/playerimages/31656.png,2026-08-23T04:30:14+00:00
1315527,Dick Schreuder,1971-08-02,55,Netherlands,NED,male,active,,8464,NEC Nijmegen,2025-07-01,,5,5,"8175, 206300, 6413, 10279, 8464","Barnet, Katwijk, PEC Zwolle, Castellon, NEC Nijmegen","Barnet (2014-01-24 to 2014-03-20): 9 matches, 5 wins | Katwijk (2014-07-01 to 2018-01-30): 87 matches, 49 wins | PEC Zwolle (2021-11-18 to 2023-06-27): 64 matches, 35 wins | Castellon (2023-06-28 to 2025-01-20): 68 matches, 37 wins | NEC Nijmegen (2025-07-01 to present): 45 matches, 23 wins",273,149,46,78,54.58,1.81,45,23,12,10,51.11,1.8,0,0,0,,,,,,41,19,12,10,46.34,5987804,2026-08-19,8402,Bodø/Glimt,10611,Champions League Qualification,1-3,L,https://www.fotmob.com/players/1315527/dick-schreuder,https://images.fotmob.com/image_resources/playerimages/1315527.png,2026-08-23T04:30:14+00:00
1272258,Lars Friis,1976-05-07,50,Denmark,DEN,male,active,,9984,Cercle Brugge,2026-03-23,,4,4,"9939, 8470, 10247, 9984","Viborg, AaB, Sparta Prague, Cercle Brugge","Viborg (2021-01-16 to 2022-02-03): 34 matches, 16 wins | AaB (2022-03-13 to 2022-09-15): 22 matches, 6 wins | Sparta Prague (2024-06-12 to 2025-05-15): 52 matches, 29 wins | Cercle Brugge (2026-03-23 to present): 8 matches, 3 wins",116,54,24,38,46.55,1.6,8,3,3,2,37.5,1.5,3,1,2,"10247, 9939","Sparta Prague, Viborg","254, 122, 85","Czech Cup, 1. Liga, 1. Division",Sparta Prague - Czech Cup: won [2023/2024]; runner-up [2024/2025] | Sparta Prague - 1. Liga: won [2023/2024]; runner-up [] | Viborg - 1. Division: won [2020/2021]; runner-up [],8,3,3,2,37.5,5811719,2026-08-14,9997,St.Truiden,40,Belgian Pro League,3-3,D,https://www.fotmob.com/players/1272258/lars-friis,https://images.fotmob.com/image_resources/playerimages/1272258.png,2026-08-23T04:30:14+00:00
271880,Gustavo Quinteros,1965-02-15,61,Bolivia,BOL,male,active,189,10078,Independiente,2025-09-23,2026-08-14,11,11,"5797, 1850, 6707, 101918, 102111, 6458, 162418, 7815, 10079, 9769, 10078","Bolivia, Emelec, Ecuador, Al Nassr FC, Al-Wasl, Universidad Catolica, Tijuana, Colo Colo, Velez Sarsfield, Grêmio, Independiente","Bolivia (2010-11-05 to 2012-07-05): 18 matches, 2 wins | Emelec (2012-07-10 to 2015-03-09): 155 matches, 86 wins | Ecuador (2015-03-10 to 2017-09-12): 33 matches, 13 wins | Al Nassr FC (2017-10-02 to 2018-02-04): 13 matches, 5 wins | Al-Wasl (2018-07-01 to 2018-12-20): 6 matches, 2 wins | Universidad Catolica (2018-12-21 to 2019-12-09): 39 matches, 24 wins | Tijuana (2019-12-09 to 2020-06-12): 10 matches, 2 wins | Colo Colo (2020-10-06 to 2023-12-31): 155 matches, 79 wins | Velez Sarsfield (2024-01-01 to 2024-12-27): 51 matches, 28 wins | Grêmio (2024-12-28 to 2025-04-18): 20 matches, 11 wins | Independiente (2025-09-23 to 2026-08-14): 32 matches, 14 wins",532,266,122,144,50.0,1.73,32,14,8,10,43.75,1.56,10,5,4,"10079, 7815, 6458, 1850","Velez Sarsfield, Colo Colo, Universidad Catolica, Emelec","112, 9407, 273, 9091, -1, 246","Liga Profesional, Super Cup, Primera División, Copa Chile, Cuadrangular Vina del Mar, Serie A","Velez Sarsfield - Liga Profesional: won [2024, 2024 Liga]; runner-up [2024 Copa] | Colo Colo - Super Cup: won [2022]; runner-up [2023, 2020] | Colo Colo - Primera División: won [2022]; runner-up [2021] | Colo Colo - Copa Chile: won [2023, 2021]; runner-up [] | Universidad Catolica - Super Cup: won [2019]; runner-up [] | Universidad Catolica - Cuadrangular Vina del Mar: won [2019]; runner-up [] | Emelec - Serie A: won [2014, 2013]; runner-up [2012]",31,13,9,9,41.94,5115940,2026-08-17,10082,Lanus,112,Liga Profesional Clausura,1-3,W,https://www.fotmob.com/players/271880/gustavo-quinteros,https://images.fotmob.com/image_resources/playerimages/271880.png,2026-08-23T04:30:14+00:00
26159,Stéphane Dumont,1982-09-06,43,France,FRA,male,active,183,10242,Troyes,2024-08-12,,2,2,"9747, 10242","Guingamp, Troyes","Guingamp (2021-05-27 to 2024-05-29): 122 matches, 48 wins | Troyes (2024-08-12 to present): 79 matches, 41 wins",201,89,48,64,44.28,1.57,79,41,13,25,51.9,1.72,1,0,1,10242,Troyes,110,Ligue 2,Troyes - Ligue 2: won [2025/2026]; runner-up [],34,19,7,8,55.88,5802909,2026-08-22,6379,Paris FC,53,Ligue 1,0-0,D,https://www.fotmob.com/players/26159/stephane-dumont,https://images.fotmob.com/image_resources/playerimages/26159.png,2026-08-23T04:30:14+00:00
11797,Mitchell van der Gaag,1971-10-22,54,Netherlands,NED,male,active,,10212,Maritimo,2026-06-15,,8,7,"10212, 154789, 6416, 10218, 9761, 163363, 10243","Maritimo, Ermis Aradippou, FC Eindhoven, Excelsior, NAC Breda, Jong Ajax, FC Zürich","Maritimo (2009-09-29 to 2010-09-14): 10 matches, 4 wins | Ermis Aradippou (2015-02-05 to 2015-03-23): 9 matches, 3 wins | FC Eindhoven (2015-06-02 to 2016-06-01): 39 matches, 20 wins | Excelsior (2016-06-01 to 2018-06-30): 71 matches, 21 wins | NAC Breda (2018-07-01 to 2019-03-18): 27 matches, 4 wins | Jong Ajax (2019-07-01 to 2021-06-30): 67 matches, 26 wins | FC Zürich (2025-05-31 to 2025-10-23): 11 matches, 5 wins | Maritimo (2026-06-15 to present): 3 matches, 2 wins",237,85,50,102,35.86,1.29,3,2,1,0,66.67,2.33,3,1,2,"10260, 0","Manchester United, Os Belenenses SAD","132, 133, 185","FA Cup, EFL Cup, Liga Portugal 2",Manchester United - FA Cup: won [2023/2024]; runner-up [2022/2023] | Manchester United - EFL Cup: won [2022/2023]; runner-up [] | Os Belenenses SAD - Liga Portugal 2: won [2012/2013]; runner-up [],3,2,1,0,66.67,5887603,2026-08-22,1786,Academico Viseu,61,Liga Portugal,2-2,D,https://www.fotmob.com/players/11797/mitchell-van-der-gaag,https://images.fotmob.com/image_resources/playerimages/11797.png,2026-08-23T04:30:14+00:00
140540,Joseph Oosting,1972-01-29,54,Netherlands,NED,male,active,,6433,Go Ahead Eagles,2026-06-11,,7,7,"8435, 681425, 8277, 10219, 8611, 9988, 6433","HHC, Jong Vitesse, Vitesse, RKC Waalwijk, FC Twente, Royal Antwerp, Go Ahead Eagles","HHC (2016-07-01 to 2016-10-21): 11 matches, 0 wins | Jong Vitesse (2017-07-14 to 2020-06-30): 34 matches, 15 wins | Vitesse (2019-12-03 to 2019-12-30): 4 matches, 3 wins | RKC Waalwijk (2021-06-07 to 2023-06-30): 73 matches, 23 wins | FC Twente (2023-07-01 to 2025-09-04): 95 matches, 45 wins | Royal Antwerp (2025-12-01 to 2026-05-17): 26 matches, 11 wins | Go Ahead Eagles (2026-06-11 to present): 2 matches, 1 wins",245,98,57,90,40.0,1.43,2,1,1,0,50,2,1,0,1,681425,Jong Vitesse,-1,Derde Divisie,Jong Vitesse - Derde Divisie: won [2017/2018 Zondag]; runner-up [],29,12,4,13,41.38,5781708,2026-08-16,10235,Feyenoord,57,Eredivisie,2-2,D,https://www.fotmob.com/players/140540/joseph-oosting,https://images.fotmob.com/image_resources/playerimages/140540.png,2026-08-23T04:30:14+00:00
466516,Thomas Nørgaard,1982-04-13,44,Denmark,DEN,male,active,,8595,Brøndby IF,2026-06-10,,5,5,"9805, 9907, 8453, 8487, 8595","AB, Lyngby, B 93, Sønderjyske, Brøndby IF","AB (2013-06-05 to 2015-06-30): 70 matches, 19 wins | Lyngby (2017-09-30 to 2018-06-30): 27 matches, 3 wins | B 93 (2020-01-01 to 2022-06-30): 73 matches, 38 wins | Sønderjyske (2022-12-15 to 2026-06-10): 121 matches, 55 wins | Brøndby IF (2026-06-10 to present): 4 matches, 3 wins",295,118,70,107,40.0,1.44,4,3,1,0,75,2.5,1,0,1,8487,Sønderjyske,85,1. Division,Sønderjyske - 1. Division: won [2023/2024]; runner-up [],32,14,8,10,43.75,5739484,2026-08-17,8487,Sønderjyske,46,Superligaen,3-2,W,https://www.fotmob.com/players/466516/thomas-norgaard,https://images.fotmob.com/image_resources/playerimages/466516.png,2026-08-23T04:30:14+00:00
94713,Enrico Maaßen,1984-03-10,42,Germany,GER,male,active,,10190,St. Gallen,2024-06-08,,5,5,"145626, 465376, 8395, 8406, 10190","SV Drochtersen/Assel, SV Rödinghausen, Borussia Dortmund II, Augsburg, St. Gallen","SV Drochtersen/Assel (2015-07-01 to 2018-06-30): 103 matches, 40 wins | SV Rödinghausen (2018-07-01 to 2020-06-30): 63 matches, 40 wins | Borussia Dortmund II (2020-07-01 to 2022-06-30): 76 matches, 41 wins | Augsburg (2022-07-01 to 2023-10-09): 44 matches, 11 wins | St. Gallen (2024-06-08 to present): 106 matches, 52 wins",392,184,96,112,46.94,1.65,106,52,27,27,49.06,1.73,4,0,3,"10190, 465376, 145626","St. Gallen, SV Rödinghausen, SV Drochtersen/Assel","164, -1","Swiss Cup, Reg. Cup Westfalen, Reg. Cup Niedersachsen","St. Gallen - Swiss Cup: won [2025/2026]; runner-up [] | SV Rödinghausen - Reg. Cup Westfalen: won [2018/2019]; runner-up [] | SV Drochtersen/Assel - Reg. Cup Niedersachsen: won [2017/2018, 2015/2016]; runner-up []",48,25,12,11,52.08,5988068,2026-08-20,10202,Nordsjælland,10615,Conference League Qualification,1-0,L,https://www.fotmob.com/players/94713/enrico-maassen,https://images.fotmob.com/image_resources/playerimages/94713.png,2026-08-23T04:30:14+00:00
1419638,Goncalo Feio,1990-01-17,36,Portugal,POR,male,active,,188163,Tondela,2026-03-29,2026-06-22,4,4,"89466, 8673, 5769, 188163","Motor Lublin, Legia Warszawa, Radomiak Radom, Tondela","Motor Lublin (2022-09-19 to 2024-03-18): 54 matches, 31 wins | Legia Warszawa (2024-04-09 to 2025-05-25): 62 matches, 35 wins | Radomiak Radom (2025-10-30 to 2026-03-10): 11 matches, 4 wins | Tondela (2026-03-29 to 2026-06-22): 8 matches, 2 wins",135,72,28,35,53.33,1.81,8,2,2,4,25,1,4,0,2,"4024, 8673","Raków Częstochowa, Legia Warszawa","200, -1","Superpuchar Polski, Cup","Raków Częstochowa - Superpuchar Polski: won [2021/2022]; runner-up [] | Raków Częstochowa - Cup: won [2021/2022, 2020/2021]; runner-up [] | Legia Warszawa - Cup: won [2024/2025]; runner-up []",18,4,7,7,22.22,4844465,2026-05-16,158085,Arouca,61,Liga Portugal,3-1,L,https://www.fotmob.com/players/1419638/goncalo-feio,https://images.fotmob.com/image_resources/playerimages/1419638.png,2026-08-23T04:30:14+00:00
36095,Gregg Berhalter,1973-08-01,53,USA,USA,male,active,186,6397,Chicago Fire FC,2024-10-20,,5,4,"8248, 6001, 6713, 6397","Hammarby, Columbus Crew, USA, Chicago Fire FC","Hammarby (2011-12-12 to 2013-07-24): 46 matches, 18 wins | Columbus Crew (2013-11-06 to 2018-12-02): 123 matches, 46 wins | USA (2018-12-02 to 2023-03-15): 23 matches, 15 wins | USA (2023-08-01 to 2024-09-01): 14 matches, 7 wins | Chicago Fire FC (2024-10-20 to present): 65 matches, 33 wins",271,119,61,91,43.91,1.54,65,33,11,21,50.77,1.69,4,1,2,"6713, 6001","USA, Columbus Crew","9821, 298, -1","Concacaf Nations League, CONCACAF Gold Cup, World Pro Soccer Classic","USA - Concacaf Nations League: won [2023/2024, 2019/2020]; runner-up [] | USA - CONCACAF Gold Cup: won [2021]; runner-up [2019 USA / Costa Rica / Jamaica] | Columbus Crew - World Pro Soccer Classic: won [2014]; runner-up []",34,19,6,9,55.88,5071295,2026-08-22,6514,Red Bull New York,130,Major League Soccer,1-1,D,https://www.fotmob.com/players/36095/gregg-berhalter,https://images.fotmob.com/image_resources/playerimages/36095.png,2026-08-23T04:30:14+00:00
1928725,Martin Perelman,1986-08-20,40,Argentina,ARG,male,active,,267810,Orlando City,2026-03-11,,6,5,"267810, 722266, 213536, 581814, 581809","Orlando City, Orlando City B, Comunicaciones, Canuelas, Argentino de Merlo","Orlando City (2026-03-11 to present):  matches,  wins | Orlando City (2024-02-14 to 2026-03-11):  matches,  wins | Orlando City B (2022-03-09 to 2024-03-10):  matches,  wins | Comunicaciones (2021-08-04 to 2021-12-27):  matches,  wins | Canuelas (2021-02-01 to 2021-05-16):  matches,  wins | Argentino de Merlo (2019-05-15 to 2021-01-26):  matches,  wins",0,0,0,0,,,,,,,,,0,0,0,,,,,,20,7,4,9,35.0,5071296,2026-08-22,6606,Real Salt Lake,130,Major League Soccer,2-1,W,https://www.fotmob.com/players/1928725/martin-perelman,https://images.fotmob.com/image_resources/playerimages/1928725.png,2026-08-23T04:30:14+00:00
1481472,Mikey Varas,0001-01-01,2025,USA,USA,male,active,,,,,,0,0,,,,0,0,0,0,,,,,,,,,0,0,0,,,,,,39,16,9,14,41.03,5071287,2026-08-20,307690,Portland Timbers,130,Major League Soccer,3-1,L,https://www.fotmob.com/players/1481472/mikey-varas,https://images.fotmob.com/image_resources/playerimages/1481472.png,2026-08-23T04:30:14+00:00
1601894,Cameron Knowles,1982-10-11,43,New Zealand,NZL,male,active,,207242,Minnesota United,2026-01-12,,4,3,"614322, 1348105, 207242","Portland Timbers 2, Minnesota United 2, Minnesota United","Portland Timbers 2 (2018-03-15 to 2020-11-30): 85 matches, 30 wins | Minnesota United 2 (2022-03-01 to 2024-02-22): 52 matches, 28 wins | Minnesota United (2024-02-22 to 2024-03-15): 3 matches, 2 wins | Minnesota United (2026-01-12 to present): 25 matches, 8 wins",165,68,20,77,41.21,1.36,25,8,7,10,32,1.24,0,0,0,,,,,,23,7,8,8,30.43,5071286,2026-08-20,773958,Atlanta United,130,Major League Soccer,1-2,L,https://www.fotmob.com/players/1601894/cameron-knowles,https://images.fotmob.com/image_resources/playerimages/1601894.png,2026-08-23T04:30:15+00:00
30387,Greg Vanney,1974-06-11,52,USA,USA,male,active,,6637,LA Galaxy,2021-01-06,,2,2,"56453, 6637","Toronto FC, LA Galaxy","Toronto FC (2014-08-31 to 2020-12-01): 79 matches, 33 wins | LA Galaxy (2021-01-06 to present): 229 matches, 88 wins",308,121,75,112,39.29,1.42,229,88,56,85,38.43,1.4,5,3,2,"6637, 56453","LA Galaxy, Toronto FC","130, 9837","MLS, Canadian Championship","LA Galaxy - MLS: won [2024]; runner-up [] | Toronto FC - MLS: won [2017]; runner-up [2019, 2016] | Toronto FC - Canadian Championship: won [2018, 2017, 2016]; runner-up [2019]",37,12,12,13,32.43,5071294,2026-08-22,161195,CF Montreal,130,Major League Soccer,2-2,D,https://www.fotmob.com/players/30387/greg-vanney,https://images.fotmob.com/image_resources/playerimages/30387.png,2026-08-23T04:30:15+00:00
26751,Jesper Sørensen,1973-06-10,53,Denmark,DEN,male,active,177,307691,Vancouver Whitecaps,2025-01-14,,5,5,"8415, 8454, 8494, 8595, 307691","Silkeborg, Fredericia, Denmark U21, Brøndby IF, Vancouver Whitecaps","Silkeborg (2013-07-01 to 2014-12-31): 55 matches, 23 wins | Fredericia (2016-01-01 to 2018-06-30): 89 matches, 35 wins | Denmark U21 (2021-08-24 to 2023-01-02): 10 matches, 5 wins | Brøndby IF (2023-01-02 to 2024-12-11): 81 matches, 43 wins | Vancouver Whitecaps (2025-01-14 to present): 82 matches, 42 wins",317,148,75,94,46.69,1.64,82,42,21,19,51.22,1.79,3,0,3,"307691, 8595, 8415","Vancouver Whitecaps, Brøndby IF, Silkeborg","9837, -1, 85","Canadian Championship, The Atlantic Cup, 1. Division",Vancouver Whitecaps - Canadian Championship: won [2025]; runner-up [] | Brøndby IF - The Atlantic Cup: won [2023]; runner-up [] | Silkeborg - 1. Division: won [2013/2014]; runner-up [],40,20,10,10,50.0,5071303,2026-08-23,6399,FC Dallas,130,Major League Soccer,5-0,W,https://www.fotmob.com/players/26751/jesper-sorensen,https://images.fotmob.com/image_resources/playerimages/26751.png,2026-08-23T04:30:15+00:00
78588,Bruce Arena,1951-09-21,74,USA,USA,male,active,,6603,San Jose Earthquakes,2025-01-01,,5,4,"6713, 6637, 6580, 6603","USA, LA Galaxy, New England Revolution, San Jose Earthquakes","USA (1998-10-01 to 2006-07-14): 2 matches, 1 wins | LA Galaxy (2008-08-18 to 2016-12-01): 281 matches, 137 wins | USA (2016-12-01 to 2017-10-13): 18 matches, 10 wins | New England Revolution (2019-05-14 to 2023-09-11): 160 matches, 72 wins | San Jose Earthquakes (2025-01-01 to present): 60 matches, 25 wins",521,245,131,145,47.02,1.66,60,25,11,24,41.67,1.43,10,3,3,"6713, 6602, 6637","USA, DC United, LA Galaxy","298, 130, 9441, 297","CONCACAF Gold Cup, MLS, Open Cup, CONCACAF Champions Cup","USA - CONCACAF Gold Cup: won [2017 USA, 2005, 2002]; runner-up [] | DC United - MLS: won [1997, 1996]; runner-up [1998] | DC United - Open Cup: won [1996]; runner-up [1997] | DC United - CONCACAF Champions Cup: won [1998]; runner-up [] | LA Galaxy - MLS: won [2014, 2012, 2011]; runner-up [2009]",27,13,3,11,48.15,5071285,2026-08-20,6637,LA Galaxy,130,Major League Soccer,1-0,L,https://www.fotmob.com/players/78588/bruce-arena,https://images.fotmob.com/image_resources/playerimages/78588.png,2026-08-23T04:30:15+00:00
254853,Ryan Richter,1989-12-04,36,USA,USA,male,active,188,191716,Philadelphia Union,2026-05-27,,1,1,722264,Philadelphia Union II,"Philadelphia Union II (2025-01-15 to 2026-05-27): 42 matches, 28 wins",42,28,0,14,66.67,2.0,,,,,,,0,0,0,,,,,,9,5,2,2,55.56,5071297,2026-08-23,1218886,Austin FC,130,Major League Soccer,1-1,D,https://www.fotmob.com/players/254853/ryan-richter,https://images.fotmob.com/image_resources/playerimages/254853.png,2026-08-23T04:30:15+00:00
70286,Pat Noonan,1980-08-02,46,USA,USA,male,active,183,722265,FC Cincinnati,2022-02-23,,2,2,"191716, 722265","Philadelphia Union, FC Cincinnati","Philadelphia Union (2018-01-17 to 2022-02-23): 147 matches, 71 wins | FC Cincinnati (2022-02-23 to present): 203 matches, 105 wins",350,176,71,103,50.29,1.71,203,105,41,57,51.72,1.75,0,0,0,,,,,,38,18,8,12,47.37,5071292,2026-08-22,130394,Seattle Sounders FC,130,Major League Soccer,1-1,D,https://www.fotmob.com/players/70286/pat-noonan,https://images.fotmob.com/image_resources/playerimages/70286.png,2026-08-23T04:30:15+00:00
1213522,Pascal Jansen,1973-05-02,53,Netherlands,NED,male,active,,546238,New York City FC,2025-01-06,,4,4,"455494, 10229, 8222, 546238","Jong PSV, AZ Alkmaar, Ferencvaros, New York City FC","Jong PSV (2015-07-01 to 2017-06-30): 74 matches, 33 wins | AZ Alkmaar (2020-12-05 to 2024-01-17): 162 matches, 96 wins | Ferencvaros (2024-06-15 to 2024-12-31): 28 matches, 16 wins | New York City FC (2025-01-06 to present): 69 matches, 31 wins",333,176,58,99,52.85,1.76,69,31,10,28,44.93,1.49,0,0,0,,,,,,37,16,6,15,43.24,5071276,2026-08-19,722265,FC Cincinnati,130,Major League Soccer,2-1,L,https://www.fotmob.com/players/1213522/pascal-jansen,https://images.fotmob.com/image_resources/playerimages/1213522.png,2026-08-23T04:30:15+00:00
458569,René Weiler,1973-09-13,52,Switzerland,SUI,male,active,,6602,DC United,2025-08-15,,9,9,"10177, 9930, 8165, 8635, 10199, 101745, 4397, 9777, 6602","Schaffhausen, Aarau, 1. FC Nürnberg, Anderlecht, Luzern, Al Ahly SC, Kashima Antlers, Servette, DC United","Schaffhausen (2009-07-01 to 2011-04-13): 24 matches, 8 wins | Aarau (2011-04-14 to 2014-06-30): 120 matches, 65 wins | 1. FC Nürnberg (2014-11-12 to 2016-06-20): 60 matches, 30 wins | Anderlecht (2016-06-20 to 2017-09-18): 67 matches, 36 wins | Luzern (2018-06-21 to 2019-02-17): 26 matches, 11 wins | Al Ahly SC (2019-09-01 to 2020-10-01): 40 matches, 31 wins | Kashima Antlers (2022-01-09 to 2022-08-07): 35 matches, 19 wins | Servette (2023-05-30 to 2024-06-21): 58 matches, 27 wins | DC United (2025-08-15 to present): 30 matches, 6 wins",460,233,98,129,50.65,1.73,30,6,13,11,20,1.03,4,2,3,"101745, 8635, 9930","Al Ahly SC, Anderlecht, Aarau","10314, 40, 266, 163","Super Cup, First Division A, Challenge League",Al Ahly SC - Super Cup: won [2017/2018]; runner-up [2019/2020] | Anderlecht - First Division A: won [2016/2017]; runner-up [] | Anderlecht - Super Cup: won [2017/2018]; runner-up [] | Aarau - Challenge League: won [2012/2013]; runner-up [2011/2012],28,6,12,10,21.43,5071291,2026-08-22,1323940,Charlotte FC,130,Major League Soccer,3-1,L,https://www.fotmob.com/players/458569/rene-weiler,https://images.fotmob.com/image_resources/playerimages/458569.png,2026-08-23T04:30:15+00:00
928928,Christian Titz,1971-04-01,55,Germany,GER,male,active,,9904,Hannover 96,2025-06-15,,6,6,"1734, 8187, 9790, 8296, 8188, 9904","Homburg, Hamburger SV II, Hamburger SV, RW Essen, Magdeburg, Hannover 96","Homburg (2011-07-01 to 2014-04-07): 63 matches, 23 wins | Hamburger SV II (2017-07-01 to 2018-03-12): 20 matches, 13 wins | Hamburger SV (2018-03-12 to 2018-10-23): 19 matches, 10 wins | RW Essen (2019-06-05 to 2020-06-30): 24 matches, 16 wins | Magdeburg (2021-02-12 to 2025-06-15): 160 matches, 70 wins | Hannover 96 (2025-06-15 to present): 37 matches, 16 wins",323,148,77,98,45.82,1.61,37,16,12,9,43.24,1.62,2,0,1,8188,Magdeburg,"-1, 208","Reg. Cup Sachsen-Anhalt, 3. Liga",Magdeburg - Reg. Cup Sachsen-Anhalt: won [2020/2021]; runner-up [] | Magdeburg - 3. Liga: won [2021/2022]; runner-up [],34,14,12,8,41.18,5881639,2026-08-16,8721,Wolfsburg,146,2. Bundesliga,0-1,L,https://www.fotmob.com/players/928928/christian-titz,https://images.fotmob.com/image_resources/playerimages/928928.png,2026-08-23T04:30:15+00:00
30810,Pablo Mastroeni,1976-08-29,49,USA,USA,male,active,177,6606,Real Salt Lake,2021-08-27,,2,2,"8314, 6606","Colorado Rapids, Real Salt Lake","Colorado Rapids (2014-01-10 to 2017-08-15): 130 matches, 42 wins | Real Salt Lake (2021-08-27 to present): 207 matches, 86 wins",337,128,72,137,37.98,1.35,207,86,40,81,41.55,1.44,1,0,1,6606,Real Salt Lake,-1,Mobile Mini Sun Cup,Real Salt Lake - Mobile Mini Sun Cup: won [2023]; runner-up [],32,13,6,13,40.62,5071296,2026-08-22,267810,Orlando City,130,Major League Soccer,2-1,L,https://www.fotmob.com/players/30810/pablo-mastroeni,https://images.fotmob.com/image_resources/playerimages/30810.png,2026-08-23T04:30:15+00:00
944184,Martí Cifuentes,1982-07-07,44,Spain,ESP,male,active,,307690,Portland Timbers,2026-07-21,,8,8,"8229, 7825, 8609, 8470, 8248, 10172, 8197, 307690","Sant Andreu, CE L'Hospitalet, Sandefjord, AaB, Hammarby, Queens Park Rangers, Leicester City, Portland Timbers","Sant Andreu (2014-02-12 to 2014-07-10): 13 matches, 5 wins | CE L'Hospitalet (2015-06-01 to 2016-03-29): 31 matches, 9 wins | Sandefjord (2018-06-23 to 2020-12-31): 80 matches, 33 wins | AaB (2021-01-01 to 2022-01-24): 40 matches, 17 wins | Hammarby (2022-01-12 to 2023-10-31): 73 matches, 38 wins | Queens Park Rangers (2023-10-31 to 2025-06-24): 83 matches, 29 wins | Leicester City (2025-07-15 to 2026-01-25): 31 matches, 11 wins | Portland Timbers (2026-07-21 to present): 8 matches, 5 wins",359,147,94,118,40.95,1.49,8,5,1,2,62.5,2,0,0,0,,,,,,3,2,0,1,66.67,5071287,2026-08-20,1701119,San Diego FC,130,Major League Soccer,3-1,W,https://www.fotmob.com/players/944184/marti-cifuentes,https://images.fotmob.com/image_resources/playerimages/944184.png,2026-08-23T04:30:15+00:00
33619,Laurent Courtois,1978-09-11,47,France,FRA,male,active,171,6001,Columbus Crew,2026-05-18,,3,3,"1348126, 161195, 6001","Columbus Crew 2, CF Montreal, Columbus Crew","Columbus Crew 2 (2022-03-01 to 2024-01-07): 59 matches, 43 wins | CF Montreal (2024-01-08 to 2025-03-24): 45 matches, 12 wins | Columbus Crew (2026-05-18 to present): 11 matches, 6 wins",115,61,13,41,53.04,1.7,11,6,1,4,54.55,1.73,1,1,1,1348126,Columbus Crew 2,10282,MLS Next Pro,Columbus Crew 2 - MLS Next Pro: won [2022]; runner-up [2023],8,2,2,4,25.0,5071299,2026-08-23,915807,Nashville SC,130,Major League Soccer,3-2,L,https://www.fotmob.com/players/33619/laurent-courtois,https://images.fotmob.com/image_resources/playerimages/33619.png,2026-08-23T04:30:16+00:00
7692,Mattia Croci-Torti,1982-04-10,44,Switzerland,SUI,male,active,178,7896,Lugano,2021-09-01,,1,1,7896,Lugano,"Lugano (2021-09-01 to present): 241 matches, 116 wins",241,116,48,77,48.13,1.64,241,116,48,77,48.13,1.64,1,2,1,7896,Lugano,164,Swiss Cup,"Lugano - Swiss Cup: won [2021/2022]; runner-up [2023/2024, 2022/2023]",44,26,11,7,59.09,5988074,2026-08-20,7855,Maccabi Tel Aviv,10615,Conference League Qualification,2-1,W,https://www.fotmob.com/players/7692/mattia-croci-torti,https://images.fotmob.com/image_resources/playerimages/7692.png,2026-08-23T04:30:16+00:00
1019951,Tim Walter,1975-11-08,50,Germany,GER,male,active,,8150,Holstein Kiel,2026-02-24,,6,5,"8264, 8150, 10269, 9790, 8667","Bayern München II, Holstein Kiel, VfB Stuttgart, Hamburger SV, Hull City","Bayern München II (2017-07-01 to 2018-06-30): 36 matches, 22 wins | Holstein Kiel (2018-07-01 to 2019-06-30): 37 matches, 15 wins | VfB Stuttgart (2019-07-01 to 2019-12-23): 20 matches, 11 wins | Hamburger SV (2021-07-01 to 2024-02-12): 103 matches, 55 wins | Hull City (2024-07-17 to 2024-11-27): 18 matches, 3 wins | Holstein Kiel (2026-02-24 to present): 13 matches, 5 wins",227,111,54,62,48.9,1.7,13,5,4,4,38.46,1.46,0,0,0,,,,,,12,5,3,4,41.67,5881641,2026-08-14,8152,St. Pauli,146,2. Bundesliga,2-2,D,https://www.fotmob.com/players/1019951/tim-walter,https://images.fotmob.com/image_resources/playerimages/1019951.png,2026-08-23T04:30:16+00:00
699547,Morten Dahm Kjærgaard,1984-01-04,42,Denmark,DEN,male,active,,8109,Aarhus Fremad,2020-01-13,2026-06-11,1,1,8109,Aarhus Fremad,"Aarhus Fremad (2020-01-13 to 2026-06-11): 212 matches, 109 wins",212,109,48,55,51.42,1.77,212,109,48,55,51.42,1.77,0,0,0,,,,,,30,11,10,9,36.67,5739481,2026-08-16,10202,Nordsjælland,46,Superligaen,1-0,L,https://www.fotmob.com/players/699547/morten-dahm-kjaergaard,https://images.fotmob.com/image_resources/playerimages/699547.png,2026-08-23T04:30:16+00:00
1027567,Marc Dos Santos,1977-05-26,49,Canada,CAN,male,active,,867280,Los Angeles FC,2025-12-10,,5,5,"514648, 722268, 823139, 307691, 867280","Ottawa Fury, Sporting Kansas City II, San Francisco Deltas, Vancouver Whitecaps, Los Angeles FC","Ottawa Fury (2013-05-23 to 2015-12-31): 59 matches, 23 wins | Sporting Kansas City II (2016-03-01 to 2016-10-25): 34 matches, 17 wins | San Francisco Deltas (2017-02-14 to 2017-11-30): 37 matches, 18 wins | Vancouver Whitecaps (2018-11-07 to 2021-08-28): 81 matches, 22 wins | Los Angeles FC (2025-12-10 to present): 32 matches, 18 wins",243,98,60,85,40.33,1.46,32,18,6,8,56.25,1.88,2,0,2,"307691, 823139","Vancouver Whitecaps, San Francisco Deltas",-1,"Timbers Preseason Tournament, NASL",Vancouver Whitecaps - Timbers Preseason Tournament: won [2020]; runner-up [] | San Francisco Deltas - NASL: won [2017]; runner-up [],32,16,8,8,50.0,5071283,2026-08-20,8314,Colorado Rapids,130,Major League Soccer,1-0,L,https://www.fotmob.com/players/1027567/marc-dos-santos,https://images.fotmob.com/image_resources/playerimages/1027567.png,2026-08-23T04:30:16+00:00
5343,Thomas Reis,1973-10-04,52,Germany,GER,male,active,,210173,Ludogorets Razgrad,2026-07-12,,5,5,"8200, 9911, 10189, 9750, 210173","Bochum II, Bochum, Schalke 04, Samsunspor, Ludogorets Razgrad","Bochum II (2014-01-27 to 2015-01-05): 35 matches, 6 wins | Bochum (2019-09-06 to 2022-09-12): 112 matches, 50 wins | Schalke 04 (2022-10-27 to 2023-09-27): 31 matches, 9 wins | Samsunspor (2024-07-01 to 2026-02-14): 72 matches, 33 wins | Ludogorets Razgrad (2026-07-12 to present): 8 matches, 5 wins",258,103,61,94,39.92,1.43,8,5,2,1,62.5,2.12,1,0,1,9911,Bochum,146,2. Bundesliga,Bochum - 2. Bundesliga: won [2020/2021]; runner-up [],13,7,5,1,53.85,5760473,2026-08-22,10134,Slavia Sofia,270,First Professional League,1-1,D,https://www.fotmob.com/players/5343/thomas-reis,https://images.fotmob.com/image_resources/playerimages/5343.png,2026-08-23T04:30:16+00:00
2918,Jocelyn Gourvennec,1972-03-22,54,France,FRA,male,active,,9777,Servette,2025-08-11,,6,5,"9747, 9827, 8639, 9830, 9777","Guingamp, Bordeaux, Lille, Nantes, Servette","Guingamp (2010-07-01 to 2016-05-27): 259 matches, 114 wins | Bordeaux (2016-07-01 to 2018-01-18): 66 matches, 25 wins | Guingamp (2018-11-08 to 2019-05-25): 29 matches, 6 wins | Lille (2021-07-05 to 2022-06-16): 49 matches, 19 wins | Nantes (2023-11-29 to 2024-03-17): 15 matches, 4 wins | Servette (2025-08-11 to present): 44 matches, 16 wins",462,184,113,165,39.83,1.44,44,16,14,14,36.36,1.41,0,0,0,,,,,,39,14,13,12,35.9,5804234,2026-08-08,9956,Grasshopper,69,Super League,2-1,W,https://www.fotmob.com/players/2918/jocelyn-gourvennec,https://images.fotmob.com/image_resources/playerimages/2918.png,2026-08-23T04:30:16+00:00
30474,Stephan Lichtsteiner,1984-01-16,42,Switzerland,SUI,male,active,182,9931,Basel,2026-01-26,,2,2,"238567, 9931","FC Wettswil-Bonstetten, Basel","FC Wettswil-Bonstetten (2025-07-01 to 2026-01-26): 1 matches, 0 wins | Basel (2026-01-26 to present): 24 matches, 10 wins",25,10,2,13,40.0,1.28,24,10,2,12,41.67,1.33,0,0,0,,,,,,23,9,2,12,39.13,5804239,2026-08-22,10243,FC Zürich,69,Super League,1-2,W,https://www.fotmob.com/players/30474/stephan-lichtsteiner,https://images.fotmob.com/image_resources/playerimages/30474.png,2026-08-23T04:30:16+00:00
1337087,Atila Gerin,1968-03-03,58,Turkiye,TUR,male,active,,10182,Kayserispor,2026-06-10,,3,3,"4684, 4681, 10182","Turgutluspor, Eyüpspor, Kayserispor","Turgutluspor (2021-10-26 to 2021-12-27): 1 matches, 0 wins | Eyüpspor (2026-01-14 to 2026-06-09): 20 matches, 6 wins | Kayserispor (2026-06-10 to present): 2 matches, 2 wins",23,8,6,9,34.78,1.3,2,2,0,0,100,3,0,0,0,,,,,,17,5,5,7,29.41,4842613,2026-05-17,8695,Fenerbahçe,71,Super Lig,3-3,D,https://www.fotmob.com/players/1337087/atila-gerin,https://images.fotmob.com/image_resources/playerimages/1337087.png,2026-08-23T04:30:16+00:00
814948,Ian Cathro,1986-07-11,40,Scotland,SCO,male,active,,9853,Saint-Etienne,2026-06-08,,3,3,"9860, 7842, 9853","Heart of Midlothian, Estoril, Saint-Etienne","Heart of Midlothian (2016-12-05 to 2017-08-01): 30 matches, 8 wins | Estoril (2024-07-01 to 2026-06-08): 71 matches, 23 wins | Saint-Etienne (2026-06-08 to present): 3 matches, 3 wins",104,34,25,45,32.69,1.22,3,3,0,0,100,3,0,0,0,,,,,,3,3,0,0,100.0,5803235,2026-08-22,9855,Grenoble,110,Ligue 2,4-0,W,https://www.fotmob.com/players/814948/ian-cathro,https://images.fotmob.com/image_resources/playerimages/814948.png,2026-08-23T04:30:16+00:00
41888,Mauro Camoranesi,1976-10-04,49,Italy,ITA,male,active,177,7797,AEK Larnaca,2026-07-01,2026-08-14,10,9,"7797, 6243, 468676, 1580, 8340, -1, 204244, 89396, 452820","AEK Larnaca, Anorthosis, Karmiotissa, Floriana, Maribor, MND Tabor Sežana, Cafetaleros de Chiapas, Tigre, Zacatepec FC","AEK Larnaca (2026-07-01 to 2026-08-14):  matches,  wins | Anorthosis (2026-02-03 to 2026-06-30):  matches,  wins | Anorthosis (2024-11-27 to 2025-04-23):  matches,  wins | Karmiotissa (2024-10-03 to 2024-10-22):  matches,  wins | Floriana (2023-06-05 to 2024-05-15):  matches,  wins | Maribor (2020-09-04 to 2021-02-23):  matches,  wins | MND Tabor Sežana (2020-01-03 to 2020-09-03):  matches,  wins | Cafetaleros de Chiapas (2016-08-31 to 2017-01-23):  matches,  wins | Tigre (2015-12-21 to 2016-03-18):  matches,  wins | Zacatepec FC (2014-12-16 to 2015-08-20):  matches,  wins",0,0,0,0,,,,,,,,,0,0,0,,,,,,0,0,0,0,,,,,,,,,,https://www.fotmob.com/players/41888/mauro-camoranesi,https://images.fotmob.com/image_resources/playerimages/41888.png,2026-08-23T04:30:16+00:00
1286179,Julián Calero,1970-10-26,55,Spain,ESP,male,active,,8670,Real Oviedo,2026-07-06,,6,6,"161758, 189674, 7876, 8554, 8581, 8670","Navalcarnero, Rayo Majadahonda, Burgos CF, Cartagena, Levante, Real Oviedo","Navalcarnero (2017-07-03 to 2018-06-05): 38 matches, 18 wins | Rayo Majadahonda (2019-07-01 to 2020-03-03): 29 matches, 11 wins | Burgos CF (2020-06-25 to 2023-05-28): 116 matches, 48 wins | Cartagena (2023-09-25 to 2024-06-30): 38 matches, 15 wins | Levante (2024-06-08 to 2025-11-30): 58 matches, 25 wins | Real Oviedo (2026-07-06 to present): 2 matches, 0 wins",281,117,71,93,41.64,1.5,2,0,1,1,0,0.5,1,0,1,8581,Levante,140,LaLiga2,Levante - LaLiga2: won [2024/2025]; runner-up [],4,1,1,2,25.0,5868412,2026-08-22,7854,Leganes,140,LaLiga2,0-1,L,https://www.fotmob.com/players/1286179/julian-calero,https://images.fotmob.com/image_resources/playerimages/1286179.png,2026-08-23T04:30:17+00:00
1251043,Martín Varini,1991-08-02,35,Uruguay,URU,male,active,185,1842,Necaxa,2025-12-08,,5,5,"2221, 7796, 10273, 649424, 1842","Rentistas, Defensor Sporting, Athletico Paranaense, FC Juarez, Necaxa","Rentistas (2021-04-08 to 2021-10-02): 25 matches, 4 wins | Defensor Sporting (2023-12-26 to 2024-07-08): 26 matches, 14 wins | Athletico Paranaense (2024-07-09 to 2024-09-24): 20 matches, 8 wins | FC Juarez (2024-11-25 to 2025-12-01): 42 matches, 15 wins | Necaxa (2025-12-08 to present): 24 matches, 8 wins",137,49,33,55,35.77,1.31,24,8,3,13,33.33,1.12,0,0,0,,,,,,36,12,7,17,33.33,5844872,2026-08-13,546238,New York City FC,10043,Leagues Cup,1-2,W,https://www.fotmob.com/players/1251043/martin-varini,https://images.fotmob.com/image_resources/playerimages/1251043.png,2026-08-23T04:30:17+00:00
38316,Frédéric Vanderbiest,1977-10-10,48,Belgium,BEL,male,active,,8203,KV Mechelen,2025-03-04,,7,6,"8573, 9984, 9988, 2136, 9989, 8203","Oostende, Cercle Brugge, Royal Antwerp, Aris Limassol, Lierse, KV Mechelen","Oostende (2011-02-14 to 2015-07-01): 171 matches, 79 wins | Cercle Brugge (2015-07-01 to 2016-05-25): 33 matches, 14 wins | Royal Antwerp (2016-05-25 to 2016-10-11): 11 matches, 3 wins | Aris Limassol (2016-11-01 to 2017-01-04): 8 matches, 2 wins | Lierse (2017-03-17 to 2017-10-06): 20 matches, 4 wins | KV Mechelen (2023-11-02 to 2023-11-08): 1 matches, 0 wins | KV Mechelen (2025-03-04 to present): 57 matches, 18 wins",301,120,77,104,39.87,1.45,57,18,19,20,31.58,1.28,0,0,0,,,,,,39,11,11,17,28.21,5811730,2026-08-22,9986,Sporting Charleroi,40,Belgian Pro League,2-0,L,https://www.fotmob.com/players/38316/frederic-vanderbiest,https://images.fotmob.com/image_resources/playerimages/38316.png,2026-08-23T04:30:17+00:00
2744,Óscar García,1973-04-26,53,Spain,ESP,male,active,182,8023,Pogoń Szczecin,2026-07-01,,14,13,"7855, 10204, 9817, 10013, 9853, 8638, 9910, 9837, 1773, 7807, 163363, 8593, 8023","Maccabi Tel Aviv, Brighton & Hove Albion, Watford, Salzburg, Saint-Etienne, Olympiacos, Celta Vigo, Reims, OH Leuven, Chivas, Jong Ajax, Ajax, Pogoń Szczecin","Maccabi Tel Aviv (2012-07-01 to 2013-06-30): 39 matches, 25 wins | Brighton & Hove Albion (2013-07-20 to 2014-05-12): 53 matches, 21 wins | Maccabi Tel Aviv (2014-06-02 to 2014-08-26): 5 matches, 2 wins | Watford (2014-09-02 to 2014-09-29): 4 matches, 1 wins | Salzburg (2015-12-28 to 2017-06-15): 73 matches, 51 wins | Saint-Etienne (2017-06-15 to 2017-11-15): 12 matches, 5 wins | Olympiacos (2018-01-05 to 2018-04-04): 14 matches, 7 wins | Celta Vigo (2019-11-04 to 2020-11-09): 38 matches, 8 wins | Reims (2021-07-01 to 2022-10-13): 51 matches, 14 wins | OH Leuven (2023-11-03 to 2024-11-22): 45 matches, 13 wins | Chivas (2024-12-03 to 2025-03-03): 12 matches, 5 wins | Jong Ajax (2026-02-10 to 2026-03-07): 5 matches, 2 wins | Ajax (2026-03-08 to 2026-06-21): 10 matches, 5 wins | Pogoń Szczecin (2026-07-01 to present): 3 matches, 2 wins",364,161,102,101,44.23,1.61,3,2,0,1,66.67,2,5,0,2,"10013, 7855","Salzburg, Maccabi Tel Aviv","-1, 38, 127","Cup, Bundesliga, Ligat ha'Al","Salzburg - Cup: won [2016/2017, 2015/2016]; runner-up [] | Salzburg - Bundesliga: won [2016/2017, 2015/2016]; runner-up [] | Maccabi Tel Aviv - Ligat ha'Al: won [2012/2013]; runner-up []",3,2,0,1,66.67,5803936,2026-08-08,89466,Motor Lublin,196,Ekstraklasa,3-1,W,https://www.fotmob.com/players/2744/oscar-garcia,https://images.fotmob.com/image_resources/playerimages/2744.png,2026-08-23T04:30:17+00:00
864794,Miguel Cardoso,1972-05-28,54,Portugal,POR,male,active,,4530,Mamelodi Sundowns FC,2024-12-10,,7,6,"7841, 9830, 9910, 8563, 8153, 4530","Rio Ave, Nantes, Celta Vigo, AEK Athens, Espérance, Mamelodi Sundowns FC","Rio Ave (2017-06-12 to 2018-06-15): 42 matches, 20 wins | Nantes (2018-06-15 to 2018-10-02): 8 matches, 1 wins | Celta Vigo (2018-11-12 to 2019-03-04): 15 matches, 3 wins | AEK Athens (2019-05-28 to 2019-08-27): 4 matches, 1 wins | Rio Ave (2021-01-29 to 2021-05-27): 20 matches, 4 wins | Espérance (2024-01-12 to 2024-10-22): 25 matches, 15 wins | Mamelodi Sundowns FC (2024-12-10 to present): 92 matches, 58 wins",206,102,48,56,49.51,1.72,92,58,21,13,63.04,2.12,3,2,2,"4530, 8153","Mamelodi Sundowns FC, Espérance","526, 537, 544","CAF Champions League, Premier Soccer League, Ligue I",Mamelodi Sundowns FC - CAF Champions League: won [2025/2026]; runner-up [2024/2025] | Mamelodi Sundowns FC - Premier Soccer League: won [2024/2025]; runner-up [2025/2026] | Espérance - Ligue I: won [2023/2024]; runner-up [],12,6,4,2,50.0,5348106,2026-05-24,102035,FAR Rabat,526,CAF Champions League,1-1,D,https://www.fotmob.com/players/864794/miguel-cardoso,https://images.fotmob.com/image_resources/playerimages/864794.png,2026-08-23T04:30:17+00:00
1031423,José Riveiro,1977-09-15,48,Spain,ESP,male,active,,8349,AIK,2026-01-16,,4,4,"6550, 7866, 101745, 8349","FC Inter Turku, Orlando Pirates, Al Ahly SC, AIK","FC Inter Turku (2019-01-01 to 2021-12-31): 102 matches, 56 wins | Orlando Pirates (2022-06-25 to 2025-05-15): 130 matches, 81 wins | Al Ahly SC (2025-05-29 to 2025-08-31): 7 matches, 1 wins | AIK (2026-01-16 to present): 22 matches, 11 wins",261,149,44,68,57.09,1.88,22,11,4,7,50,1.68,8,1,3,"101745, 7866, 0","Al Ahly SC, Orlando Pirates, All-Stars XI","519, 9474, 9473, -1","Premier League, South Africa 8 Cup, Nedbank Cup, Black Label Cup","Al Ahly SC - Premier League: won [2024/2025]; runner-up [] | Orlando Pirates - South Africa 8 Cup: won [2024/2025, 2023/2024, 2022/2023]; runner-up [] | Orlando Pirates - Nedbank Cup: won [2023/2024, 2022/2023]; runner-up [2024/2025] | All-Stars XI - Black Label Cup: won [2024/2025, 2023/2024]; runner-up []",20,8,5,7,40.0,5107565,2026-08-16,9802,Djurgården,67,Allsvenskan,1-3,W,https://www.fotmob.com/players/1031423/jose-riveiro,https://images.fotmob.com/image_resources/playerimages/1031423.png,2026-08-23T04:30:17+00:00
40864,Mirel Radoi,1981-03-22,45,Romania,ROU,male,active,177,4081,Gaziantep FK,2026-04-22,,10,9,"8553, 9730, 1249011, 480286, 101917, 1112866, 102101, 9723, 4081","Romania U21, Romania, Romania U23, Universitatea Craiova, Al Taee, Al Bataeh, Al-Jazira, FCSB, Gaziantep FK","Romania U21 (2018-08-03 to 2019-11-26): 13 matches, 9 wins | Romania (2019-11-27 to 2021-11-30): 20 matches, 8 wins | Romania U23 (2021-06-29 to 2021-11-30): 3 matches, 1 wins | Universitatea Craiova (2022-08-09 to 2022-12-31): 23 matches, 12 wins | Al Taee (2023-01-22 to 2023-05-18): 13 matches, 4 wins | Al Bataeh (2023-07-01 to 2023-12-31): 12 matches, 4 wins | Al-Jazira (2024-01-05 to 2024-04-08): 7 matches, 1 wins | Universitatea Craiova (2025-01-28 to 2025-11-10): 44 matches, 23 wins | FCSB (2026-03-08 to 2026-04-21): 5 matches, 3 wins | Gaziantep FK (2026-04-22 to present): 5 matches, 0 wins",145,65,32,48,44.83,1.57,5,0,1,4,0,0.2,0,0,0,,,,,,24,8,7,9,33.33,5904704,2026-08-15,4678,Alanyaspor,71,Super Lig,1-1,D,https://www.fotmob.com/players/40864/mirel-radoi,https://images.fotmob.com/image_resources/playerimages/40864.png,2026-08-23T04:30:17+00:00
21785,Esteban Solari,1980-06-02,46,Argentina,ARG,male,active,187,1946,Pumas,2026-06-22,,5,5,"165228, 1890, 10227, 7848, 1946","Johor Darul Ta'zim, Everton CD, Godoy Cruz, Pachuca, Pumas","Johor Darul Ta'zim (2023-01-04 to 2023-12-31): 32 matches, 28 wins | Everton CD (2024-03-14 to 2024-11-27): 31 matches, 13 wins | Godoy Cruz (2025-02-19 to 2025-08-09): 22 matches, 5 wins | Pachuca (2025-11-19 to 2026-06-09): 23 matches, 13 wins | Pumas (2026-06-22 to present): 7 matches, 2 wins",115,61,26,28,53.04,1.82,7,2,1,4,28.57,1,3,0,1,165228,Johor Darul Ta'zim,-1,"FA Cup, Malaysia Cup, Super League",Johor Darul Ta'zim - FA Cup: won [2023]; runner-up [] | Johor Darul Ta'zim - Malaysia Cup: won [2023]; runner-up [] | Johor Darul Ta'zim - Super League: won [2023]; runner-up [],24,12,5,7,50.0,5844859,2026-08-11,6001,Columbus Crew,10043,Leagues Cup,1-1,D,https://www.fotmob.com/players/21785/esteban-solari,https://images.fotmob.com/image_resources/playerimages/21785.png,2026-08-23T04:30:17+00:00
174377,Barak Bakhar,1979-09-21,46,Israel,ISR,male,active,,10185,Maccabi Haifa,2025-10-21,,7,4,"2095, 9754, 10185, 8687","Hapoel Ironi Kiryat Shmona, Hapoel Beer Sheva, Maccabi Haifa, FK Crvena Zvezda","Hapoel Ironi Kiryat Shmona (2012-10-03 to 2012-10-14): 1 matches, 0 wins | Hapoel Ironi Kiryat Shmona (2013-06-25 to 2015-05-25): 80 matches, 41 wins | Hapoel Beer Sheva (2015-06-01 to 2020-01-06): 224 matches, 125 wins | Maccabi Haifa (2020-07-08 to 2023-06-30): 156 matches, 99 wins | FK Crvena Zvezda (2023-06-01 to 2023-12-21): 25 matches, 15 wins | Maccabi Haifa (2024-06-27 to 2025-05-10): 41 matches, 22 wins | Maccabi Haifa (2025-10-21 to present): 34 matches, 16 wins",561,318,110,133,56.68,1.9,34,16,7,11,47.06,1.62,12,4,3,"9754, 10185, 2095","Hapoel Beer Sheva, Maccabi Haifa, Hapoel Ironi Kiryat Shmona","9862, 127, -1","Super Cup, Ligat ha'Al, Toto Cup Ligat Al, State Cup","Hapoel Beer Sheva - Super Cup: won [2017/2018, 2016/2017]; runner-up [2018/2019] | Hapoel Beer Sheva - Ligat ha'Al: won [2017/2018, 2016/2017, 2015/2016]; runner-up [] | Hapoel Beer Sheva - Toto Cup Ligat Al: won [2016/2017]; runner-up [2017/2018] | Maccabi Haifa - Super Cup: won [2021/2022]; runner-up [2022/2023] | Maccabi Haifa - Ligat ha'Al: won [2022/2023, 2021/2022, 2020/2021]; runner-up [] | Maccabi Haifa - Toto Cup Ligat Al: won [2021]; runner-up [2024/2025] | Hapoel Ironi Kiryat Shmona - State Cup: won [2013/2014]; runner-up []",0,0,0,0,,,,,,,,,,https://www.fotmob.com/players/174377/barak-bakhar,https://images.fotmob.com/image_resources/playerimages/174377.png,2026-08-23T04:30:17+00:00
26440,Timmy Simons,1976-12-11,49,Belgium,BEL,male,active,186,1773,OH Leuven,2026-06-23,,4,4,"10000, 7947, 10001, 1773","Zulte Waregem, FCV Dender EH, Westerlo, OH Leuven","Zulte Waregem (2021-12-17 to 2022-05-31): 15 matches, 4 wins | FCV Dender EH (2023-02-13 to 2024-05-23): 41 matches, 21 wins | Westerlo (2024-05-23 to 2025-06-16): 43 matches, 15 wins | OH Leuven (2026-06-23 to present): 2 matches, 0 wins",101,40,26,35,39.6,1.45,2,0,0,2,0,0,0,0,0,,,,,,2,0,0,2,0.0,5811723,2026-08-15,8342,Club Brugge,40,Belgian Pro League,0-3,L,https://www.fotmob.com/players/26440/timmy-simons,https://images.fotmob.com/image_resources/playerimages/26440.png,2026-08-23T04:30:17+00:00
43051,Dietmar Kühbauer,1971-04-04,55,Austria,AUT,male,active,,9977,LASK,2025-10-09,,7,5,"10053, 1954, 1907, 10015, 9977","Admira Wacker, Wolfsberger AC, SKN St. Pölten, Rapid Wien, LASK","Admira Wacker (2010-04-26 to 2013-06-11): 118 matches, 51 wins | Wolfsberger AC (2013-09-02 to 2015-11-24): 95 matches, 39 wins | SKN St. Pölten (2018-04-01 to 2018-10-01): 19 matches, 11 wins | Rapid Wien (2018-10-01 to 2021-11-10): 141 matches, 70 wins | LASK (2022-05-03 to 2023-06-06): 41 matches, 19 wins | Wolfsberger AC (2024-06-23 to 2025-10-08): 53 matches, 30 wins | LASK (2025-10-09 to present): 32 matches, 23 wins",499,243,97,159,48.7,1.66,32,23,6,3,71.88,2.34,4,0,3,"9977, 1954, 10053","LASK, Wolfsberger AC, Admira Wacker","-1, 38, 119","Cup, Bundesliga, 2. Liga",LASK - Cup: won [2025/2026]; runner-up [] | LASK - Bundesliga: won [2025/2026]; runner-up [] | Wolfsberger AC - Cup: won [2024/2025]; runner-up [] | Admira Wacker - 2. Liga: won [2010/2011]; runner-up [],37,24,8,5,64.86,5987799,2026-08-19,9925,Celtic,10611,Champions League Qualification,3-0,L,https://www.fotmob.com/players/43051/dietmar-kuhbauer,https://images.fotmob.com/image_resources/playerimages/43051.png,2026-08-23T04:30:17+00:00
1381547,Recep Uçar,1975-09-22,50,Turkiye,TUR,male,active,,2166,Rizespor,2025-12-03,,4,4,"281460, 10182, 8622, 2166","Ümraniyespor, Kayserispor, Konyaspor, Rizespor","Ümraniyespor (2020-10-28 to 2023-04-19): 98 matches, 43 wins | Kayserispor (2023-09-10 to 2024-01-27): 21 matches, 9 wins | Konyaspor (2024-10-31 to 2025-11-03): 45 matches, 20 wins | Rizespor (2025-12-03 to present): 26 matches, 9 wins",190,81,39,70,42.63,1.48,26,9,7,10,34.62,1.31,0,0,0,,,,,,24,8,6,10,33.33,5904716,2026-08-22,9750,Samsunspor,71,Super Lig,0-2,L,https://www.fotmob.com/players/1381547/recep-ucar,https://images.fotmob.com/image_resources/playerimages/1381547.png,2026-08-23T04:30:17+00:00
1459811,Adrian Siemieniec,1992-01-13,34,Poland,POL,male,active,,1957,Jagiellonia Białystok,2023-04-04,,1,1,1957,Jagiellonia Białystok,"Jagiellonia Białystok (2023-04-04 to present): 159 matches, 80 wins",159,80,41,38,50.31,1.77,159,80,41,38,50.31,1.77,1,0,1,1957,Jagiellonia Białystok,196,Ekstraklasa,Jagiellonia Białystok - Ekstraklasa: won [2023/2024]; runner-up [],46,19,16,11,41.3,5987960,2026-08-20,480291,Iberia 1999,10613,Europa League Qualification,4-0,W,https://www.fotmob.com/players/1459811/adrian-siemieniec,https://images.fotmob.com/image_resources/playerimages/1459811.png,2026-08-23T04:30:17+00:00
268979,Stephan Helm,1983-04-10,43,Austria,AUT,male,active,,10011,Austria Wien,2024-06-10,,2,2,"1907, 10011","SKN St. Pölten, Austria Wien","SKN St. Pölten (2021-07-01 to 2023-10-23): 78 matches, 39 wins | Austria Wien (2024-06-10 to present): 85 matches, 44 wins",163,83,25,55,50.92,1.68,85,44,13,28,51.76,1.71,0,0,0,,,,,,37,18,4,15,48.65,5988071,2026-08-20,10264,Braga,10615,Conference League Qualification,2-0,L,https://www.fotmob.com/players/268979/stephan-helm,https://images.fotmob.com/image_resources/playerimages/268979.png,2026-08-23T04:30:18+00:00
280982,Pedro Caixinha,1970-11-15,55,Portugal,POR,male,active,,649424,FC Juarez,2025-12-04,2026-08-02,12,11,"9771, 10214, 7857, 101897, 8548, 6578, 101916, 10101, 109705, 8514, 649424","Uniao de Leiria, Nacional, Santos Laguna, Al-Gharafa, Rangers, Cruz Azul, Al Shabab, Talleres, Bragantino, Santos FC, FC Juarez","Uniao de Leiria (2010-08-01 to 2011-09-07): 36 matches, 9 wins | Nacional (2011-11-04 to 2012-10-11): 35 matches, 15 wins | Santos Laguna (2012-11-20 to 2015-08-16): 124 matches, 52 wins | Al-Gharafa (2016-01-01 to 2017-03-10): 35 matches, 16 wins | Rangers (2017-03-11 to 2017-10-26): 27 matches, 14 wins | Cruz Azul (2018-01-01 to 2019-09-02): 69 matches, 31 wins | Al Shabab (2020-07-19 to 2021-01-06): 20 matches, 8 wins | Santos Laguna (2021-12-01 to 2022-03-20): 9 matches, 2 wins | Talleres (2022-03-26 to 2022-09-06): 34 matches, 10 wins | Bragantino (2022-12-10 to 2024-10-27): 125 matches, 50 wins | Santos FC (2024-12-23 to 2025-04-15): 16 matches, 6 wins | FC Juarez (2025-12-04 to 2026-08-02): 20 matches, 5 wins",550,218,152,180,39.64,1.47,20,5,4,11,25,0.95,5,0,2,"6578, 7857","Cruz Azul, Santos Laguna","-1, 230, 11039","Copa MX, Supercopa MX, Liga MX, Campeón de Campeones",Cruz Azul - Copa MX: won [2018/2019]; runner-up [] | Cruz Azul - Supercopa MX: won [2019]; runner-up [] | Santos Laguna - Copa MX: won [2014/2015 Apertura]; runner-up [] | Santos Laguna - Liga MX: won [2014/2015]; runner-up [] | Santos Laguna - Campeón de Campeones: won [2014/2015]; runner-up [],20,7,4,9,35.0,5844862,2026-08-12,6606,Real Salt Lake,10043,Leagues Cup,3-0,L,https://www.fotmob.com/players/280982/pedro-caixinha,https://images.fotmob.com/image_resources/playerimages/280982.png,2026-08-23T04:30:17+00:00
1741889,Frederic De Meyer,1982-04-13,44,Belgium,BEL,male,active,,9997,St.Truiden,2026-06-10,,3,2,"9997, 5801","St.Truiden, Congo","St.Truiden (2026-06-10 to present):  matches,  wins | St.Truiden (2025-04-11 to 2025-04-14):  matches,  wins | Congo (2022-06-02 to 2022-12-31):  matches,  wins",0,0,0,0,,,,,,,,,0,0,0,,,,,,3,1,2,0,33.33,5987957,2026-08-20,8044,Omonia Nicosia,10613,Europa League Qualification,1-0,W,https://www.fotmob.com/players/1741889/frederic-de-meyer,https://images.fotmob.com/image_resources/playerimages/1741889.png,2026-08-23T04:30:18+00:00
277954,Sergio Bueno,1962-07-04,64,Mexico,MEX,male,active,,,,,,0,0,,,,0,0,0,0,,,,,,,,,0,0,0,,,,,,11,3,3,5,27.27,5101861,2026-04-25,8561,Tigres,230,Liga MX Clausura,5-1,L,https://www.fotmob.com/players/277954/sergio-bueno,https://images.fotmob.com/image_resources/playerimages/277954.png,2026-08-23T04:30:18+00:00
34358,Dusan Kerkez,1976-05-01,50,Bosnia and Herzegovina,BIH,male,active,181,10187,Atromitos,2025-11-15,,5,5,"2134, 6374, 10131, 10144, 10187","AEL Limassol, Cukaricki, Botev Plovdiv, CSKA Sofia, Atromitos","AEL Limassol (2018-07-01 to 2021-12-06): 127 matches, 63 wins | Cukaricki (2022-06-10 to 2023-08-15): 47 matches, 29 wins | Botev Plovdiv (2023-09-04 to 2025-06-30): 80 matches, 36 wins | CSKA Sofia (2025-06-04 to 2025-09-20): 8 matches, 1 wins | Atromitos (2025-11-15 to present): 29 matches, 12 wins",291,141,58,92,48.45,1.65,29,12,7,10,41.38,1.48,2,0,2,"10131, 2134","Botev Plovdiv, AEL Limassol","-1, 330","Cup, Cyprus Cup ",Botev Plovdiv - Cup: won [2023/2024]; runner-up [] | AEL Limassol - Cyprus Cup : won [2018/2019]; runner-up [],28,11,8,9,39.29,5943228,2026-08-22,8638,Olympiacos,135,Super League,1-0,L,https://www.fotmob.com/players/34358/dusan-kerkez,https://images.fotmob.com/image_resources/playerimages/34358.png,2026-08-23T04:30:18+00:00
1928112,Karl Marius Aksum,1990-02-18,36,Norway,NOR,male,active,,8127,Mjällby,2024-08-17,,1,1,8127,Mjällby,"Mjällby (2024-08-17 to present):  matches,  wins",0,0,0,0,,,,,,,,,0,0,0,,,,,,24,9,6,9,37.5,5987961,2026-08-20,10013,Salzburg,10613,Europa League Qualification,0-1,L,https://www.fotmob.com/players/1928112/karl-marius-aksum,https://images.fotmob.com/image_resources/playerimages/1928112.png,2026-08-23T04:30:18+00:00
21612,Marius Baciu,1975-05-01,51,Romania,ROU,male,active,181,9723,FCSB,2026-05-19,,10,7,"9723, -1, 188185, 364412, 405358, 279290, 2179","FCSB, AFC Turris-Oltul Turnu Măgurele, ASC Daco-Getica București, Concordia Chiajna, FC Academica Clinceni, CS Flacara Faget, CSM Politehnica Iasi, Unirea Alba Iulia","FCSB (2026-05-19 to present):  matches,  wins | AFC Turris-Oltul Turnu Măgurele (2019-10-25 to 2019-12-27):  matches,  wins | ASC Daco-Getica București (2019-09-01 to 2019-10-24):  matches,  wins | ASC Daco-Getica București (2019-08-01 to 2019-08-31):  matches,  wins | ASC Daco-Getica București (2017-12-22 to 2019-07-31):  matches,  wins | Concordia Chiajna (2015-04-06 to 2015-09-01):  matches,  wins | FC Academica Clinceni (2014-06-21 to 2015-03-12):  matches,  wins | CS Flacara Faget (2011-10-19 to 2012-06-19):  matches,  wins | CSM Politehnica Iasi (2011-06-16 to 2011-08-28):  matches,  wins | Unirea Alba Iulia (2010-08-27 to 2010-10-25):  matches,  wins",0,0,0,0,,,,,,,,,0,0,0,,,,,,9,5,2,2,55.56,5853468,2026-08-17,188191,Botosani,189,Superliga,3-2,W,https://www.fotmob.com/players/21612/marius-baciu,https://images.fotmob.com/image_resources/playerimages/21612.png,2026-08-23T04:30:18+00:00
34177,Kenny Miller,1979-12-23,46,Scotland,SCO,male,active,178,7855,Maccabi Tel Aviv,2026-06-23,,2,2,"8596, 7855","Falkirk, Maccabi Tel Aviv","Falkirk (2022-04-14 to 2022-05-04): 3 matches, 1 wins | Maccabi Tel Aviv (2026-06-23 to present): 6 matches, 4 wins",9,5,1,3,55.56,1.78,6,4,0,2,66.67,2,2,0,1,7855,Maccabi Tel Aviv,"9862, -1","Super Cup, State Cup",Maccabi Tel Aviv - Super Cup: won [2026/2027]; runner-up [] | Maccabi Tel Aviv - State Cup: won [2025/2026]; runner-up [],5,3,0,2,60.0,5988074,2026-08-20,7896,Lugano,10615,Conference League Qualification,2-1,L,https://www.fotmob.com/players/34177/kenny-miller,https://images.fotmob.com/image_resources/playerimages/34177.png,2026-08-23T04:30:18+00:00
22362,Henry van der Vegt,1972-02-18,54,Netherlands,NED,male,active,,6413,PEC Zwolle,2025-05-27,,1,1,6413,PEC Zwolle,"PEC Zwolle (2025-05-27 to present): 39 matches, 11 wins",39,11,10,18,28.21,1.1,39,11,10,18,28.21,1.1,0,0,0,,,,,,35,8,10,17,22.86,5781719,2026-08-22,10228,SC Heerenveen,57,Eredivisie,0-2,W,https://www.fotmob.com/players/22362/henry-van-der-vegt,https://images.fotmob.com/image_resources/playerimages/22362.png,2026-08-23T04:30:18+00:00
38979,Danny Buijs,1982-06-21,44,Netherlands,NED,male,active,182,6422,Fortuna Sittard,2023-06-09,,5,4,"8441, 8674, 8203, 6422","Kozakken Boys, FC Groningen, KV Mechelen, Fortuna Sittard","Kozakken Boys (2014-07-01 to 2015-07-01): 33 matches, 19 wins | Kozakken Boys (2016-07-01 to 2018-06-24): 72 matches, 40 wins | FC Groningen (2018-06-24 to 2022-05-31): 139 matches, 51 wins | KV Mechelen (2022-06-01 to 2022-10-17): 12 matches, 3 wins | Fortuna Sittard (2023-06-09 to present): 113 matches, 37 wins",369,150,71,148,40.65,1.41,113,37,26,50,32.74,1.21,0,0,0,,,,,,35,12,6,17,34.29,5781716,2026-08-22,10229,AZ Alkmaar,57,Eredivisie,0-2,L,https://www.fotmob.com/players/38979/danny-buijs,https://images.fotmob.com/image_resources/playerimages/38979.png,2026-08-23T04:30:18+00:00
5063,Sander Duits,1983-08-29,42,Netherlands,NED,male,active,183,10219,RKC Waalwijk,2025-07-01,,1,1,10219,RKC Waalwijk,"RKC Waalwijk (2025-07-01 to present): 48 matches, 19 wins",48,19,15,14,39.58,1.5,48,19,15,14,39.58,1.5,0,0,0,,,,,,44,15,15,14,34.09,5832828,2026-08-21,6417,Helmond Sport,111,Eerste Divisie,1-1,D,https://www.fotmob.com/players/5063/sander-duits,https://images.fotmob.com/image_resources/playerimages/5063.png,2026-08-23T04:30:18+00:00
1009768,Bruno Lage,1976-05-12,50,Portugal,POR,male,active,,1787233,Al Diriyah,2026-07-05,,4,4,"338302, 8602, 8517, 1787233","Benfica B, Wolverhampton Wanderers, Botafogo RJ, Al Diriyah","Benfica B (2018-07-01 to 2019-01-03): 13 matches, 8 wins | Wolverhampton Wanderers (2021-06-09 to 2022-10-02): 51 matches, 19 wins | Botafogo RJ (2023-07-08 to 2023-10-04): 18 matches, 7 wins | Al Diriyah (2026-07-05 to present): 3 matches, 1 wins",85,35,19,31,41.18,1.46,3,1,0,2,33.33,1,5,1,1,0,SL Benfica,"188, 61, 9408, 187","Super Cup, Liga Portugal, International Champions Cup, League Cup","SL Benfica - Super Cup: won [2025/2026, 2019/2020]; runner-up [] | SL Benfica - Liga Portugal: won [2018/2019]; runner-up [2024/2025] | SL Benfica - International Champions Cup: won [2019]; runner-up [] | SL Benfica - League Cup: won [2024/2025]; runner-up []",2,1,0,1,50.0,5970092,2026-08-21,101911,Al Hazem,536,Saudi Pro League,0-1,W,https://www.fotmob.com/players/1009768/bruno-lage,https://images.fotmob.com/image_resources/playerimages/1009768.png,2026-08-23T04:30:18+00:00
1494306,BJ Callaghan,1981-07-01,45,USA,USA,male,active,,915807,Nashville SC,2024-07-04,,2,2,"6713, 915807","USA, Nashville SC","USA (2023-05-30 to 2023-07-31): 7 matches, 5 wins | Nashville SC (2024-07-04 to present): 90 matches, 44 wins",97,49,15,33,50.52,1.67,90,44,14,32,48.89,1.62,0,0,0,,,,,,43,23,8,12,53.49,5071299,2026-08-23,6001,Columbus Crew,130,Major League Soccer,3-2,W,https://www.fotmob.com/players/1494306/bj-callaghan,https://images.fotmob.com/image_resources/playerimages/1494306.png,2026-08-23T04:30:19+00:00
1499293,Eric Quill,1978-02-28,48,USA,USA,male,active,,6399,FC Dallas,2024-11-20,,3,3,"1004921, 1003208, 6399","North Texas SC, New Mexico United, FC Dallas","North Texas SC (2019-03-01 to 2022-03-31): 75 matches, 36 wins | New Mexico United (2023-06-13 to 2024-11-19): 63 matches, 31 wins | FC Dallas (2024-11-20 to present): 65 matches, 25 wins",203,92,48,63,45.32,1.6,65,25,17,23,38.46,1.42,1,0,1,1004921,North Texas SC,9296,USL League One,North Texas SC - USL League One: won [2019]; runner-up [],34,15,10,9,44.12,5071303,2026-08-23,307691,Vancouver Whitecaps,130,Major League Soccer,5-0,L,https://www.fotmob.com/players/1499293/eric-quill,https://images.fotmob.com/image_resources/playerimages/1499293.png,2026-08-23T04:30:18+00:00
46149,John Stegeman,1976-08-27,49,Netherlands,NED,male,active,,8525,Willem II,2025-06-23,,4,4,"9791, 6433, 6413, 8525","Heracles, Go Ahead Eagles, PEC Zwolle, Willem II","Heracles (2014-08-31 to 2018-06-30): 150 matches, 58 wins | Go Ahead Eagles (2018-07-01 to 2019-05-31): 44 matches, 21 wins | PEC Zwolle (2019-06-22 to 2021-02-21): 53 matches, 13 wins | Willem II (2025-06-23 to present): 48 matches, 25 wins",295,117,65,113,39.66,1.41,48,25,9,14,52.08,1.75,0,0,0,,,,,,44,24,9,11,54.55,5781706,2026-08-15,8464,NEC Nijmegen,57,Eredivisie,1-4,L,https://www.fotmob.com/players/46149/john-stegeman,https://images.fotmob.com/image_resources/playerimages/46149.png,2026-08-23T04:30:18+00:00
30080,Bartosz Grzelak,1978-11-02,47,Poland,POL,male,active,,2186,Cracovia,2026-04-20,,5,5,"4438, 8349, 8036, 8043, 2186","Hammarby TFF, AIK, Videoton FC Fehervar, Ujpest, Cracovia","Hammarby TFF (2011-12-07 to 2017-06-26): 168 matches, 65 wins | AIK (2020-07-31 to 2022-08-19): 81 matches, 42 wins | Videoton FC Fehervar (2023-03-15 to 2024-06-15): 43 matches, 18 wins | Ujpest (2024-07-01 to 2025-05-04): 32 matches, 9 wins | Cracovia (2026-04-20 to present): 10 matches, 2 wins",334,136,91,107,40.72,1.49,10,2,7,1,20,1.3,0,0,0,,,,,,10,2,7,1,20.0,5803950,2026-08-21,1286895,Wieczysta Kraków,196,Ekstraklasa,3-2,W,https://www.fotmob.com/players/30080/bartosz-grzelak,https://images.fotmob.com/image_resources/playerimages/30080.png,2026-08-23T04:30:19+00:00
34978,Aleksandar Vukovic,1979-08-25,46,Serbia,SRB,male,active,183,8024,Widzew Łódź,2026-03-05,,5,3,"8673, 8028, 8024","Legia Warszawa, Piast Gliwice, Widzew Łódź","Legia Warszawa (2016-09-19 to 2016-09-24): 1 matches, 0 wins | Legia Warszawa (2019-04-02 to 2020-09-21): 67 matches, 37 wins | Legia Warszawa (2021-12-13 to 2022-05-23): 20 matches, 10 wins | Piast Gliwice (2022-10-27 to 2025-06-30): 98 matches, 39 wins | Widzew Łódź (2026-03-05 to present): 16 matches, 6 wins",202,92,56,54,45.54,1.64,16,6,6,4,37.5,1.5,1,1,1,8673,Legia Warszawa,196,Ekstraklasa,Legia Warszawa - Ekstraklasa: won [2019/2020]; runner-up [2018/2019],16,6,6,4,37.5,5803958,2026-08-22,8025,Śląsk Wrocław,196,Ekstraklasa,3-3,D,https://www.fotmob.com/players/34978/aleksandar-vukovic,https://images.fotmob.com/image_resources/playerimages/34978.png,2026-08-23T04:30:19+00:00
69915,Michal Gasparík,1981-12-19,44,Slovakia,SVK,male,active,,8020,Górnik Zabrze,2025-06-06,,2,2,"4662, 8020","Spartak Trnava, Górnik Zabrze","Spartak Trnava (2021-01-01 to 2025-06-06): 194 matches, 104 wins | Górnik Zabrze (2025-06-06 to present): 49 matches, 25 wins",243,129,48,66,53.09,1.79,49,25,10,14,51.02,1.73,5,1,3,"8020, 4662, 0","Górnik Zabrze, Spartak Trnava, ŠKF Sereď","-1, 8973","Cup, 2. liga","Górnik Zabrze - Cup: won [2025/2026]; runner-up [] | Spartak Trnava - Cup: won [2024/2025, 2022/2023, 2021/2022]; runner-up [2023/2024] | ŠKF Sereď - 2. liga: won [2017/2018]; runner-up []",42,20,10,12,47.62,5988057,2026-08-20,9829,Monaco,10615,Conference League Qualification,2-3,L,https://www.fotmob.com/players/69915/michal-gasparik,https://images.fotmob.com/image_resources/playerimages/69915.png,2026-08-23T04:30:19+00:00
78706,Stanimir Stoilov,1967-02-13,59,Bulgaria,BUL,male,active,,1925,Göztepe,2023-11-22,,7,7,"10150, 6243, 10131, 166865, 8265, 8632, 1925","Bulgaria, Anorthosis, Botev Plovdiv, FC Astana, Kazakhstan, Levski Sofia, Göztepe","Bulgaria (2009-02-02 to 2010-09-08): 3 matches, 0 wins | Anorthosis (2010-12-27 to 2011-09-27): 31 matches, 18 wins | Botev Plovdiv (2013-01-01 to 2014-06-04): 66 matches, 35 wins | FC Astana (2014-06-23 to 2018-02-28): 161 matches, 95 wins | Kazakhstan (2018-03-01 to 2019-01-19): 9 matches, 3 wins | Levski Sofia (2021-09-01 to 2023-04-11): 63 matches, 34 wins | Göztepe (2023-11-22 to present): 102 matches, 48 wins",435,233,106,96,53.56,1.85,102,48,30,24,47.06,1.71,12,6,2,"166865, 8632","FC Astana, Levski Sofia","9504, 9515, 225, -1","Super Cup, Cup, Premier League, First League","FC Astana - Super Cup: won [2015]; runner-up [2017, 2016] | FC Astana - Cup: won [2016]; runner-up [2015] | FC Astana - Premier League: won [2017, 2016, 2015, 2014]; runner-up [] | Levski Sofia - Cup: won [2021/2022, 2006/2007, 2004/2005]; runner-up [] | Levski Sofia - Super Cup: won [2005/2006]; runner-up [2022/2023, 2006/2007] | Levski Sofia - First League: won [2006/2007, 2005/2006]; runner-up [2004/2005]",33,13,13,7,39.39,5904712,2026-08-17,9750,Samsunspor,71,Super Lig,3-3,D,https://www.fotmob.com/players/78706/stanimir-stoilov,https://images.fotmob.com/image_resources/playerimages/78706.png,2026-08-23T04:30:19+00:00
12565,Luka Elsner,1982-08-02,44,Slovenia,SVN,male,active,177,7730,Lausanne,2026-06-01,,11,11,"8154, 7872, 2137, 7978, 8587, 8571, 9985, 9746, 9837, 2186, 7730","Domzale, Olimpija Ljubljana, Pafos FC, Union St.Gilloise, Amiens, Kortrijk, Standard Liege, Le Havre, Reims, Cracovia, Lausanne","Domzale (2013-08-21 to 2016-08-31): 130 matches, 57 wins | Olimpija Ljubljana (2016-09-01 to 2017-03-08): 19 matches, 13 wins | Pafos FC (2017-07-01 to 2018-01-22): 23 matches, 6 wins | Union St.Gilloise (2018-07-01 to 2019-06-30): 43 matches, 22 wins | Amiens (2019-07-01 to 2020-09-28): 34 matches, 5 wins | Kortrijk (2021-02-01 to 2021-10-07): 21 matches, 8 wins | Standard Liege (2021-07-10 to 2022-04-19): 37 matches, 11 wins | Le Havre (2022-06-20 to 2024-06-25): 76 matches, 29 wins | Reims (2024-06-25 to 2025-02-03): 22 matches, 7 wins | Cracovia (2025-06-04 to 2026-04-20): 31 matches, 10 wins | Lausanne (2026-06-01 to present): 5 matches, 2 wins",441,170,123,148,38.55,1.44,5,2,2,1,40,1.6,1,0,1,9746,Le Havre,110,Ligue 2,Le Havre - Ligue 2: won [2022/2023]; runner-up [],4,1,2,1,25.0,5804238,2026-08-22,10199,Luzern,69,Super League,1-0,L,https://www.fotmob.com/players/12565/luka-elsner,https://images.fotmob.com/image_resources/playerimages/12565.png,2026-08-23T04:30:19+00:00
820954,Kim Bergstrand,1968-04-18,58,Sweden,SWE,male,active,,6181,IFK Värnamo,2026-07-08,,4,4,"8501, 6694, 9802, 6181","Brommapojkarna, Sirius, Djurgården, IFK Värnamo","Brommapojkarna (2008-07-01 to 2010-10-01): 13 matches, 2 wins | Sirius (2011-11-17 to 2018-11-15): 232 matches, 118 wins | Djurgården (2018-11-16 to 2024-10-22): 238 matches, 139 wins | IFK Värnamo (2026-07-08 to present): 6 matches, 3 wins",489,262,103,124,53.58,1.82,6,3,2,1,50,1.83,2,1,2,"9802, 6694","Djurgården, Sirius","67, 168","Allsvenskan, Superettan",Djurgården - Allsvenskan: won [2019]; runner-up [2022] | Sirius - Superettan: won [2016]; runner-up [],4,2,2,0,50.0,5125596,2026-08-16,2004,Östersunds FK,168,Superettan,1-1,D,https://www.fotmob.com/players/820954/kim-bergstrand,https://images.fotmob.com/image_resources/playerimages/820954.png,2026-08-23T04:30:19+00:00
16624,Artem Radkov,1985-08-26,40,Belarus,BLR,male,active,187,2136,Aris Limassol,2026-07-01,,2,2,"439329, 2136","Isloch, Aris Limassol","Isloch (2021-01-04 to 2022-12-06): 63 matches, 26 wins | Aris Limassol (2025-06-01 to 2026-02-10): 27 matches, 14 wins",90,40,18,32,44.44,1.53,,,,,,,0,0,0,,,,,,0,0,0,0,,,,,,,,,,https://www.fotmob.com/players/16624/artem-radkov,https://images.fotmob.com/image_resources/playerimages/16624.png,2026-08-23T04:30:19+00:00
253762,Mikkel Jespersen,1991-06-11,35,Denmark,DEN,male,active,184,9907,Lyngby,2026-01-01,,1,1,9907,Lyngby,"Lyngby (2026-01-01 to present): 18 matches, 9 wins",18,9,3,6,50.0,1.67,18,9,3,6,50,1.67,1,0,1,9907,Lyngby,85,1. Division,Lyngby - 1. Division: won [2025/2026]; runner-up [],18,9,3,6,50.0,5739482,2026-08-16,8113,FC Midtjylland,46,Superligaen,1-1,D,https://www.fotmob.com/players/253762/mikkel-jespersen,https://images.fotmob.com/image_resources/playerimages/253762.png,2026-08-23T04:30:19+00:00
13335,Adam Majewski,1973-12-24,52,Poland,POL,male,active,175,8243,Wisła Płock,2026-06-22,,4,4,"160423, 458623, 5837, 8243","Stomil Olsztyn, Stal Mielec, Poland U21, Wisła Płock","Stomil Olsztyn (2020-06-10 to 2021-04-06): 34 matches, 11 wins | Stal Mielec (2021-07-08 to 2023-03-20): 62 matches, 18 wins | Poland U21 (2023-09-22 to 2025-08-08): 13 matches, 6 wins | Wisła Płock (2026-06-22 to present): 3 matches, 1 wins",112,36,25,51,32.14,1.19,3,1,1,1,33.33,1.33,0,0,0,,,,,,3,1,1,1,33.33,5803940,2026-08-07,10265,Wisła Kraków,196,Ekstraklasa,2-1,L,https://www.fotmob.com/players/13335/adam-majewski,https://images.fotmob.com/image_resources/playerimages/13335.png,2026-08-23T04:30:19+00:00
21410,Sebastián Leto,1986-08-30,39,Argentina,ARG,male,active,188,488099,Kifisia FC,2024-06-17,,1,1,488099,Kifisia FC,"Kifisia FC (2024-06-17 to present): 76 matches, 36 wins",76,36,22,18,47.37,1.71,76,36,22,18,47.37,1.71,0,0,0,,,,,,42,11,16,15,26.19,5271327,2026-05-21,8120,AE Larissa,135,Super League Relegation Group,3-2,W,https://www.fotmob.com/players/21410/sebastian-leto,https://images.fotmob.com/image_resources/playerimages/21410.png,2026-08-23T04:30:19+00:00
200670,Morten Jensen,1981-03-09,45,Norway,NOR,male,active,,8478,Viking,2021-01-01,,1,1,8478,Viking,"Viking (2021-01-01 to present):  matches,  wins",0,0,0,0,,,,,,,,,1,0,1,8478,Viking,59,Eliteserien,Viking - Eliteserien: won [2025]; runner-up [],31,24,3,4,77.42,5104979,2026-08-14,8422,Rosenborg,59,Eliteserien,2-1,L,https://www.fotmob.com/players/200670/morten-jensen,https://images.fotmob.com/image_resources/playerimages/200670.png,2026-08-23T04:30:19+00:00
1883450,Even Sel,1989-10-14,36,Norway,NOR,male,active,,8509,Sarpsborg 08,2025-12-22,,3,3,"8531, 5964, 8509","Bryne, Norway U19, Sarpsborg 08","Bryne (2018-08-22 to 2018-12-31): 11 matches, 5 wins | Norway U19 (2025-03-03 to 2025-12-22): 3 matches, 0 wins | Sarpsborg 08 (2025-12-22 to present): 18 matches, 6 wins",32,11,8,13,34.38,1.28,18,6,4,8,33.33,1.22,0,0,0,,,,,,18,6,4,8,33.33,5104983,2026-08-16,8609,Sandefjord,59,Eliteserien,1-2,L,https://www.fotmob.com/players/1883450/even-sel,https://images.fotmob.com/image_resources/playerimages/1883450.png,2026-08-23T04:30:19+00:00
31294,Niki Zimling,1985-04-19,41,Denmark,DEN,male,active,175,9814,AC Horsens,2026-04-15,,1,1,9814,AC Horsens,"AC Horsens (2026-04-15 to present): 12 matches, 7 wins",12,7,3,2,58.33,2.0,12,7,3,2,58.33,2,0,0,0,,,,,,12,7,3,2,58.33,5739480,2026-08-16,8414,OB,46,Superligaen,1-2,W,https://www.fotmob.com/players/31294/niki-zimling,https://images.fotmob.com/image_resources/playerimages/31294.png,2026-08-23T04:30:20+00:00
1701660,David Navarro,1974-06-08,52,Spain,ESP,male,active,,8394,Real Zaragoza,,,1,1,8394,Real Zaragoza,"Real Zaragoza ( to present):  matches,  wins",0,0,0,0,,,,,,,,,0,0,0,,,,,,12,1,3,8,8.33,4837956,2026-05-31,9864,Malaga,140,LaLiga2,0-2,L,https://www.fotmob.com/players/1701660/david-navarro,https://images.fotmob.com/image_resources/playerimages/1701660.png,2026-08-23T04:30:20+00:00
36615,Yaya Touré,1983-05-13,43,Ivory Coast,CIV,male,active,188,6019,Slovan Bratislava,2026-06-13,,1,1,6019,Slovan Bratislava,"Slovan Bratislava (2026-06-13 to present): 9 matches, 7 wins",9,7,2,0,77.78,2.56,9,7,2,0,77.78,2.56,0,0,0,,,,,,9,7,2,0,77.78,5772167,2026-08-22,969268,FC Kosice,176,1. Liga,1-2,W,https://www.fotmob.com/players/36615/yaya-toure,https://images.fotmob.com/image_resources/playerimages/36615.png,2026-08-23T04:30:20+00:00
2020259,Strahinja Pandurović,1989-11-08,36,Serbia,SRB,male,active,,187854,Novi Pazar,2026-05-25,,1,1,187854,Novi Pazar,"Novi Pazar (2026-05-25 to present): 5 matches, 2 wins",5,2,1,2,40.0,1.4,5,2,1,2,40,1.4,0,0,0,,,,,,0,0,0,0,,,,,,,,,,https://www.fotmob.com/players/2020259/strahinja-pandurovic,https://images.fotmob.com/image_resources/playerimages/2020259.png,2026-08-23T04:30:20+00:00
1642096,Özhan Pulat,1984-10-30,41,Turkiye,TUR,male,active,,4681,Eyüpspor,2026-06-29,,3,3,"1568, 95749, 4681","Adanaspor, Hatayspor, Eyüpspor","Adanaspor (2023-07-28 to 2023-10-07): 7 matches, 2 wins | Hatayspor (2024-05-03 to 2024-09-07): 8 matches, 2 wins | Eyüpspor (2026-06-29 to present): 1 matches, 0 wins",16,4,3,9,25.0,0.94,1,0,0,1,0,0,0,0,0,,,,,,1,0,0,1,0.0,5904711,2026-08-16,10188,Beşiktaş,71,Super Lig,1-0,L,https://www.fotmob.com/players/1642096/ozhan-pulat,https://images.fotmob.com/image_resources/playerimages/1642096.png,2026-08-23T04:30:20+00:00
645131,Anoush Dastgir,1989-11-27,36,Afghanistan,AFG,male,active,,4116,Almere City FC,2026-07-01,,3,2,"95796, 4116","Afghanistan, Almere City FC","Afghanistan (2018-07-12 to 2022-12-31): 20 matches, 3 wins | Almere City FC (2024-12-20 to 2025-01-02): 1 matches, 1 wins | Almere City FC (2026-07-01 to present): 3 matches, 2 wins",24,6,8,10,25.0,1.08,3,2,1,0,66.67,2.33,0,0,0,,,,,,3,2,1,0,66.67,5832830,2026-08-21,8277,Vitesse,111,Eerste Divisie,0-3,W,https://www.fotmob.com/players/645131/anoush-dastgir,https://images.fotmob.com/image_resources/playerimages/645131.png,2026-08-23T04:30:20+00:00
1516698,Stevie Grieve,1986-12-31,39,Scotland,SCO,male,active,,9859,Helsingborg,2025-11-30,,3,3,"741816, 162162, 9859","SJK Akatemia, SJK, Helsingborg","SJK Akatemia (2023-04-19 to 2023-12-04): 28 matches, 13 wins | SJK (2024-05-28 to 2025-12-31): 66 matches, 30 wins | Helsingborg (2025-11-30 to present): 22 matches, 7 wins",116,50,25,41,43.1,1.51,22,7,5,10,31.82,1.18,0,0,0,,,,,,31,13,8,10,41.94,5125595,2026-08-15,8359,GIF Sundsvall,168,Superettan,1-1,D,https://www.fotmob.com/players/1516698/stevie-grieve,https://images.fotmob.com/image_resources/playerimages/1516698.png,2026-08-23T04:30:20+00:00
208985,Michiel Jonckheere,1990-01-03,36,Belgium,BEL,male,active,180,8571,Kortrijk,2025-05-27,,1,1,8571,Kortrijk,"Kortrijk (2025-05-27 to present): 34 matches, 20 wins",34,20,4,10,58.82,1.88,34,20,4,10,58.82,1.88,2,1,1,8342,Club Brugge,"149, 40","Belgian Cup, First Division A",Club Brugge - Belgian Cup: won [2024/2025]; runner-up [] | Club Brugge - First Division A: won [2023/2024]; runner-up [2024/2025],2,0,0,2,0.0,5811721,2026-08-15,9988,Royal Antwerp,40,Belgian Pro League,0-3,L,https://www.fotmob.com/players/208985/michiel-jonckheere,https://images.fotmob.com/image_resources/playerimages/208985.png,2026-08-23T04:30:20+00:00
16191,Stephen Bradley,1984-11-19,41,Ireland,IRL,male,active,172,4131,Shamrock Rovers,2016-07-04,,1,1,4131,Shamrock Rovers,"Shamrock Rovers (2016-07-04 to present): 458 matches, 251 wins",458,251,89,118,54.8,1.84,458,251,89,118,54.8,1.84,9,5,1,4131,Shamrock Rovers,"126, 219, -1","Premier Division, FAI Cup, FAI President's Cup","Shamrock Rovers - Premier Division: won [2025, 2023, 2022, 2021, 2020]; runner-up [2024, 2019] | Shamrock Rovers - FAI Cup: won [2025, 2019]; runner-up [2020] | Shamrock Rovers - FAI President's Cup: won [2024, 2022]; runner-up [2023, 2021]",51,24,10,17,47.06,5988052,2026-08-20,1693,KuPS,10615,Conference League Qualification,1-1,D,https://www.fotmob.com/players/16191/stephen-bradley,https://images.fotmob.com/image_resources/playerimages/16191.png,2026-08-23T04:30:20+00:00
38801,Wouter Vrancken,1979-02-03,47,Belgium,BEL,male,active,185,9860,Heart of Midlothian,2026-06-25,,6,6,"6702, 8203, 9987, 9991, 9997, 9860","Lommel, KV Mechelen, Genk, Gent, St.Truiden, Heart of Midlothian","Lommel (2017-07-01 to 2017-10-29): 1 matches, 0 wins | KV Mechelen (2018-08-21 to 2022-05-27): 149 matches, 72 wins | Genk (2022-05-28 to 2024-05-10): 94 matches, 46 wins | Gent (2024-07-01 to 2025-01-21): 36 matches, 17 wins | St.Truiden (2025-04-15 to 2026-05-26): 45 matches, 24 wins | Heart of Midlothian (2026-06-25 to present): 8 matches, 2 wins",333,161,75,97,48.35,1.68,8,2,2,4,25,1,2,0,1,8203,KV Mechelen,"149, 264","Belgian Cup, First Division B",KV Mechelen - Belgian Cup: won [2018/2019]; runner-up [] | KV Mechelen - First Division B: won [2018/2019]; runner-up [],44,21,6,17,47.73,5988059,2026-08-20,10015,Rapid Wien,10615,Conference League Qualification,2-2,D,https://www.fotmob.com/players/38801/wouter-vrancken,https://images.fotmob.com/image_resources/playerimages/38801.png,2026-08-23T04:30:20+00:00
1460243,Johannes Moesgaard,1984-03-01,42,Norway,NOR,male,active,,8007,Vålerenga,2026-05-13,,2,2,"2305, 8007","KFUM, Vålerenga","KFUM (2023-01-01 to 2026-05-13): 117 matches, 51 wins | Vålerenga (2026-05-13 to present): 9 matches, 4 wins",126,55,31,40,43.65,1.56,9,4,1,4,44.44,1.44,0,0,0,,,,,,33,10,9,14,30.3,5104980,2026-08-16,8404,Aalesund,59,Eliteserien,5-5,D,https://www.fotmob.com/players/1460243/johannes-moesgaard,https://images.fotmob.com/image_resources/playerimages/1460243.png,2026-08-23T04:30:21+00:00
32919,Moharram Navidkia,1982-11-01,43,Iran,IRN,male,active,,101611,Sepahan,2025-06-25,,3,2,"101611, 394620","Sepahan, Mes Rafsanjan","Sepahan (2020-09-06 to 2022-06-08): 75 matches, 41 wins | Mes Rafsanjan (2024-02-03 to 2024-10-21): 27 matches, 9 wins | Sepahan (2025-06-25 to present): 33 matches, 15 wins",135,65,36,34,48.15,1.71,33,15,8,10,45.45,1.61,0,0,0,,,,,,0,0,0,0,,,,,,,,,,https://www.fotmob.com/players/32919/moharram-navidkia,https://images.fotmob.com/image_resources/playerimages/32919.png,2026-08-23T04:30:20+00:00
1139854,Gustavo Álvarez,1972-11-24,53,Argentina,ARG,male,active,,6721,LDU de Quito,2026-07-25,,10,9,"213531, 161728, 207875, 4412, 920789, 4056, 6310, 10083, 6721","Temperley, Aldosivi, Patronato de Parana, Sport Boys, Atletico Grau, Huachipato, Universidad de Chile, San Lorenzo, LDU de Quito","Temperley (2016-05-03 to 2016-05-31): 5 matches, 1 wins | Temperley (2016-11-09 to 2017-11-06): 32 matches, 10 wins | Aldosivi (2017-11-21 to 2019-09-29): 56 matches, 20 wins | Patronato de Parana (2019-12-08 to 2020-12-20): 17 matches, 3 wins | Sport Boys (2021-05-19 to 2021-09-15): 11 matches, 5 wins | Atletico Grau (2021-12-15 to 2022-11-11): 36 matches, 15 wins | Huachipato (2023-01-01 to 2023-12-31): 31 matches, 17 wins | Universidad de Chile (2024-01-01 to 2025-12-31): 85 matches, 48 wins | San Lorenzo (2026-03-22 to 2026-06-22): 13 matches, 3 wins | LDU de Quito (2026-07-25 to present): 6 matches, 4 wins",292,126,71,95,43.15,1.54,6,4,1,1,66.67,2.17,4,0,3,"6310, 4056, 161728","Universidad de Chile, Huachipato, Aldosivi","9407, 9091, 273, 8965","Super Cup, Copa Chile, Primera División, Primera B Nacional",Universidad de Chile - Super Cup: won [2025]; runner-up [] | Universidad de Chile - Copa Chile: won [2024]; runner-up [] | Huachipato - Primera División: won [2023]; runner-up [] | Aldosivi - Primera B Nacional: won [2017/2018]; runner-up [],22,9,8,5,40.91,5449143,2026-05-10,10076,River Plate,112,Liga Profesional Apertura Playoff,2-2,D,https://www.fotmob.com/players/1139854/gustavo-alvarez,https://images.fotmob.com/image_resources/playerimages/1139854.png,2026-08-23T04:30:21+00:00
1265193,Osmar Loss,1975-07-03,51,Brazil,BRA,male,active,,101610,Persepolis,2025-10-27,2026-06-30,10,8,"10274, 8702, 109705, 9808, 7817, 7733, 101610, 165243","Juventude, Internacional, Bragantino, Corinthians, Guarani, Vitória, Persepolis, Buriram United","Juventude (2010-07-01 to 2010-08-17): 4 matches, 0 wins | Internacional (2011-07-20 to 2011-08-17): 6 matches, 2 wins | Internacional (2012-11-23 to 2012-12-12): 2 matches, 0 wins | Bragantino (2015-04-24 to 2015-07-10): 12 matches, 4 wins | Corinthians (2018-05-23 to 2018-09-07): 22 matches, 8 wins | Guarani (2018-11-30 to 2019-03-22): 1 matches, 0 wins | Vitória (2019-05-23 to 2019-08-05): 10 matches, 2 wins | Persepolis (2024-01-27 to 2024-06-26): 17 matches, 13 wins | Buriram United (2024-06-26 to 2025-10-07): 63 matches, 44 wins | Persepolis (2025-10-27 to 2026-06-30): 15 matches, 7 wins",152,80,28,44,52.63,1.76,15,7,2,6,46.67,1.53,8,0,2,"165243, 101610","Buriram United, Persepolis","11023, 11012, 11024, 8984, 523, 9487, 10288","FA Cup, ASEAN Club Championship, League Cup, Thai League, Persian Gulf, Hazfi Cup, Super Cup","Buriram United - FA Cup: won [2024/2025]; runner-up [] | Buriram United - ASEAN Club Championship: won [2024/2025]; runner-up [] | Buriram United - League Cup: won [2024/2025]; runner-up [] | Buriram United - Thai League: won [2024/2025]; runner-up [] | Persepolis - Persian Gulf: won [2023/2024, 2022/2023]; runner-up [] | Persepolis - Hazfi Cup: won [2022/2023]; runner-up [] | Persepolis - Super Cup: won [2023/2024]; runner-up []",3,1,0,2,33.33,4933555,2025-10-21,203576,Melbourne City FC,525,AFC Champions League Elite East,2-1,L,https://www.fotmob.com/players/1265193/osmar-loss,https://images.fotmob.com/image_resources/playerimages/1265193.png,2026-08-23T04:30:21+00:00
23646,Dean Smith,1971-03-19,55,England,ENG,male,active,,207967,MLS All-Stars,2026-07-08,,7,7,"10006, 9937, 10252, 9850, 8197, 1323940, 207967","Walsall, Brentford, Aston Villa, Norwich City, Leicester City, Charlotte FC, MLS All-Stars","Walsall (2011-01-05 to 2015-11-29): 260 matches, 85 wins | Brentford (2015-11-30 to 2018-10-10): 144 matches, 57 wins | Aston Villa (2018-10-10 to 2021-11-07): 139 matches, 55 wins | Norwich City (2021-11-15 to 2022-12-27): 56 matches, 17 wins | Leicester City (2023-04-10 to 2023-07-25): 8 matches, 2 wins | Charlotte FC (2023-12-12 to present): 107 matches, 50 wins | MLS All-Stars (2026-07-08 to present): 1 matches, 1 wins",715,267,184,264,37.34,1.38,1,1,0,0,100,3,0,0,0,,,,,,34,16,6,12,47.06,5071291,2026-08-22,6602,DC United,130,Major League Soccer,3-1,W,https://www.fotmob.com/players/23646/dean-smith,https://images.fotmob.com/image_resources/playerimages/23646.png,2026-08-23T04:30:21+00:00
306388,Daniel Garnero,1969-04-01,57,Argentina,ARG,male,active,,6458,Universidad Catolica,2025-06-16,,12,10,"10078, 89395, 10087, 161729, 59845, 1893, 6619, 6620, 6724, 6458","Independiente, San Martin San Juan, Banfield, Independiente Rivadavia, Sol de America, Guarani, Olimpia, Libertad, Paraguay, Universidad Catolica","Independiente (2010-07-01 to 2010-09-20): 9 matches, 1 wins | San Martin San Juan (2011-03-15 to 2012-04-23): 46 matches, 17 wins | Banfield (2012-07-10 to 2013-03-28): 25 matches, 11 wins | San Martin San Juan (2013-07-04 to 2013-09-30): 10 matches, 3 wins | Independiente Rivadavia (2014-10-08 to 2015-05-04): 22 matches, 10 wins | Sol de America (2015-06-11 to 2016-05-30): 44 matches, 16 wins | Guarani (2016-08-06 to 2017-12-18): 68 matches, 42 wins | Olimpia (2017-12-29 to 2020-10-26): 130 matches, 82 wins | Libertad (2021-01-01 to 2023-09-21): 156 matches, 93 wins | Paraguay (2023-09-20 to 2024-07-30): 10 matches, 2 wins | Libertad (2024-08-20 to 2024-11-05): 19 matches, 8 wins | Universidad Catolica (2025-06-16 to present): 58 matches, 33 wins",597,318,127,152,53.27,1.81,58,33,11,14,56.9,1.9,7,1,3,"6619, 1893, 6620","Olimpia, Guarani, Libertad",199,Division Profesional,"Olimpia - Division Profesional: won [2019 Apertura, 2019 Clausura, 2018 Apertura, 2018 Clausura]; runner-up [] | Guarani - Division Profesional: won [2016 Clausura]; runner-up [2017 Apertura] | Libertad - Division Profesional: won [2022 Apertura, 2021 Apertura]; runner-up []",13,10,2,1,76.92,5119147,2026-01-25,4062,Coquimbo Unido,9407,Super Cup,0-0,D,https://www.fotmob.com/players/306388/daniel-garnero,https://images.fotmob.com/image_resources/playerimages/306388.png,2026-08-23T04:30:21+00:00
1180761,Giovanni Solinas,1968-04-11,58,Italy,ITA,male,active,,205687,Al-Faisaly,2025-07-27,,11,9,"45655, 101633, 101636, 205687, 6279, 582816, 102106, 1523707, 161713","ES Sétif, CR Belouizdad, MC Oran, Al-Faisaly, Kaizer Chiefs, Al-Adalah, CS Sfaxien, Al Najma, Al-Merreikh","ES Sétif (2010-08-22 to 2010-12-22): 13 matches, 8 wins | CR Belouizdad (2011-07-31 to 2011-11-23): 10 matches, 5 wins | MC Oran (2013-07-01 to 2013-11-11): 11 matches, 3 wins | Al-Faisaly (2013-12-18 to 2014-06-30): 13 matches, 5 wins | Al-Faisaly (2017-03-01 to 2017-06-30): 7 matches, 2 wins | Kaizer Chiefs (2018-07-13 to 2018-12-07): 17 matches, 5 wins | Al-Adalah (2020-06-25 to 2021-10-16): 8 matches, 1 wins | CS Sfaxien (2021-09-24 to 2022-03-01): 7 matches, 4 wins | Al Najma (2023-09-07 to 2024-06-30): 2 matches, 1 wins | Al-Merreikh (2024-07-01 to 2025-01-08): 4 matches, 1 wins | Al-Faisaly (2025-07-27 to present): 37 matches, 20 wins",129,55,38,36,42.64,1.57,37,20,10,7,54.05,1.89,0,0,0,,,,,,1,0,0,1,0.0,5969051,2026-08-14,2529,Al Hilal,536,Saudi Pro League,4-2,L,https://www.fotmob.com/players/1180761/giovanni-solinas,https://images.fotmob.com/image_resources/playerimages/1180761.png,2026-08-23T04:30:21+00:00
1732723,Diego Martínez,1987-07-14,39,Ecuador,ECU,male,active,,113053,Universidad Catolica,2024-12-20,,2,2,"265236, 113053","Ecuador U17, Universidad Catolica","Ecuador U17 (2023-03-15 to 2024-07-24): 4 matches, 1 wins | Universidad Catolica (2024-12-20 to present): 83 matches, 36 wins",87,37,28,22,42.53,1.6,83,36,26,21,43.37,1.61,1,0,1,113053,Universidad Catolica,10046,Copa Ecuador,Universidad Catolica - Copa Ecuador: won [2025]; runner-up [],0,0,0,0,,,,,,,,,,https://www.fotmob.com/players/1732723/diego-martinez,https://images.fotmob.com/image_resources/playerimages/1732723.png,2026-08-23T04:30:21+00:00
26472,Michael Bradley,1987-07-31,39,USA,USA,male,active,185,6514,Red Bull New York,2025-12-15,,2,2,"614318, 6514","Red Bull New York  II, Red Bull New York","Red Bull New York  II (2025-06-12 to 2025-12-14): 20 matches, 14 wins | Red Bull New York (2025-12-15 to present): 23 matches, 8 wins",43,22,5,16,51.16,1.65,23,8,5,10,34.78,1.26,1,0,1,614318,Red Bull New York  II,10282,MLS Next Pro,Red Bull New York  II - MLS Next Pro: won [2025]; runner-up [],21,7,5,9,33.33,5071295,2026-08-22,6397,Chicago Fire FC,130,Major League Soccer,1-1,D,https://www.fotmob.com/players/26472/michael-bradley,https://images.fotmob.com/image_resources/playerimages/26472.png,2026-08-23T04:30:21+00:00
31684,Abdeslam Ouaddou,1978-11-01,47,Morocco,MAR,male,active,191,7866,Orlando Pirates,2025-06-23,,2,2,"352390, 7866","Marumo Gallants, Orlando Pirates","Marumo Gallants (2025-02-28 to 2025-05-31): 12 matches, 5 wins | Orlando Pirates (2025-06-23 to present): 48 matches, 35 wins",60,40,12,8,66.67,2.2,48,35,8,5,72.92,2.35,4,0,1,7866,Orlando Pirates,"-1, 9474, 10708, 537","Black Label Cup, South Africa 8 Cup, League Cup, Premier Soccer League",Orlando Pirates - Black Label Cup: won [2025/2026]; runner-up [] | Orlando Pirates - South Africa 8 Cup: won [2025/2026]; runner-up [] | Orlando Pirates - League Cup: won [2025]; runner-up [] | Orlando Pirates - Premier Soccer League: won [2025/2026]; runner-up [],0,0,0,0,,,,,,,,,,https://www.fotmob.com/players/31684/abdeslam-ouaddou,https://images.fotmob.com/image_resources/playerimages/31684.png,2026-08-23T04:30:21+00:00
191097,Christophe Galtier,1966-08-28,59,France,FRA,male,active,,1699505,Neom SC,2025-07-05,,6,6,"9853, 8639, 9831, 9847, 203826, 1699505","Saint-Etienne, Lille, Nice, Paris Saint-Germain, Al-Duhail SC, Neom SC","Saint-Etienne (2009-12-15 to 2017-06-15): 320 matches, 136 wins | Lille (2017-12-22 to 2021-06-27): 148 matches, 76 wins | Nice (2021-06-28 to 2022-06-26): 44 matches, 24 wins | Paris Saint-Germain (2022-07-05 to 2023-07-05): 50 matches, 34 wins | Al-Duhail SC (2023-10-12 to 2025-05-28): 55 matches, 31 wins | Neom SC (2025-07-05 to present): 38 matches, 15 wins",655,316,153,186,48.24,1.68,38,15,9,14,39.47,1.42,5,1,3,"9847, 8639, 9853","Paris Saint-Germain, Lille, Saint-Etienne","207, 53, -1, 150","Trophée des Champions, Ligue 1, Algarve Football Cup, Coupe de la Ligue",Paris Saint-Germain - Trophée des Champions: won [2022/2023]; runner-up [] | Paris Saint-Germain - Ligue 1: won [2022/2023]; runner-up [] | Lille - Ligue 1: won [2020/2021]; runner-up [2018/2019] | Lille - Algarve Football Cup: won [2018]; runner-up [] | Saint-Etienne - Coupe de la Ligue: won [2012/2013]; runner-up [],36,14,9,13,38.89,5970093,2026-08-21,205687,Al-Faisaly,536,Saudi Pro League,0-2,W,https://www.fotmob.com/players/191097/christophe-galtier,https://images.fotmob.com/image_resources/playerimages/191097.png,2026-08-23T04:30:21+00:00
3360,Vadim Evseev,1976-01-08,50,Russia,RUS,male,active,180,1068353,Dynamo Makhachkala,2025-12-29,,9,9,"49705, 8681, 49700, 198150, 8712, 1692, 948912, 8701, 1068353","Tekstilshchik, Amkar-Perm, SKA-Khabarovsk, FC Ufa, Shinnik Yaroslavl, Fakel, Leningradets, Chernomorets Novorossiysk, Dynamo Makhachkala","Tekstilshchik (2017-02-01 to 2017-09-02): 17 matches, 14 wins | Amkar-Perm (2018-03-02 to 2018-06-20): 12 matches, 6 wins | SKA-Khabarovsk (2018-08-20 to 2019-03-26): 23 matches, 8 wins | FC Ufa (2019-03-27 to 2020-10-07): 55 matches, 14 wins | Shinnik Yaroslavl (2021-06-01 to 2023-04-30): 62 matches, 35 wins | Fakel (2023-05-01 to 2023-09-05): 17 matches, 7 wins | Leningradets (2024-09-21 to 2025-05-25): 23 matches, 9 wins | Chernomorets Novorossiysk (2025-09-05 to 2025-12-28): 14 matches, 6 wins | Dynamo Makhachkala (2025-12-29 to present): 22 matches, 8 wins",245,107,64,74,43.67,1.57,22,8,5,9,36.36,1.32,0,0,0,,,,,,12,5,3,4,41.67,5847147,2026-08-16,8709,Krylya Sovetov Samara,63,Premier League,1-4,W,https://www.fotmob.com/players/3360/vadim-evseev,https://images.fotmob.com/image_resources/playerimages/3360.png,2026-08-23T04:30:21+00:00
69963,Davy Arnaud,1980-06-22,46,USA,USA,male,active,182,1218886,Austin FC,2026-05-18,,3,2,"8259, 1218886","Houston Dynamo FC, Austin FC","Houston Dynamo FC (2019-08-13 to 2019-10-24): 9 matches, 3 wins | Austin FC (2024-10-18 to 2024-10-25): 1 matches, 1 wins | Austin FC (2026-05-18 to present): 10 matches, 5 wins",20,9,2,9,45.0,1.45,10,5,1,4,50,1.6,0,0,0,,,,,,10,4,2,4,40.0,5071297,2026-08-23,191716,Philadelphia Union,130,Major League Soccer,1-1,D,https://www.fotmob.com/players/69963/davy-arnaud,https://images.fotmob.com/image_resources/playerimages/69963.png,2026-08-23T04:30:22+00:00
1447813,Maximilian Senft,1989-08-04,37,Austria,AUT,male,active,,8295,Karlsruher SC,2026-05-21,,2,2,"10017, 8295","Ried, Karlsruher SC","Ried (2023-03-01 to 2026-06-30): 118 matches, 59 wins | Karlsruher SC (2026-05-21 to present): 3 matches, 2 wins",121,61,23,37,50.41,1.7,3,2,1,0,66.67,2.33,0,0,0,,,,,,36,16,6,14,44.44,5881642,2026-08-15,8350,Kaiserslautern,146,2. Bundesliga,0-0,D,https://www.fotmob.com/players/1447813/maximilian-senft,https://images.fotmob.com/image_resources/playerimages/1447813.png,2026-08-23T04:30:21+00:00
1722456,Jonatan Alba,1981-11-16,44,Spain,ESP,male,active,,8705,FC Rostov,2025-02-26,,1,1,8705,FC Rostov,"FC Rostov (2025-02-26 to present): 62 matches, 19 wins",62,19,15,28,30.65,1.16,62,19,15,28,30.65,1.16,0,0,0,,,,,,31,9,11,11,29.03,5847151,2026-08-22,8708,FK Akhmat,63,Premier League,4-1,L,https://www.fotmob.com/players/1722456/jonatan-alba,https://images.fotmob.com/image_resources/playerimages/1722456.png,2026-08-23T04:30:22+00:00
130159,César Farías,1973-03-07,53,Venezuela,VEN,male,active,,6453,Barcelona SC,2026-01-21,2026-08-10,13,11,"5800, 162418, 578656, 6295, 2527, 5797, 6608, 193025, 10280, 2254, 6453","Venezuela, Tijuana, Northeast United FC, Cerro Porteno, The Strongest, Bolivia, Aucas, Aguilas Doradas, America de Cali, Junior FC, Barcelona SC","Venezuela (2007-12-18 to 2013-11-30): 48 matches, 15 wins | Tijuana (2013-12-04 to 2014-09-05): 30 matches, 10 wins | Northeast United FC (2015-06-30 to 2015-12-13): 14 matches, 6 wins | Cerro Porteno (2015-12-14 to 2016-04-15): 19 matches, 9 wins | The Strongest (2016-04-20 to 2017-08-14): 70 matches, 40 wins | The Strongest (2018-03-30 to 2018-12-23): 42 matches, 22 wins | Bolivia (2018-05-16 to 2019-02-01): 11 matches, 2 wins | Bolivia (2019-08-31 to 2022-04-24): 29 matches, 7 wins | Aucas (2022-04-26 to 2023-06-15): 44 matches, 23 wins | Aguilas Doradas (2023-07-03 to 2024-01-05): 30 matches, 15 wins | America de Cali (2024-01-23 to 2024-04-30): 19 matches, 6 wins | Junior FC (2024-09-03 to 2025-06-22): 46 matches, 18 wins | Barcelona SC (2026-01-21 to 2026-08-10): 34 matches, 12 wins",436,185,103,148,42.43,1.51,34,12,9,13,35.29,1.32,1,0,1,6608,Aucas,246,Serie A,Aucas - Serie A: won [2022]; runner-up [],0,0,0,0,,,,,,,,,,https://www.fotmob.com/players/130159/cesar-farias,https://images.fotmob.com/image_resources/playerimages/130159.png,2026-08-23T04:30:22+00:00
26558,Tim Bakens,1982-11-02,43,Netherlands,NED,male,active,200,8475,SK Beveren,2026-07-01,,4,3,"4116, 6417, 8475","Almere City FC, Helmond Sport, SK Beveren","Almere City FC (2021-11-28 to 2022-07-01): 4 matches, 1 wins | Helmond Sport (2022-10-25 to 2022-12-23): 6 matches, 3 wins | Helmond Sport (2024-04-11 to 2024-05-24): 5 matches, 3 wins | SK Beveren (2026-07-01 to present): 3 matches, 1 wins",18,8,2,8,44.44,1.44,3,1,0,2,33.33,1,0,0,0,,,,,,3,1,0,2,33.33,5811729,2026-08-22,10000,Zulte Waregem,40,Belgian Pro League,4-0,L,https://www.fotmob.com/players/26558/tim-bakens,https://images.fotmob.com/image_resources/playerimages/26558.png,2026-08-23T04:30:22+00:00
729338,Srdjan Blagojevic,1968-02-17,58,Serbia,SRB,male,active,,1068364,Akron Togliatti,2026-06-08,,5,5,"2391, 166865, 8369, 7998, 1068364","Javor, FC Astana, Debrecen, Partizan Beograd, Akron Togliatti","Javor (2016-12-25 to 2017-05-31): 16 matches, 3 wins | FC Astana (2021-11-21 to 2022-09-11): 21 matches, 11 wins | Debrecen (2022-09-21 to 2024-08-27): 69 matches, 32 wins | Partizan Beograd (2025-01-01 to 2026-06-07): 43 matches, 25 wins | Akron Togliatti (2026-06-08 to present): 6 matches, 1 wins",155,72,31,52,46.45,1.59,6,1,2,3,16.67,0.83,0,0,0,,,,,,4,0,2,2,0.0,5847149,2026-08-15,1066681,Rodina,63,Premier League,3-3,D,https://www.fotmob.com/players/729338/srdjan-blagojevic,https://images.fotmob.com/image_resources/playerimages/729338.png,2026-08-23T04:30:22+00:00
335697,Jorge Sampaoli,1960-03-13,66,Argentina,ARG,male,active,,10101,Talleres,2026-06-10,,13,11,"1850, 6310, 9762, 8302, 6706, 8514, 10272, 8592, 9770, 9851, 10101","Emelec, Universidad de Chile, Chile, Sevilla, Argentina, Santos FC, Atlético-MG, Marseille, Flamengo, Rennes, Talleres","Emelec (2010-08-01 to 2010-12-15): 25 matches, 15 wins | Universidad de Chile (2011-01-01 to 2012-12-02): 120 matches, 73 wins | Chile (2012-12-03 to 2016-01-19): 44 matches, 28 wins | Sevilla (2016-06-27 to 2017-05-31): 53 matches, 27 wins | Argentina (2017-06-01 to 2018-07-15): 15 matches, 7 wins | Santos FC (2018-12-13 to 2019-12-10): 48 matches, 26 wins | Atlético-MG (2020-03-08 to 2021-02-26): 37 matches, 19 wins | Marseille (2021-03-08 to 2022-07-01): 67 matches, 37 wins | Sevilla (2022-10-06 to 2023-03-21): 31 matches, 13 wins | Flamengo (2023-04-14 to 2023-09-28): 41 matches, 21 wins | Rennes (2024-11-11 to 2025-01-30): 10 matches, 3 wins | Atlético-MG (2025-09-02 to 2026-02-12): 34 matches, 10 wins | Talleres (2026-06-10 to present): 5 matches, 1 wins",530,280,124,126,52.83,1.82,5,1,0,4,20,0.6,6,0,4,"10272, 8302, 9762, 6310","Atlético-MG, Sevilla, Chile, Universidad de Chile","10273, -1, 44, 273, 299","Mineiro, Supercopa Euroamericana, Copa America, Primera División, Copa Sudamericana","Atlético-MG - Mineiro: won [2020]; runner-up [] | Sevilla - Supercopa Euroamericana: won [2016]; runner-up [] | Chile - Copa America: won [2015 Chile]; runner-up [] | Universidad de Chile - Primera División: won [2011 Clausura, 2011 Apertura]; runner-up [] | Universidad de Chile - Copa Sudamericana: won [2011]; runner-up []",29,9,9,11,31.03,5115939,2026-08-18,568727,Gimnasia Mendoza,112,Liga Profesional Clausura,3-1,L,https://www.fotmob.com/players/335697/jorge-sampaoli,https://images.fotmob.com/image_resources/playerimages/335697.png,2026-08-23T04:30:22+00:00
1135173,Philipp Semlic,1983-04-21,43,Austria,AUT,male,active,,1583,WSG Tirol,2024-05-22,,3,3,"457314, 1907, 1583","SV Lafnitz, SKN St. Pölten, WSG Tirol","SV Lafnitz (2020-01-03 to 2023-06-30): 111 matches, 51 wins | SKN St. Pölten (2024-02-01 to 2024-05-05): 11 matches, 3 wins | WSG Tirol (2024-05-22 to present): 74 matches, 22 wins",196,76,43,77,38.78,1.38,74,22,20,32,29.73,1.16,0,0,0,,,,,,31,8,10,13,25.81,5845967,2026-08-16,10013,Salzburg,38,Bundesliga,0-3,L,https://www.fotmob.com/players/1135173/philipp-semlic,https://images.fotmob.com/image_resources/playerimages/1135173.png,2026-08-23T04:30:22+00:00
466886,Erwin van de Looi,1972-02-25,54,Netherlands,NED,male,active,,6601,FC Volendam,2026-06-12,,6,6,"8674, 8525, 6635, 9791, 7872, 6601","FC Groningen, Willem II, Netherlands U21, Heracles, Olimpija Ljubljana, FC Volendam","FC Groningen (2013-06-14 to 2016-06-23): 128 matches, 52 wins | Willem II (2016-06-23 to 2018-03-08): 66 matches, 19 wins | Netherlands U21 (2018-08-01 to 2023-06-30): 34 matches, 22 wins | Heracles (2023-12-21 to 2025-06-30): 57 matches, 18 wins | Olimpija Ljubljana (2025-08-13 to 2025-09-22): 8 matches, 2 wins | FC Volendam (2026-06-12 to present): 3 matches, 1 wins",296,114,72,110,38.51,1.4,3,1,0,2,33.33,1,1,0,1,8674,FC Groningen,235,KNVB Cup,FC Groningen - KNVB Cup: won [2014/2015]; runner-up [],4,1,0,3,25.0,5832829,2026-08-21,9838,MVV Maastricht,111,Eerste Divisie,1-0,L,https://www.fotmob.com/players/466886/erwin-van-de-looi,https://images.fotmob.com/image_resources/playerimages/466886.png,2026-08-23T04:30:22+00:00
884857,Nemanja Miljanovic,1971-08-04,55,Sweden,SWE,male,active,,2004,Östersunds FK,2026-01-01,,6,6,"1866, 6238, 465142, 10116, 1144284, 2004","Syrianska, AFC Eskilstuna, FK Mladost Doboj Kakanj, Borac Banja Luka, Nordic United FC, Östersunds FK","Syrianska (2015-01-01 to 2015-12-31): 34 matches, 13 wins | AFC Eskilstuna (2018-01-15 to 2019-09-05): 62 matches, 23 wins | FK Mladost Doboj Kakanj (2020-08-25 to 2021-06-30): 28 matches, 7 wins | Borac Banja Luka (2021-08-20 to 2022-04-10): 21 matches, 10 wins | Nordic United FC (2024-09-28 to 2025-12-31): 37 matches, 23 wins | Östersunds FK (2026-01-01 to present): 23 matches, 11 wins",205,87,60,58,42.44,1.57,23,11,8,4,47.83,1.78,0,0,0,,,,,,19,9,6,4,47.37,5125596,2026-08-16,6181,IFK Värnamo,168,Superettan,1-1,D,https://www.fotmob.com/players/884857/nemanja-miljanovic,https://images.fotmob.com/image_resources/playerimages/884857.png,2026-08-23T04:30:22+00:00
98674,Marko Savic,1984-07-19,42,Serbia,SRB,male,active,,6406,Vojvodina,2026-07-28,,1,1,6406,Vojvodina,"Vojvodina (2026-07-28 to present): 3 matches, 2 wins",3,2,0,1,66.67,2.0,3,2,0,1,66.67,2,0,0,0,,,,,,0,0,0,0,,,,,,,,,,https://www.fotmob.com/players/98674/marko-savic,https://images.fotmob.com/image_resources/playerimages/98674.png,2026-08-23T04:30:22+00:00
1573229,Joonas Rantanen,1987-07-27,39,Finland,FIN,male,active,,9861,HJK,2025-11-30,,4,4,"2160, 2361, 162146, 9861","Klubi 04, IF Gnistan, Ilves, HJK","Klubi 04 (2020-01-01 to 2020-12-31): 17 matches, 16 wins | IF Gnistan (2022-01-01 to 2023-10-30): 60 matches, 29 wins | Ilves (2024-01-01 to 2025-11-30): 81 matches, 43 wins | HJK (2025-11-30 to present): 34 matches, 19 wins",192,107,40,45,55.73,1.88,34,19,5,10,55.88,1.82,3,1,1,545023,HJK,-1,"Women's Cup, Kansallinen Liiga","HJK - Women's Cup: won [2018/2019, 2017]; runner-up [] | HJK - Kansallinen Liiga: won [2019]; runner-up [2018]",28,15,6,7,53.57,5147625,2026-08-16,8473,FF Jaro,51,Veikkausliiga,3-0,W,https://www.fotmob.com/players/1573229/joonas-rantanen,https://images.fotmob.com/image_resources/playerimages/1573229.png,2026-08-23T04:30:22+00:00
1313052,Arthur Papas,1980-02-12,46,Australia,AUS,male,active,,101915,Al-Ettifaq,2026-07-01,,9,9,"1029624, 231168, 165182, 162311, 584867, 6454, 165243, 4692, 101915","India U23, Indian Arrows, Dempo SC, Oakleigh Cannons, Kagoshima United, Newcastle Jets, Buriram United, Cerezo Osaka, Al-Ettifaq","India U23 (2012-05-22 to 2023-09-01): 2 matches, 0 wins | Indian Arrows (2012-05-22 to 2013-05-27): 26 matches, 6 wins | Dempo SC (2013-05-28 to 2015-03-03): 31 matches, 10 wins | Oakleigh Cannons (2015-07-01 to 2016-06-30): 3 matches, 2 wins | Kagoshima United (2021-02-01 to 2021-05-28): 8 matches, 3 wins | Newcastle Jets (2021-07-01 to 2023-06-19): 55 matches, 17 wins | Buriram United (2023-08-07 to 2024-03-25): 27 matches, 15 wins | Cerezo Osaka (2024-12-17 to 2026-07-03): 66 matches, 32 wins | Al-Ettifaq (2026-07-01 to present): 3 matches, 2 wins",221,87,47,87,39.37,1.39,3,2,0,1,66.67,2,0,0,0,,,,,,2,2,0,0,100.0,5970095,2026-08-22,177356,Al Fateh FC,536,Saudi Pro League,0-1,W,https://www.fotmob.com/players/1313052/arthur-papas,https://images.fotmob.com/image_resources/playerimages/1313052.png,2026-08-23T04:30:22+00:00
42534,Gonzalo García,1983-10-13,42,Spain,ESP,male,active,182,10154,Hajduk Split,2025-06-13,,5,4,"8611, 6038, 158085, 10154","FC Twente, NK Istra 1961, Arouca, Hajduk Split","FC Twente (2019-05-16 to 2020-06-17): 28 matches, 8 wins | NK Istra 1961 (2021-06-11 to 2023-06-07): 75 matches, 19 wins | Arouca (2024-05-21 to 2024-10-28): 10 matches, 3 wins | NK Istra 1961 (2025-01-01 to 2025-06-12): 20 matches, 8 wins | Hajduk Split (2025-06-13 to present): 53 matches, 29 wins",186,67,49,70,36.02,1.34,53,29,11,13,54.72,1.85,0,0,0,,,,,,43,22,10,11,51.16,5988061,2026-08-20,4024,Raków Częstochowa,10615,Conference League Qualification,2-2,D,https://www.fotmob.com/players/42534/gonzalo-garcia,https://images.fotmob.com/image_resources/playerimages/42534.png,2026-08-23T04:30:23+00:00
43274,Stephen Robinson,1974-12-10,51,Northern Ireland,NIR,male,active,,8485,Aberdeen,2026-03-12,,6,6,"8507, 9785, 9927, 8489, 9800, 8485","Northern Ireland U21, Oldham Athletic, Motherwell, Morecambe, St. Mirren, Aberdeen","Northern Ireland U21 (2012-02-09 to 2013-10-31): 7 matches, 0 wins | Oldham Athletic (2016-07-09 to 2017-01-12): 33 matches, 8 wins | Motherwell (2017-02-28 to 2020-12-31): 169 matches, 72 wins | Morecambe (2021-07-01 to 2022-02-22): 40 matches, 10 wins | St. Mirren (2022-02-22 to 2026-03-11): 188 matches, 67 wins | Aberdeen (2026-03-12 to present): 16 matches, 9 wins",453,166,87,200,36.64,1.29,16,9,2,5,56.25,1.81,0,0,0,,,,,,44,14,11,19,31.82,5973531,2026-08-15,8284,Dundee FC,180,League Cup,3-0,W,https://www.fotmob.com/players/43274/stephen-robinson,https://images.fotmob.com/image_resources/playerimages/43274.png,2026-08-23T04:30:23+00:00
42791,Ferdinand Feldhofer,1979-10-23,46,Austria,AUT,male,active,182,10012,Grazer AK,2025-03-24,2026-08-17,6,6,"457314, 1954, 10015, 7755, 9984, 10012","SV Lafnitz, Wolfsberger AC, Rapid Wien, Dinamo Tbilisi, Cercle Brugge, Grazer AK","SV Lafnitz (2015-10-11 to 2019-12-22): 54 matches, 18 wins | Wolfsberger AC (2019-12-23 to 2021-03-05): 46 matches, 21 wins | Rapid Wien (2021-11-29 to 2022-10-16): 41 matches, 17 wins | Dinamo Tbilisi (2024-06-17 to 2024-12-09): 20 matches, 4 wins | Cercle Brugge (2024-12-10 to 2025-03-17): 17 matches, 5 wins | Grazer AK (2025-03-24 to 2026-08-17): 47 matches, 13 wins",225,78,64,83,34.67,1.32,47,13,16,18,27.66,1.17,0,0,0,,,,,,32,10,8,14,31.25,5845968,2026-08-16,10015,Rapid Wien,38,Bundesliga,8-0,L,https://www.fotmob.com/players/42791/ferdinand-feldhofer,https://images.fotmob.com/image_resources/playerimages/42791.png,2026-08-23T04:30:23+00:00
40760,David Gray,1988-05-04,38,Scotland,SCO,male,active,180,10251,Hibernian,2024-05-14,,2,1,10251,Hibernian,"Hibernian (2023-08-27 to 2023-09-11): 2 matches, 1 wins | Hibernian (2024-05-14 to present): 103 matches, 42 wins",105,43,30,32,40.95,1.51,103,42,30,31,40.78,1.51,0,0,0,,,,,,46,18,14,14,39.13,5988063,2026-08-20,9991,Gent,10615,Conference League Qualification,0-0,D,https://www.fotmob.com/players/40760/david-gray,https://images.fotmob.com/image_resources/playerimages/40760.png,2026-08-23T04:30:23+00:00
1601611,Alfred Johansson,1990-09-13,35,Sweden,SWE,male,active,,9927,Motherwell,2026-06-18,,3,3,"2049, 8422, 9927","FC København U19, Rosenborg, Motherwell","FC København U19 (2022-10-04 to 2023-12-31): 10 matches, 4 wins | Rosenborg (2024-01-01 to 2026-05-05): 88 matches, 39 wins | Motherwell (2026-06-18 to present): 8 matches, 4 wins",106,47,22,37,44.34,1.54,8,4,2,2,50,1.75,0,0,0,,,,,,30,9,7,14,30.0,5988056,2026-08-20,8358,Freiburg,10615,Conference League Qualification,1-3,L,https://www.fotmob.com/players/1601611/alfred-johansson,https://images.fotmob.com/image_resources/playerimages/1601611.png,2026-08-23T04:30:23+00:00
25434,Neil McCann,1974-08-11,52,Scotland,SCO,male,active,,8597,Kilmarnock,2026-01-06,,2,2,"8284, 8597","Dundee FC, Kilmarnock","Dundee FC (2017-04-18 to 2018-10-17): 65 matches, 22 wins | Kilmarnock (2026-01-06 to present): 25 matches, 12 wins",90,34,11,45,37.78,1.26,25,12,3,10,48,1.56,0,0,0,,,,,,19,9,2,8,47.37,5973536,2026-08-14,9913,Ayr United,180,League Cup,3-2,W,https://www.fotmob.com/players/25434/neil-mccann,https://images.fotmob.com/image_resources/playerimages/25434.png,2026-08-23T04:30:23+00:00
77657,John Russell,1985-05-18,41,Ireland,IRL,male,active,170,5751,Shelbourne,2026-07-13,,2,2,"6361, 5751","Sligo Rovers, Shelbourne","Sligo Rovers (2022-05-23 to 2026-07-13): 164 matches, 54 wins | Shelbourne (2026-07-13 to present): 7 matches, 1 wins",171,55,36,80,32.16,1.18,7,1,1,5,14.29,0.57,0,0,0,,,,,,39,10,9,20,25.64,5955357,2026-08-13,8593,Ajax,10615,Conference League Qualification,2-2,D,https://www.fotmob.com/players/77657/john-russell,https://images.fotmob.com/image_resources/playerimages/77657.png,2026-08-23T04:30:23+00:00
1664525,Hugo Martins,1977-12-12,48,Portugal,POR,male,active,,2134,AEL Limassol,2025-09-30,,10,8,"2134, -1, 154798, 679998, 1296841, 474342, 47536, 238626","AEL Limassol, Ethnikos Achna FC, Omonia Aradippou, PO Xylotympou 2006, CF Os Belenenses, CD Cova Piedade, Loures, Real Sport Clube de Queluz, Sertanense, S.U. 1 de Dezembro","AEL Limassol (2025-09-30 to present):  matches,  wins | Ethnikos Achna FC (2025-05-21 to 2025-09-29):  matches,  wins | Omonia Aradippou (2023-10-15 to 2025-05-20):  matches,  wins | PO Xylotympou 2006 (2022-07-29 to 2022-11-17):  matches,  wins | CF Os Belenenses (2021-11-02 to 2022-06-30):  matches,  wins | CD Cova Piedade (2021-07-01 to 2021-11-01):  matches,  wins | Loures (2020-12-05 to 2021-06-30):  matches,  wins | Real Sport Clube de Queluz (2019-10-18 to 2020-11-28):  matches,  wins | Sertanense (2018-12-14 to 2019-10-24):  matches,  wins | S.U. 1 de Dezembro (2016-10-01 to 2017-03-11):  matches,  wins",0,0,0,0,,,,,,,,,0,0,0,,,,,,0,0,0,0,,,,,,,,,,https://www.fotmob.com/players/1664525/hugo-martins,https://images.fotmob.com/image_resources/playerimages/1664525.png,2026-08-23T04:30:23+00:00
1340641,Rikizo Matsuhashi,1968-08-22,58,Japan,JPN,male,active,,4399,FC Tokyo,2024-12-21,,2,2,"4425, 4399","Albirex Niigata, FC Tokyo","Albirex Niigata (2022-01-09 to 2024-12-13): 136 matches, 58 wins | FC Tokyo (2024-12-21 to present): 69 matches, 33 wins",205,91,47,67,44.39,1.56,69,33,13,23,47.83,1.62,1,0,1,4425,Albirex Niigata,-1,J2 League,Albirex Niigata - J2 League: won [2022]; runner-up [],37,16,13,8,43.24,5803538,2026-08-21,9756,JEF United Chiba,223,J. League,2-0,W,https://www.fotmob.com/players/1340641/rikizo-matsuhashi,https://images.fotmob.com/image_resources/playerimages/1340641.png,2026-08-23T04:30:23+00:00
174332,Razvan Lucescu,1969-02-17,57,Romania,ROU,male,active,,101895,Al-Sadd,2026-07-05,,7,6,"9730, 9738, 282308, 8672, 8619, 2529","Romania, Rapid Bucuresti, El Jaish, Xanthi, PAOK Thessaloniki, Al Hilal","Romania (2009-04-29 to 2011-06-04): 10 matches, 3 wins | Rapid Bucuresti (2011-06-04 to 2012-05-24): 46 matches, 23 wins | El Jaish (2012-06-01 to 2014-01-15): 45 matches, 23 wins | Xanthi (2014-09-25 to 2017-06-30): 104 matches, 36 wins | PAOK Thessaloniki (2017-08-11 to 2019-06-28): 94 matches, 68 wins | Al Hilal (2019-07-01 to 2021-02-15): 66 matches, 42 wins | PAOK Thessaloniki (2021-05-27 to 2026-06-19): 200 matches, 105 wins",565,300,130,135,53.1,1.82,,,,,,,10,6,4,"2529, 8619, 282308, 9738","Al Hilal, PAOK Thessaloniki, El Jaish, Rapid Bucuresti","525, 9942, 536, 145, 135, 11017, -1","AFC Champions League Elite, King's Cup, Saudi Pro League, Greece Cup, Super League 1, QSL Cup, Cupa României","Al Hilal - AFC Champions League Elite: won [2019]; runner-up [] | Al Hilal - King's Cup: won [2019/2020]; runner-up [] | Al Hilal - Saudi Pro League: won [2019/2020]; runner-up [] | PAOK Thessaloniki - Greece Cup: won [2018/2019, 2017/2018]; runner-up [2025/2026, 2022/2023, 2021/2022] | PAOK Thessaloniki - Super League 1: won [2023/2024, 2018/2019]; runner-up [2021/2022, 2017/2018] | El Jaish - QSL Cup: won [2012/2013]; runner-up [] | Rapid Bucuresti - Cupa României: won [2006/2007, 2005/2006]; runner-up [2011/2012]",51,27,15,9,52.94,5271285,2026-05-17,10200,Panathinaikos,135,Super League Championship Group,2-2,D,https://www.fotmob.com/players/174332/razvan-lucescu,https://images.fotmob.com/image_resources/playerimages/174332.png,2026-08-23T04:30:23+00:00
1791913,Mohammadali Rabiei,1982-03-10,44,Iran,IRN,male,active,,176352,Tractor,2026-02-17,,1,1,176352,Tractor,"Tractor (2026-02-17 to 2026-08-08): 2 matches, 1 wins",2,1,1,0,50.0,2.0,,,,,,,1,0,1,394620,Mes Rafsanjan,-1,Azadegan League,Mes Rafsanjan - Azadegan League: won [2019/2020]; runner-up [],1,0,0,1,0.0,5187904,2026-04-14,102119,Shabab Al-Ahli Dubai FC,525,AFC Champions League Elite,0-3,L,https://www.fotmob.com/players/1791913/mohammadali-rabiei,https://images.fotmob.com/image_resources/playerimages/1791913.png,2026-08-23T04:30:23+00:00
31112,Sohrab Bakhtiarizadeh,1973-09-11,52,Iran,IRN,male,active,185,101614,Esteghlal,2026-02-23,,3,3,"274590, 101624, 101614","Shahr Khodrou FC, Sanat Naft Abadan, Esteghlal","Shahr Khodrou FC (2020-07-14 to 2020-08-24): 6 matches, 0 wins | Sanat Naft Abadan (2024-02-03 to 2024-03-19): 7 matches, 0 wins | Esteghlal (2026-02-23 to present): 3 matches, 3 wins",16,3,6,7,18.75,0.94,3,3,0,0,100,3,1,0,1,101614,Esteghlal,523,Persian Gulf,Esteghlal - Persian Gulf: won [2025/2026]; runner-up [],0,0,0,0,,,,,,,,,,https://www.fotmob.com/players/31112/sohrab-bakhtiarizadeh,https://images.fotmob.com/image_resources/playerimages/31112.png,2026-08-23T04:30:23+00:00
50691,José Luis Sierra,1968-12-05,57,Chile,CHI,male,active,180,101901,Al-Wakrah,2026-03-27,,2,2,"6354, 101901","Al-Wehda, Al-Wakrah","Al-Wehda (2025-09-12 to 2025-11-03): 7 matches, 0 wins | Al-Wakrah (2026-03-27 to present): 2 matches, 1 wins",9,1,2,6,11.11,0.56,2,1,0,1,50,1.5,0,0,0,,,,,,0,0,0,0,,,,,,,,,,https://www.fotmob.com/players/50691/jose-luis-sierra,https://images.fotmob.com/image_resources/playerimages/50691.png,2026-08-23T04:30:23+00:00
1135184,Ariel Holan,1960-09-14,65,Argentina,ARG,male,active,,6295,Cerro Porteno,2026-04-02,,9,8,"161730, 10078, 6458, 8514, 1841, 6453, 10084, 6295","Defensa y Justicia, Independiente, Universidad Catolica, Santos FC, Leon, Barcelona SC, Rosario Central, Cerro Porteno","Defensa y Justicia (2015-06-12 to 2016-11-15): 47 matches, 18 wins | Independiente (2016-12-29 to 2019-05-30): 104 matches, 50 wins | Universidad Catolica (2020-01-01 to 2021-02-22): 47 matches, 23 wins | Santos FC (2021-02-23 to 2021-05-03): 17 matches, 4 wins | Leon (2021-07-01 to 2022-04-23): 46 matches, 21 wins | Universidad Catolica (2022-05-10 to 2023-07-19): 47 matches, 20 wins | Barcelona SC (2024-04-27 to 2024-10-10): 23 matches, 10 wins | Rosario Central (2024-11-11 to 2025-12-11): 42 matches, 22 wins | Cerro Porteno (2026-04-02 to present): 20 matches, 8 wins",393,176,104,113,44.78,1.61,20,8,5,7,40,1.45,5,0,4,"10084, 1841, 6458, 10078","Rosario Central, Leon, Universidad Catolica, Independiente","112, -1, 273, 299","Liga Profesional, Leagues Cup 2019-2022, Primera División, Copa Sudamericana, J.League Cup / Copa Sudamericana Championship",Rosario Central - Liga Profesional: won [2025]; runner-up [] | Leon - Leagues Cup 2019-2022: won [2021]; runner-up [] | Universidad Catolica - Primera División: won [2020]; runner-up [] | Independiente - Copa Sudamericana: won [2017]; runner-up [] | Independiente - J.League Cup / Copa Sudamericana Championship: won [2018]; runner-up [],12,7,3,2,58.33,5063753,2025-11-23,10094,Estudiantes,112,Liga Profesional Clausura Playoff,0-1,L,https://www.fotmob.com/players/1135184/ariel-holan,https://images.fotmob.com/image_resources/playerimages/1135184.png,2026-08-23T04:30:23+00:00
36863,Hernán Losada,1982-05-09,44,Argentina,ARG,male,active,171,8003,Apollon Limassol,2025-12-18,,5,5,"583877, 6602, 161195, 7875, 8003","Beerschot, DC United, CF Montreal, Deinze, Apollon Limassol","Beerschot (2019-10-09 to 2021-01-19): 41 matches, 20 wins | DC United (2021-01-18 to 2022-07-20): 55 matches, 20 wins | CF Montreal (2022-12-21 to 2023-11-09): 40 matches, 16 wins | Deinze (2024-06-27 to 2024-12-11): 1 matches, 0 wins | Apollon Limassol (2025-12-18 to present): 31 matches, 20 wins",168,76,26,66,45.24,1.51,31,20,5,6,64.52,2.1,0,0,0,,,,,,4,3,0,1,75.0,5955367,2026-08-11,8468,Brann,10615,Conference League Qualification,2-4,L,https://www.fotmob.com/players/36863/hernan-losada,https://images.fotmob.com/image_resources/playerimages/36863.png,2026-08-23T04:30:24+00:00
75615,Vicente Moreno,1974-10-26,51,Spain,ESP,male,active,188,101898,Al-Rayyan,2026-03-25,,9,9,"9868, 8400, 8661, 8558, 101916, 9865, 8371, 101901, 101898","Xerez, Gimnastic, Mallorca, Espanyol, Al Shabab, Almeria, Osasuna, Al-Wakrah, Al-Rayyan","Xerez (2011-12-06 to 2012-06-30): 26 matches, 9 wins | Gimnastic (2013-11-05 to 2016-12-24): 147 matches, 65 wins | Mallorca (2017-06-20 to 2020-08-03): 133 matches, 56 wins | Espanyol (2020-08-04 to 2022-05-13): 85 matches, 39 wins | Al Shabab (2022-06-01 to 2023-06-30): 35 matches, 18 wins | Almeria (2023-07-01 to 2023-09-29): 7 matches, 0 wins | Osasuna (2024-07-01 to 2025-05-31): 43 matches, 16 wins | Al-Wakrah (2025-06-28 to 2026-03-24): 30 matches, 8 wins | Al-Rayyan (2026-03-25 to present): 7 matches, 5 wins",513,216,139,158,42.11,1.53,7,5,1,1,71.43,2.29,4,0,3,"101898, 8558, 8661","Al-Rayyan, Espanyol, Mallorca","-1, 11017, 140","AGCFF Gulf Champions League, QSL Cup, LaLiga2, Primera División RFEF",Al-Rayyan - AGCFF Gulf Champions League: won [2025/2026]; runner-up [] | Al-Rayyan - QSL Cup: won [2025/2026]; runner-up [] | Espanyol - LaLiga2: won [2020/2021]; runner-up [] | Mallorca - Primera División RFEF: won [2017/2018]; runner-up [],0,0,0,0,,,,,,,,,,https://www.fotmob.com/players/75615/vicente-moreno,https://images.fotmob.com/image_resources/playerimages/75615.png,2026-08-23T04:30:23+00:00
23304,Djamel Belmadi,1976-03-25,50,Algeria,ALG,male,active,172,203826,Al-Duhail SC,2025-06-07,,5,3,"203826, 5902, 6317","Al-Duhail SC, Qatar, Algeria","Al-Duhail SC (2010-07-06 to 2012-10-07): 53 matches, 30 wins | Qatar (2014-03-16 to 2015-05-01): 20 matches, 9 wins | Al-Duhail SC (2015-06-20 to 2018-07-12): 81 matches, 51 wins | Algeria (2018-08-01 to 2024-01-24): 76 matches, 52 wins | Al-Duhail SC (2025-06-07 to present): 45 matches, 16 wins",275,158,60,57,57.45,1.94,45,16,11,18,35.56,1.31,12,2,3,"6317, 203826, 5902","Algeria, Al-Duhail SC, Qatar","289, 10242, 11018, 11016, -1, 535","Africa Cup of Nations, FIFA Arab Cup, Amir of Qatar Cup, Qatar Cup, Sheikh Jassem Cup, Qatar Stars League, Gulf Cup of Nations","Algeria - Africa Cup of Nations: won [2019 Egypt]; runner-up [] | Algeria - FIFA Arab Cup: won [2021]; runner-up [] | Al-Duhail SC - Amir of Qatar Cup: won [2018, 2016]; runner-up [] | Al-Duhail SC - Qatar Cup: won [2018]; runner-up [2016] | Al-Duhail SC - Sheikh Jassem Cup: won [2016, 2015]; runner-up [2017] | Al-Duhail SC - Qatar Stars League: won [2017/2018, 2016/2017, 2011/2012, 2010/2011]; runner-up [] | Qatar - Gulf Cup of Nations: won [2014 Saudi Arabia]; runner-up []",9,2,2,5,22.22,5187902,2026-04-13,2530,Al Ahli,525,AFC Champions League Elite,1-0,L,https://www.fotmob.com/players/23304/djamel-belmadi,https://images.fotmob.com/image_resources/playerimages/23304.png,2026-08-23T04:30:24+00:00
1904487,Hamid Motahari,1974-04-24,52,Iran,IRN,male,active,,139914,Foolad Khuzestan,2026-01-18,,1,1,139914,Foolad Khuzestan,"Foolad Khuzestan (2026-01-18 to present): 8 matches, 4 wins",8,4,4,0,50.0,2.0,8,4,4,0,50,2,0,0,0,,,,,,0,0,0,0,,,,,,,,,,https://www.fotmob.com/players/1904487/hamid-motahari,https://images.fotmob.com/image_resources/playerimages/1904487.png,2026-08-23T04:30:24+00:00
11107,David Horejs,1977-05-19,49,Czechia,CZE,male,active,185,1712,Hradec Kralove,2024-02-28,,2,2,"7758, 1712","Jablonec, Hradec Kralove","Jablonec (2022-06-01 to 2023-06-30): 37 matches, 11 wins | Hradec Kralove (2024-02-28 to present): 96 matches, 46 wins",133,57,29,47,42.86,1.5,96,46,19,31,47.92,1.64,0,0,0,,,,,,38,20,8,10,52.63,5988062,2026-08-20,10200,Panathinaikos,10615,Conference League Qualification,2-2,D,https://www.fotmob.com/players/11107/david-horejs,https://images.fotmob.com/image_resources/playerimages/11107.png,2026-08-23T04:30:24+00:00
1921159,Shinya Tsukahara,1985-04-02,41,Japan,JPN,male,active,,8270,Avispa Fukuoka,2026-01-04,,2,2,"8270, 614335","Avispa Fukuoka, FC Osaka","Avispa Fukuoka (2026-01-04 to present):  matches,  wins | FC Osaka (2021-01-01 to 2023-01-08):  matches,  wins",0,0,0,0,,,,,,,,,0,0,0,,,,,,18,5,8,5,27.78,5803541,2026-08-22,4397,Kashima Antlers,223,J. League,3-2,L,https://www.fotmob.com/players/1921159/shinya-tsukahara,https://images.fotmob.com/image_resources/playerimages/1921159.png,2026-08-23T04:30:24+00:00
1135192,Khaled Al-Atawi,1977-04-13,49,Saudi Arabia,KSA,male,active,,177356,Al Fateh FC,2026-07-21,,1,1,1787233,Al Diriyah,"Al Diriyah (2026-05-13 to 2026-06-30): 3 matches, 3 wins",3,3,0,0,100.0,3.0,,,,,,,0,0,0,,,,,,2,0,0,2,0.0,5970095,2026-08-22,101915,Al-Ettifaq,536,Saudi Pro League,0-1,L,https://www.fotmob.com/players/1135192/khaled-al-atawi,https://images.fotmob.com/image_resources/playerimages/1135192.png,2026-08-23T04:30:24+00:00
37473,Cosmin Contra,1975-12-15,50,Romania,ROU,male,active,,101899,Al-Arabi,2025-10-15,,10,9,"8555, 8305, 7803, 161750, 10271, 9730, 8577, 582823, 101899","Fuenlabrada, Getafe, Guangzhou City, Alcorcon, Dinamo Bucuresti, Romania, Al Ittihad, Damac FC, Al-Arabi","Fuenlabrada (2012-08-01 to 2012-10-28): 10 matches, 4 wins | Getafe (2014-03-10 to 2015-01-05): 30 matches, 10 wins | Guangzhou City (2015-01-05 to 2015-07-23): 26 matches, 6 wins | Alcorcon (2016-06-15 to 2016-10-12): 11 matches, 4 wins | Dinamo Bucuresti (2017-02-16 to 2017-09-18): 26 matches, 13 wins | Romania (2017-09-22 to 2019-11-26): 24 matches, 13 wins | Dinamo Bucuresti (2020-08-26 to 2020-12-03): 10 matches, 2 wins | Al Ittihad (2021-08-29 to 2022-07-04): 30 matches, 20 wins | Damac FC (2023-03-08 to 2024-12-25): 61 matches, 19 wins | Al-Arabi (2025-10-15 to present): 29 matches, 15 wins",257,106,61,90,41.25,1.47,29,15,5,9,51.72,1.72,2,0,2,"10271, 0","Dinamo Bucuresti, SC FC Petrolul Ploieşti",-1,"Cupa Ligii, Cupa României",Dinamo Bucuresti - Cupa Ligii: won [2016/2017]; runner-up [] | SC FC Petrolul Ploieşti - Cupa României: won [2012/2013]; runner-up [],0,0,0,0,,,,,,,,,,https://www.fotmob.com/players/37473/cosmin-contra,https://images.fotmob.com/image_resources/playerimages/37473.png,2026-08-23T04:30:24+00:00
1144040,Rhulani Mokwena,1987-01-08,39,South Africa,RSA,male,active,,517894,Pyramids FC,2026-07-17,,6,6,"7866, 316438, 4530, 102050, 6353, 517894","Orlando Pirates, Chippa United, Mamelodi Sundowns FC, Wydad Casablanca, MC Alger, Pyramids FC","Orlando Pirates (2019-08-16 to 2019-12-10): 12 matches, 3 wins | Chippa United (2020-03-04 to 2020-06-30): 1 matches, 0 wins | Mamelodi Sundowns FC (2020-10-04 to 2024-07-03): 193 matches, 126 wins | Wydad Casablanca (2024-07-11 to 2025-04-29): 27 matches, 11 wins | MC Alger (2025-07-13 to 2026-03-14): 29 matches, 16 wins | Pyramids FC (2026-07-17 to present): 1 matches, 1 wins",263,157,73,33,59.7,2.07,1,1,0,0,100,3,0,0,0,,,,,,1,1,0,0,100.0,5995575,2026-08-22,101752,Ghazl Al Mahalla,519,Premier League,0-3,W,https://www.fotmob.com/players/1144040/rhulani-mokwena,https://images.fotmob.com/image_resources/playerimages/1144040.png,2026-08-23T04:30:24+00:00
37869,Víctor Sánchez del Amo,1976-02-23,50,Spain,ESP,male,active,183,209190,Al Ittihad Kalba,2026-07-01,,8,8,"9783, 8638, 8603, 9864, 8554, 7872, 10162, 209190","Deportivo A Coruña, Olympiacos, Real Betis, Malaga, Cartagena, Olimpija Ljubljana, Rijeka, Al Ittihad Kalba","Deportivo A Coruña (2015-04-09 to 2016-05-30): 50 matches, 10 wins | Olympiacos (2016-06-23 to 2016-08-05): 2 matches, 0 wins | Real Betis (2016-11-12 to 2017-05-10): 27 matches, 8 wins | Malaga (2019-04-15 to 2020-01-11): 33 matches, 10 wins | Cartagena (2023-07-01 to 2023-09-23): 7 matches, 1 wins | Olimpija Ljubljana (2024-07-01 to 2025-06-30): 53 matches, 31 wins | Rijeka (2025-09-03 to 2026-05-27): 46 matches, 21 wins | Al Ittihad Kalba (2026-07-01 to present): 2 matches, 0 wins",220,81,71,68,36.82,1.43,2,0,1,1,0,0.5,1,0,1,7872,Olimpija Ljubljana,14,1. SNL,Olimpija Ljubljana - 1. SNL: won [2024/2025]; runner-up [],40,16,13,11,40.0,4814303,2026-05-23,206560,HNK Gorica,252,HNL,2-0,W,https://www.fotmob.com/players/37869/victor-sanchez-del-amo,https://images.fotmob.com/image_resources/playerimages/37869.png,2026-08-23T04:30:24+00:00
409399,Cristiano Bergodi,1964-10-14,61,Italy,ITA,male,active,,89022,Universitatea Cluj,2025-10-23,,11,8,"9887, 9878, 9858, 9738, 405332, 480286, 583706, 89022","Modena, Pescara, Brescia, Rapid Bucuresti, FC Voluntari, Universitatea Craiova, Sepsi OSK, Universitatea Cluj","Modena (2011-07-01 to 2011-11-14): 32 matches, 12 wins | Modena (2012-02-26 to 2012-06-30): 32 matches, 12 wins | Pescara (2012-11-20 to 2013-03-04): 15 matches, 3 wins | Brescia (2013-09-30 to 2014-03-04): 20 matches, 7 wins | Rapid Bucuresti (2015-04-15 to 2015-06-01): 8 matches, 3 wins | Modena (2016-03-27 to 2016-06-30): 9 matches, 1 wins | FC Voluntari (2018-11-15 to 2020-01-06): 46 matches, 9 wins | Universitatea Craiova (2020-05-08 to 2020-11-09): 18 matches, 14 wins | Sepsi OSK (2021-10-15 to 2023-06-08): 83 matches, 40 wins | Rapid Bucuresti (2023-07-10 to 2024-04-16): 37 matches, 16 wins | Universitatea Cluj (2025-10-23 to present): 43 matches, 26 wins",343,143,85,115,41.69,1.5,43,26,5,12,60.47,1.93,3,0,1,583706,Sepsi OSK,"-1, 192","Cupa României, Supercupa","Sepsi OSK - Cupa României: won [2022/2023, 2021/2022]; runner-up [] | Sepsi OSK - Supercupa: won [2022/2023]; runner-up []",40,23,8,9,57.5,5853473,2026-08-22,10271,Dinamo Bucuresti,189,Superliga,2-1,L,https://www.fotmob.com/players/409399/cristiano-bergodi,https://images.fotmob.com/image_resources/playerimages/409399.png,2026-08-23T04:30:24+00:00
468269,Alfredo Berti,1971-10-05,54,Argentina,ARG,male,active,,161729,Independiente Rivadavia,2024-08-27,,10,8,"10201, 161728, 161729, 10086, 10092, 213596, 49687, 213534","Newell's Old Boys, Aldosivi, Independiente Rivadavia, Argentinos Juniors, Belgrano, Central Cordoba de Santiago, Luqueno, Barracas Central","Newell's Old Boys (2013-07-13 to 2014-04-12): 37 matches, 13 wins | Aldosivi (2014-06-19 to 2014-10-28): 13 matches, 4 wins | Independiente Rivadavia (2017-04-25 to 2017-08-03): 17 matches, 8 wins | Argentinos Juniors (2017-08-04 to 2018-09-17): 35 matches, 15 wins | Belgrano (2019-06-08 to 2019-10-07): 9 matches, 2 wins | Central Cordoba de Santiago (2020-08-11 to 2021-01-11): 5 matches, 1 wins | Luqueno (2021-05-17 to 2021-09-13): 10 matches, 3 wins | Barracas Central (2022-03-01 to 2022-07-24): 21 matches, 9 wins | Independiente Rivadavia (2023-04-01 to 2023-11-16): 29 matches, 19 wins | Independiente Rivadavia (2024-08-27 to present): 87 matches, 41 wins",263,115,72,76,43.73,1.59,87,41,26,20,47.13,1.71,0,0,0,,,,,,37,15,14,8,40.54,5115955,2026-08-22,10078,Independiente,112,Liga Profesional Clausura,0-0,D,https://www.fotmob.com/players/468269/alfredo-berti,https://images.fotmob.com/image_resources/playerimages/468269.png,2026-08-23T04:30:25+00:00
1135626,Fábio Carille,1973-09-26,52,Brazil,BRA,male,active,,582749,Al-Fayha,2026-06-08,,16,11,"9808, 6354, 8577, 8514, 10273, 194016, 10276, 7733, 9862, 582823, 582749","Corinthians, Al-Wehda, Al Ittihad, Santos FC, Athletico Paranaense, V-Varen Nagasaki, Vasco da Gama, Vitória, Goiás, Damac FC, Al-Fayha","Corinthians (2010-10-13 to 2010-10-20): 2 matches, 0 wins | Corinthians (2016-06-15 to 2016-06-20): 6 matches, 2 wins | Corinthians (2016-09-19 to 2016-10-14): 6 matches, 2 wins | Corinthians (2016-12-23 to 2018-05-23): 63 matches, 34 wins | Al-Wehda (2018-07-01 to 2018-12-14): 13 matches, 6 wins | Corinthians (2018-12-08 to 2019-11-04): 48 matches, 19 wins | Al Ittihad (2020-02-11 to 2021-08-22): 46 matches, 21 wins | Santos FC (2021-09-08 to 2022-02-18): 27 matches, 9 wins | Athletico Paranaense (2022-04-13 to 2022-05-07): 7 matches, 3 wins | V-Varen Nagasaki (2022-07-01 to 2023-12-18): 63 matches, 23 wins | Santos FC (2023-12-19 to 2024-11-18): 53 matches, 31 wins | Vasco da Gama (2024-12-19 to 2025-04-28): 24 matches, 9 wins | Vitória (2025-07-10 to 2025-08-27): 8 matches, 1 wins | Goiás (2025-10-14 to 2025-12-09): 6 matches, 3 wins | Damac FC (2026-02-10 to 2026-06-08): 14 matches, 5 wins | Al-Fayha (2026-06-08 to present): 3 matches, 1 wins",389,169,107,113,43.44,1.58,3,1,0,2,33.33,1,4,0,1,9808,Corinthians,"10244, 268","Paulista A1, Série A","Corinthians - Paulista A1: won [2019, 2018, 2017]; runner-up [] | Corinthians - Série A: won [2017]; runner-up []",12,3,2,7,25.0,5970090,2026-08-20,2529,Al Hilal,536,Saudi Pro League,0-3,L,https://www.fotmob.com/players/1135626/fabio-carille,https://images.fotmob.com/image_resources/playerimages/1135626.png,2026-08-23T04:30:24+00:00
12727,Daniel Isaila,1972-06-29,54,Romania,ROU,male,active,185,182933,Baniyas,2025-01-09,,11,7,"2177, 2429, 8553, 101911, 182933, 149994, 149993","FC Brasov, Astra Giurgiu, Romania U21, Al Hazem, Baniyas, Ajman, Khorfakkan","FC Brasov (2010-07-09 to 2010-12-18): 19 matches, 5 wins | FC Brasov (2011-07-14 to 2011-08-08): 9 matches, 2 wins | FC Brasov (2011-08-30 to 2011-11-01): 9 matches, 2 wins | Astra Giurgiu (2013-04-14 to 2014-03-22): 47 matches, 27 wins | Astra Giurgiu (2014-05-08 to 2014-10-11): 46 matches, 30 wins | Romania U21 (2016-12-12 to 2018-06-08): 6 matches, 3 wins | Al Hazem (2018-07-01 to 2020-02-05): 47 matches, 11 wins | Baniyas (2020-06-25 to 2023-06-30): 88 matches, 35 wins | Ajman (2023-09-01 to 2024-06-26): 26 matches, 9 wins | Khorfakkan (2024-06-26 to 2025-01-08): 12 matches, 4 wins | Baniyas (2025-01-09 to present): 47 matches, 13 wins",356,141,92,123,39.61,1.45,47,13,11,23,27.66,1.06,2,0,1,2429,Astra Giurgiu,"-1, 192","Cupa României, Supercupa",Astra Giurgiu - Cupa României: won [2013/2014]; runner-up [] | Astra Giurgiu - Supercupa: won [2014/2015]; runner-up [],0,0,0,0,,,,,,,,,,https://www.fotmob.com/players/12727/daniel-isaila,https://images.fotmob.com/image_resources/playerimages/12727.png,2026-08-23T04:30:24+00:00
70057,Ross Aloisi,1973-04-17,53,Australia,AUS,male,active,178,51443,Zhejiang Professional,2025-12-22,,2,2,"8118, 51443","Brisbane Roar FC, Zhejiang Professional","Brisbane Roar FC (2023-06-01 to 2023-12-24): 14 matches, 8 wins | Zhejiang Professional (2025-12-22 to present): 24 matches, 8 wins",38,16,8,14,42.11,1.47,24,8,6,10,33.33,1.25,3,0,1,198616,Shanghai Port,"9550, 120","Chinese FA Cup, Super League","Shanghai Port - Chinese FA Cup: won [2024]; runner-up [] | Shanghai Port - Super League: won [2025, 2024]; runner-up []",23,8,6,9,34.78,5186591,2026-08-22,930027,Shenzhen Peng City,120,Super League,1-1,D,https://www.fotmob.com/players/70057/ross-aloisi,https://images.fotmob.com/image_resources/playerimages/70057.png,2026-08-23T04:30:25+00:00
262782,Milos Milojevic,1982-09-29,43,Serbia,SRB,male,active,,102123,Al-Nasr SC,2026-06-08,,9,9,"6017, 8332, 8127, 8248, 10237, 8687, 102111, 102124, 102123","Vikingur Reykjavik, Breidablik, Mjällby, Hammarby, Malmö FF, FK Crvena Zvezda, Al-Wasl, Sharjah Cultural Club, Al-Nasr SC","Vikingur Reykjavik (2015-07-14 to 2017-05-19): 39 matches, 15 wins | Breidablik (2017-05-22 to 2017-10-03): 18 matches, 8 wins | Mjällby (2018-06-21 to 2019-11-30): 48 matches, 31 wins | Hammarby (2021-06-14 to 2021-12-31): 29 matches, 17 wins | Malmö FF (2022-01-07 to 2022-07-29): 26 matches, 16 wins | FK Crvena Zvezda (2022-08-26 to 2023-06-30): 41 matches, 30 wins | Al-Wasl (2023-07-01 to 2025-05-26): 70 matches, 43 wins | Sharjah Cultural Club (2025-06-17 to 2025-11-17): 15 matches, 5 wins | Al-Nasr SC (2026-06-08 to present): 2 matches, 1 wins",288,166,56,66,57.64,1.92,2,1,1,0,50,2,7,0,4,"102111, 8687, 10237, 8127","Al-Wasl, FK Crvena Zvezda, Malmö FF, Mjällby","-1, 538, 183, 182, 168","Presidents Cup, UAE-Qatar Super Shield, Pro League, Kup Srbije, Super Liga, Svenska Cupen, Superettan",Al-Wasl - Presidents Cup: won [2023/2024]; runner-up [] | Al-Wasl - UAE-Qatar Super Shield: won [2025]; runner-up [] | Al-Wasl - Pro League: won [2023/2024]; runner-up [] | FK Crvena Zvezda - Kup Srbije: won [2022/2023]; runner-up [] | FK Crvena Zvezda - Super Liga: won [2022/2023]; runner-up [] | Malmö FF - Svenska Cupen: won [2021/2022]; runner-up [] | Mjällby - Superettan: won [2019]; runner-up [],6,2,1,3,33.33,4933465,2025-12-22,2529,Al Hilal,525,AFC Champions League Elite West,0-1,L,https://www.fotmob.com/players/262782/milos-milojevic,https://images.fotmob.com/image_resources/playerimages/262782.png,2026-08-23T04:30:25+00:00
117181,Kim Gi-Dong,1972-01-12,54,Korea Republic,KOR,male,active,171,92630,FC Seoul,2023-12-14,,2,2,"109373, 92630","Pohang Steelers, FC Seoul","Pohang Steelers (2019-01-01 to 2023-12-13): 209 matches, 96 wins | FC Seoul (2023-12-14 to present): 116 matches, 48 wins",325,144,86,95,44.31,1.59,116,48,32,36,41.38,1.52,0,0,0,,,,,,46,20,12,14,43.48,5140000,2026-08-22,429440,FC Anyang,9080,K-League 1,0-7,W,https://www.fotmob.com/players/117181/kim-gi-dong,https://images.fotmob.com/image_resources/playerimages/117181.png,2026-08-23T04:30:25+00:00
30634,John Aloisi,1976-02-05,50,Australia,AUS,male,active,184,737052,Chengdu Rongcheng FC,2026-01-06,,4,4,"203576, 8118, 1079464, 737052","Melbourne City FC, Brisbane Roar FC, Western United FC, Chengdu Rongcheng FC","Melbourne City FC (2012-05-08 to 2013-12-28): 39 matches, 8 wins | Brisbane Roar FC (2015-05-26 to 2018-12-27): 108 matches, 41 wins | Western United FC (2021-07-15 to 2025-12-31): 121 matches, 51 wins | Chengdu Rongcheng FC (2026-01-06 to present): 28 matches, 15 wins",296,115,59,122,38.85,1.36,28,15,6,7,53.57,1.82,1,0,1,1079464,Western United FC,113,A-League,Western United FC - A-League: won [2021/2022]; runner-up [],25,14,7,4,56.0,5186590,2026-08-22,6628,Shanghai Shenhua,120,Super League,4-5,L,https://www.fotmob.com/players/30634/john-aloisi,https://images.fotmob.com/image_resources/playerimages/30634.png,2026-08-23T04:30:25+00:00
29430,Hwang Sun-Hong,1968-07-14,58,Korea Republic,KOR,male,active,183,133900,Daejeon Hana Citizen,2024-06-03,,7,6,"6092, 109373, 92630, 133900, 300702, 7804","Busan I'Park, Pohang Steelers, FC Seoul, Daejeon Hana Citizen, South Korea U23, South Korea","Busan I'Park (2007-12-04 to 2010-11-01): 16 matches, 2 wins | Pohang Steelers (2010-11-08 to 2015-12-31): 211 matches, 104 wins | FC Seoul (2016-06-23 to 2018-04-30): 87 matches, 37 wins | Daejeon Hana Citizen (2020-01-01 to 2020-09-08): 21 matches, 10 wins | South Korea U23 (2022-01-01 to 2025-05-27): 11 matches, 10 wins | South Korea (2024-02-27 to 2024-04-30): 2 matches, 1 wins | Daejeon Hana Citizen (2024-06-03 to present): 86 matches, 34 wins",434,198,119,117,45.62,1.64,86,34,26,26,39.53,1.49,6,1,3,"300702, 92630, 109373","South Korea U23, FC Seoul, Pohang Steelers","-1, 9080, 9551","WAFF Championship U23, Asian Games, K League 1, Cup","South Korea U23 - WAFF Championship U23: won [2024 Saudi Arabia]; runner-up [] | South Korea U23 - Asian Games: won [2022 China PR]; runner-up [] | FC Seoul - K League 1: won [2016]; runner-up [] | Pohang Steelers - K League 1: won [2013]; runner-up [2011] | Pohang Steelers - Cup: won [2013, 2012]; runner-up []",35,13,10,12,37.14,5139996,2026-08-15,92630,FC Seoul,9080,K-League 1,4-2,L,https://www.fotmob.com/players/29430/hwang-sun-hong,https://images.fotmob.com/image_resources/playerimages/29430.png,2026-08-23T04:30:25+00:00
1823013,Levente Babo,1980-11-18,45,Hungary,HUN,male,active,,355346,Puskas FC Academy,2026-05-26,,7,5,"355346, 401644, 169442, -1, 131123","Puskas FC Academy, Puskas FC Academy U19, Hungary U20, Puskás Ferenc Akadémia FC II, Hungary Under 18, Hungary U19","Puskas FC Academy (2026-05-26 to present):  matches,  wins | Puskas FC Academy U19 (2025-10-20 to present):  matches,  wins | Hungary U20 (2024-03-13 to present):  matches,  wins | Puskás Ferenc Akadémia FC II (2025-07-26 to 2026-05-26):  matches,  wins | Puskas FC Academy U19 (2024-08-30 to 2025-06-30):  matches,  wins | Hungary Under 18 (2022-10-22 to 2024-08-01):  matches,  wins | Hungary U19 (2023-08-01 to 2024-06-30):  matches,  wins",0,0,0,0,,,,,,,,,0,0,0,,,,,,5,4,0,1,80.0,5865446,2026-08-22,1602,Vasas Budapest,212,NB I,0-1,W,https://www.fotmob.com/players/1823013/levente-babo,https://images.fotmob.com/image_resources/playerimages/1823013.png,2026-08-23T04:30:25+00:00
1136248,Chung Jung-Yong,1969-04-01,57,Korea Republic,KOR,male,active,,-1,K-League XI,2026-08-01,,4,4,"5879, 616212, 133901, 46038","South Korea U20, Seoul E-Land FC, Gimcheon Sangmu, Jeonbuk Hyundai Motors FC","South Korea U20 (2019-05-15 to 2022-12-31): 7 matches, 5 wins | Seoul E-Land FC (2020-01-01 to 2022-12-31): 109 matches, 33 wins | Gimcheon Sangmu (2023-06-03 to 2025-12-24): 103 matches, 53 wins | Jeonbuk Hyundai Motors FC (2025-12-24 to present): 24 matches, 10 wins",243,101,59,83,41.56,1.49,,,,,,,0,0,0,,,,,,32,15,7,10,46.88,5140002,2026-08-22,133896,Ulsan HD FC,9080,K-League 1,1-0,W,https://www.fotmob.com/players/1136248/chung-jung-yong,https://images.fotmob.com/image_resources/playerimages/1136248.png,2026-08-23T04:30:25+00:00
1527530,Mohammed Al Jalboot,1968-10-18,57,United Arab Emirates,UAE,male,active,,1112866,Al Bataeh,2026-07-02,,1,1,102121,Emirates Club,"Emirates Club (2023-07-04 to 2023-09-12): 2 matches, 0 wins",2,0,1,1,0.0,0.5,,,,,,,0,0,0,,,,,,0,0,0,0,,,,,,,,,,https://www.fotmob.com/players/1527530/mohammed-al-jalboot,https://images.fotmob.com/image_resources/playerimages/1527530.png,2026-08-23T04:30:25+00:00
21021,Jianye Liu,1987-06-17,39,China,CHN,male,active,178,1477050,Chongqing Tongliang Long,2025-12-14,,2,2,"1477050, 737057","Chongqing Tongliang Long, Dingnan United","Chongqing Tongliang Long (2025-12-14 to present):  matches,  wins | Dingnan United (2025-02-14 to 2025-12-13):  matches,  wins",0,0,0,0,,,,,,,,,0,0,0,,,,,,24,8,9,7,33.33,5186583,2026-08-14,1283248,Qingdao West Coast,120,Super League,0-0,D,https://www.fotmob.com/players/21021/jianye-liu,https://images.fotmob.com/image_resources/playerimages/21021.png,2026-08-23T04:30:26+00:00
180789,Leonid Slutskiy,1971-05-04,55,Russia,RUS,male,active,,6628,Shanghai Shenhua,2024-01-01,2026-08-07,6,6,"9760, 8713, 8667, 8277, 8683, 6628","CSKA Moscow, Russia, Hull City, Vitesse, Rubin Kazan, Shanghai Shenhua","CSKA Moscow (2009-10-26 to 2016-12-08): 279 matches, 156 wins | Russia (2015-08-07 to 2016-06-30): 13 matches, 6 wins | Hull City (2017-06-09 to 2017-12-03): 21 matches, 4 wins | Vitesse (2018-06-24 to 2019-12-01): 62 matches, 27 wins | Rubin Kazan (2019-12-19 to 2022-11-15): 95 matches, 38 wins | Shanghai Shenhua (2024-01-01 to 2026-08-07): 109 matches, 65 wins",579,296,120,163,51.12,1.74,109,65,19,25,59.63,1.96,9,5,2,"6628, 9760","Shanghai Shenhua, CSKA Moscow","9491, 63, 195, 193","Super Cup, Premier League, Russian Cup","Shanghai Shenhua - Super Cup: won [2025, 2024]; runner-up [] | CSKA Moscow - Premier League: won [2015/2016, 2013/2014, 2012/2013]; runner-up [2014/2015, 2010] | CSKA Moscow - Super Cup: won [2014/2015, 2013/2014]; runner-up [2016/2017, 2010] | CSKA Moscow - Russian Cup: won [2012/2013, 2010/2011]; runner-up [2015/2016]",41,17,9,15,41.46,5186544,2026-08-18,4177,Beijing Guoan,120,Super League,0-3,L,https://www.fotmob.com/players/180789/leonid-slutskiy,https://images.fotmob.com/image_resources/playerimages/180789.png,2026-08-23T04:30:25+00:00
111885,Efraín Juárez,1988-02-22,38,Mexico,MEX,male,active,178,5755,Györi ETO,2026-06-19,,3,3,"6368, 1946, 5755","Atletico Nacional, Pumas, Györi ETO","Atletico Nacional (2024-08-28 to 2025-01-14): 28 matches, 15 wins | Pumas (2025-03-04 to 2026-06-09): 59 matches, 24 wins | Györi ETO (2026-06-19 to present): 9 matches, 2 wins",96,41,32,23,42.71,1.61,9,2,5,2,22.22,1.22,3,0,1,6368,Atletico Nacional,"274, -1","Primera A, Copa Colombia","Atletico Nacional - Primera A: won [2024 Clausura, Clausura 2024]; runner-up [] | Atletico Nacional - Copa Colombia: won [2024]; runner-up []",47,18,18,11,38.3,5865440,2026-08-16,8369,Debrecen,212,NB I,1-1,D,https://www.fotmob.com/players/111885/efrain-juarez,https://images.fotmob.com/image_resources/playerimages/111885.png,2026-08-23T04:30:25+00:00
1436063,Joaquin Papa,1986-10-24,39,Uruguay,URU,male,active,,192875,Independiente del Valle,2025-12-23,,1,1,192875,Independiente del Valle,"Independiente del Valle (2025-12-23 to present): 34 matches, 28 wins",34,28,2,4,82.35,2.53,34,28,2,4,82.35,2.53,1,0,1,192875,Independiente del Valle,11035,Supercopa de Ecuador,Independiente del Valle - Supercopa de Ecuador: won [2026]; runner-up [],13,5,3,5,38.46,5057726,2025-11-16,8450,Club Atletico Penarol,161,Liga AUF Uruguaya,1-2,L,https://www.fotmob.com/players/1436063/joaquin-papa,https://images.fotmob.com/image_resources/playerimages/1436063.png,2026-08-23T04:30:26+00:00
31093,Chung Kyeong-Ho,1980-05-22,46,Korea Republic,KOR,male,active,179,164734,Gangwon FC,2024-12-06,,1,1,164734,Gangwon FC,"Gangwon FC (2024-12-06 to present): 75 matches, 26 wins",75,26,26,23,34.67,1.39,75,26,26,23,34.67,1.39,0,0,0,,,,,,44,16,17,11,36.36,5139999,2026-08-16,133896,Ulsan HD FC,9080,K-League 1,2-3,W,https://www.fotmob.com/players/31093/chung-kyeong-ho,https://images.fotmob.com/image_resources/playerimages/31093.png,2026-08-23T04:30:26+00:00
1229635,Alen Horvat,1973-09-13,52,Croatia,CRO,male,active,,102118,Al-Dhafra,2026-04-07,,5,5,"10162, 101918, 582752, 1115137, 102118","Rijeka, Al Nassr FC, Al Batin, Al Arabi, Al-Dhafra","Rijeka (2011-06-19 to 2011-10-04): 10 matches, 3 wins | Al Nassr FC (2020-12-30 to 2021-04-10): 18 matches, 10 wins | Al Batin (2021-10-23 to 2023-02-24): 41 matches, 8 wins | Al Arabi (2023-09-01 to 2024-06-30): 1 matches, 0 wins | Al-Dhafra (2026-04-07 to present): 6 matches, 1 wins",76,22,18,36,28.95,1.11,6,1,1,4,16.67,0.67,1,0,1,101918,Al Nassr FC,10074,Super Cup,Al Nassr FC - Super Cup: won [2021]; runner-up [],0,0,0,0,,,,,,,,,,https://www.fotmob.com/players/1229635/alen-horvat,https://images.fotmob.com/image_resources/playerimages/1229635.png,2026-08-23T04:30:26+00:00
1441854,Go Kuroda,1970-05-26,56,Japan,JPN,male,active,,194011,Machida Zelvia,2023-01-09,,1,1,194011,Machida Zelvia,"Machida Zelvia (2023-01-09 to present): 171 matches, 99 wins",171,99,32,40,57.89,1.92,171,99,32,40,57.89,1.92,2,0,1,194011,Machida Zelvia,-1,"J2 League, Emperor Cup",Machida Zelvia - J2 League: won [2023]; runner-up [] | Machida Zelvia - Emperor Cup: won [2025]; runner-up [],49,24,17,8,48.98,5803530,2026-08-15,9756,JEF United Chiba,223,J. League,0-4,W,https://www.fotmob.com/players/1441854/go-kuroda,https://images.fotmob.com/image_resources/playerimages/1441854.png,2026-08-23T04:30:26+00:00
1434818,Hassan Al Abdooli,1974-08-28,51,United Arab Emirates,UAE,male,active,,102122,Al-Wahda,2026-04-18,2026-06-30,5,5,"102111, 391664, 583053, 149993, 102122","Al-Wasl, Dibba Al Fujairah, Dibba Al-Hisn, Khorfakkan, Al-Wahda","Al-Wasl (2018-10-23 to 2018-12-31): 8 matches, 2 wins | Dibba Al Fujairah (2023-01-01 to 2024-10-08): 18 matches, 7 wins | Dibba Al-Hisn (2024-10-08 to 2025-06-30): 22 matches, 4 wins | Khorfakkan (2025-07-01 to 2026-01-20): 18 matches, 5 wins | Al-Wahda (2026-04-18 to 2026-06-30): 5 matches, 2 wins",71,20,15,36,28.17,1.06,5,2,1,2,40,1.4,1,0,1,102122,Al-Wahda,11027,League Cup,Al-Wahda - League Cup: won [2025/2026]; runner-up [],0,0,0,0,,,,,,,,,,https://www.fotmob.com/players/1434818/hassan-al-abdooli,https://images.fotmob.com/image_resources/playerimages/1434818.png,2026-08-23T04:30:26+00:00
301548,David Prats,1979-04-03,47,Spain,ESP,male,active,173,101904,Al-Shamal,2024-12-19,,1,1,101904,Al-Shamal,"Al-Shamal (2024-12-19 to present): 15 matches, 6 wins",15,6,3,6,40.0,1.4,15,6,3,6,40,1.4,6,0,1,101895,Al-Sadd,"11017, 11018, 11016, 535","QSL Cup, Amir of Qatar Cup, Qatar Cup, Qatar Stars League","Al-Sadd - QSL Cup: won [2019/2020]; runner-up [] | Al-Sadd - Amir of Qatar Cup: won [2021, 2020]; runner-up [] | Al-Sadd - Qatar Cup: won [2021, 2020]; runner-up [] | Al-Sadd - Qatar Stars League: won [2020/2021]; runner-up []",0,0,0,0,,,,,,,,,,https://www.fotmob.com/players/301548/david-prats,https://images.fotmob.com/image_resources/playerimages/301548.png,2026-08-23T04:30:26+00:00
280993,Pedro Martins,1970-07-17,56,Portugal,POR,male,active,178,101897,Al-Gharafa,2022-11-05,,5,5,"10212, 7841, 7844, 8638, 101897","Maritimo, Rio Ave, Vitoria de Guimaraes, Olympiacos, Al-Gharafa","Maritimo (2010-09-15 to 2014-05-12): 153 matches, 60 wins | Rio Ave (2014-07-01 to 2016-06-30): 101 matches, 38 wins | Vitoria de Guimaraes (2016-07-01 to 2018-02-19): 80 matches, 36 wins | Olympiacos (2018-07-01 to 2022-07-31): 221 matches, 143 wins | Al-Gharafa (2022-11-05 to present): 122 matches, 57 wins",677,334,145,198,49.34,1.69,122,57,19,46,46.72,1.56,6,2,2,"101897, 8638","Al-Gharafa, Olympiacos","11018, 145, 135","Amir of Qatar Cup, Greece Cup, Super League 1","Al-Gharafa - Amir of Qatar Cup: won [2025/2026, 2024/2025]; runner-up [] | Olympiacos - Greece Cup: won [2019/2020]; runner-up [2020/2021] | Olympiacos - Super League 1: won [2021/2022, 2020/2021, 2019/2020]; runner-up [2018/2019]",8,2,0,6,25.0,4933505,2026-02-17,176352,Tractor,525,AFC Champions League Elite West,0-2,L,https://www.fotmob.com/players/280993/pedro-martins,https://images.fotmob.com/image_resources/playerimages/280993.png,2026-08-23T04:30:26+00:00
1836614,Sérgio Ferreira,1987-09-03,38,Portugal,POR,male,active,,9780,Alverca,2026-06-29,,1,1,607850,FC Porto U19,"FC Porto U19 (2024-07-01 to 2026-06-29): 4 matches, 2 wins",4,2,0,2,50.0,1.5,,,,,,,0,0,0,,,,,,3,0,1,2,0.0,5887607,2026-08-22,9768,Sporting CP,61,Liga Portugal,3-1,L,https://www.fotmob.com/players/1836614/sergio-ferreira,https://images.fotmob.com/image_resources/playerimages/1836614.png,2026-08-23T04:30:26+00:00
2888,Laurent Guyot,1969-12-17,56,France,FRA,male,active,,293352,Annecy FC,2021-05-19,,6,5,"4170, 9856, 614319, 9984, 293352","Boulogne, Sedan, Toronto FC II, Cercle Brugge, Annecy FC","Boulogne (2009-07-01 to 2011-06-30): 42 matches, 16 wins | Sedan (2011-05-25 to 2013-06-30): 84 matches, 27 wins | Toronto FC II (2018-01-26 to 2018-06-01): 12 matches, 0 wins | Cercle Brugge (2018-06-07 to 2019-05-02): 37 matches, 9 wins | Boulogne (2019-07-07 to 2021-05-16): 67 matches, 27 wins | Annecy FC (2021-05-19 to present): 195 matches, 84 wins",437,163,118,156,37.3,1.39,195,84,47,64,43.08,1.53,0,0,0,,,,,,34,17,6,11,50.0,5803218,2026-08-14,4120,Rodez,110,Ligue 2,2-0,W,https://www.fotmob.com/players/2888/laurent-guyot,https://images.fotmob.com/image_resources/playerimages/2888.png,2026-08-23T04:30:26+00:00
229982,Craig McLeish,1990-03-27,36,Scotland,SCO,male,active,180,1273057,St. Mirren B,2026-08-10,,3,2,"1273057, 9800","St. Mirren B, St. Mirren","St. Mirren B (2026-08-10 to present):  matches,  wins | St. Mirren (2026-03-12 to present):  matches,  wins | St. Mirren B (2025-09-23 to 2026-03-11):  matches,  wins",0,0,0,0,,,,,,,,,0,0,0,,,,,,15,6,2,7,40.0,5973537,2026-08-16,8548,Rangers,180,League Cup,5-1,L,https://www.fotmob.com/players/229982/craig-mcleish,https://images.fotmob.com/image_resources/playerimages/229982.png,2026-08-23T04:30:26+00:00
704334,Thomas Letsch,1968-08-26,57,Germany,GER,male,active,,101916,Al Shabab,2026-07-10,,8,7,"1915, 10013, 8319, 10011, 8277, 9911, 101916","FC Liefering, Salzburg, Erzgebirge Aue, Austria Wien, Vitesse, Bochum, Al Shabab","FC Liefering (2015-06-22 to 2017-06-18): 72 matches, 34 wins | Salzburg (2015-12-03 to 2015-12-14): 2 matches, 1 wins | Erzgebirge Aue (2017-06-19 to 2017-08-14): 3 matches, 0 wins | Austria Wien (2018-02-27 to 2019-03-11): 37 matches, 17 wins | Vitesse (2020-07-01 to 2022-09-22): 102 matches, 49 wins | Bochum (2022-09-22 to 2024-04-08): 58 matches, 16 wins | Salzburg (2024-12-18 to 2026-02-18): 57 matches, 26 wins | Al Shabab (2026-07-10 to present): 3 matches, 0 wins",334,143,67,124,42.81,1.49,3,0,1,2,0,0.33,0,0,0,,,,,,2,0,1,1,0.0,5970098,2026-08-22,550433,Al Khaleej,536,Saudi Pro League,0-0,D,https://www.fotmob.com/players/704334/thomas-letsch,https://images.fotmob.com/image_resources/playerimages/704334.png,2026-08-23T04:30:26+00:00
161115,Aurelio Vidmar,1967-02-03,59,Australia,AUS,male,active,183,203576,Melbourne City FC,2023-11-01,,5,4,"6716, 165250, 67366, 203576","Australia, BG Pathum United, Lion City Sailors FC, Melbourne City FC","Australia (2013-10-12 to 2013-10-23): 1 matches, 1 wins | BG Pathum United (2016-08-01 to 2017-07-10): 29 matches, 15 wins | Lion City Sailors FC (2019-12-19 to 2021-04-29): 22 matches, 13 wins | BG Pathum United (2021-06-01 to 2021-11-15): 19 matches, 12 wins | Melbourne City FC (2023-11-01 to present): 99 matches, 42 wins",170,83,39,48,48.82,1.69,99,42,26,31,42.42,1.54,2,0,2,"165250, 203576","BG Pathum United, Melbourne City FC","11025, 113","Thai Champions Cup, A-League",BG Pathum United - Thai Champions Cup: won [2021/2022]; runner-up [] | Melbourne City FC - A-League: won [2024/2025]; runner-up [],37,14,13,10,37.84,5406944,2026-05-02,1642068,Auckland FC,113,A-League Men Playoff,1-1,D,https://www.fotmob.com/players/161115/aurelio-vidmar,https://images.fotmob.com/image_resources/playerimages/161115.png,2026-08-23T04:30:26+00:00
69296,Ufuk Talay,1976-03-26,50,Australia,AUS,male,active,178,323834,Western Sydney Wanderers FC,2026-07-01,,3,3,"78785, 10164, 323834","Wellington Phoenix, Sydney FC, Western Sydney Wanderers FC","Wellington Phoenix (2019-05-04 to 2023-06-30): 115 matches, 48 wins | Sydney FC (2023-11-08 to 2026-03-23): 91 matches, 43 wins | Western Sydney Wanderers FC (2026-07-01 to present): 2 matches, 1 wins",208,92,41,75,44.23,1.52,2,1,0,1,50,1.5,0,0,0,,,,,,22,10,3,9,45.45,4965737,2026-03-22,6454,Newcastle Jets,113,A-League Men,1-2,L,https://www.fotmob.com/players/69296/ufuk-talay,https://images.fotmob.com/image_resources/playerimages/69296.png,2026-08-23T04:30:27+00:00
910422,Giovanni Savarese,1970-07-14,56,Venezuela,VEN,male,active,,6230,Melbourne Victory,2026-06-18,,2,2,"307690, 6230","Portland Timbers, Melbourne Victory","Portland Timbers (2017-12-18 to 2023-08-25): 216 matches, 93 wins | Melbourne Victory (2026-06-18 to present): 3 matches, 3 wins",219,96,50,73,43.84,1.54,3,3,0,0,100,3,3,1,1,0,New York Cosmos,-1,NASL,"New York Cosmos - NASL: won [2016, 2015, 2013]; runner-up [2017]",0,0,0,0,,,,,,,,,,https://www.fotmob.com/players/910422/giovanni-savarese,https://images.fotmob.com/image_resources/playerimages/910422.png,2026-08-23T04:30:26+00:00
23693,Chris Greenacre,1977-12-23,48,New Zealand,NZL,male,active,180,78785,Wellington Phoenix,2026-02-23,,6,3,"78785, 590837, 67321","Wellington Phoenix, Wellington Phoenix B, New Zealand U20","Wellington Phoenix (2013-02-26 to 2013-05-20): 5 matches, 2 wins | Wellington Phoenix B (2017-07-01 to 2018-12-31): 26 matches, 4 wins | Wellington Phoenix (2018-03-11 to 2018-05-30): 5 matches, 1 wins | Wellington Phoenix B (2021-11-01 to 2026-02-22): 28 matches, 10 wins | New Zealand U20 (2025-09-12 to present): 3 matches, 1 wins | Wellington Phoenix (2026-02-23 to present): 8 matches, 4 wins",75,22,7,46,29.33,0.97,8,4,1,3,50,1.62,0,0,0,,,,,,8,4,1,3,50.0,4965757,2026-04-24,1209973,Macarthur FC,113,A-League Men,4-0,L,https://www.fotmob.com/players/23693/chris-greenacre,https://images.fotmob.com/image_resources/playerimages/23693.png,2026-08-23T04:30:27+00:00
32595,Patrick Kisnorbo,1981-03-24,45,Australia,AUS,male,active,188,10164,Sydney FC,2026-03-24,,6,6,"675728, 203576, 10242, 6230, 6581, 10164","Melbourne City FC, Troyes, Melbourne Victory, Yokohama F.Marinos, Sydney FC","Melbourne City FC (2017-07-06 to 2018-06-30): 14 matches, 8 wins | Melbourne City FC (2020-09-03 to 2022-11-22): 66 matches, 37 wins | Troyes (2022-11-23 to 2023-11-26): 40 matches, 3 wins | Melbourne Victory (2024-06-25 to 2024-12-18): 12 matches, 9 wins | Yokohama F.Marinos (2025-04-18 to 2025-06-16): 10 matches, 2 wins | Sydney FC (2026-03-24 to present): 11 matches, 6 wins",153,65,36,52,42.48,1.51,11,6,4,1,54.55,2,3,2,3,"203576, 566076, 675728","Melbourne City FC, A-League All Stars","113, -1, 9495","A-League, A-Leagues All Stars Men, A-League Women","Melbourne City FC - A-League: won [2020/2021]; runner-up [2021/2022, 2019/2020] | A-League All Stars - A-Leagues All Stars Men: won [2023/2024]; runner-up [] | Melbourne City FC - A-League Women: won [2017/2018]; runner-up []",8,2,5,1,25.0,5629323,2026-05-23,1642068,Auckland FC,113,A-League Men Playoff,1-0,L,https://www.fotmob.com/players/32595/patrick-kisnorbo,https://images.fotmob.com/image_resources/playerimages/32595.png,2026-08-23T04:30:27+00:00
32609,Steven Pressley,1973-10-11,52,Scotland,SCO,male,active,,8284,Dundee FC,2025-06-02,,6,6,"8596, 8669, 45723, 2137, 10196, 8284","Falkirk, Coventry City, Fleetwood Town, Pafos FC, Carlisle United, Dundee FC","Falkirk (2010-02-11 to 2013-03-08): 123 matches, 57 wins | Coventry City (2013-03-08 to 2015-02-24): 100 matches, 32 wins | Fleetwood Town (2015-10-06 to 2016-07-26): 41 matches, 13 wins | Pafos FC (2018-01-27 to 2018-10-07): 24 matches, 8 wins | Carlisle United (2019-01-16 to 2019-11-13): 41 matches, 14 wins | Dundee FC (2025-06-02 to present): 52 matches, 19 wins",381,143,92,146,37.53,1.37,52,19,9,24,36.54,1.27,0,0,0,,,,,,41,13,8,20,31.71,5793910,2026-08-22,9938,Dundee United,64,Premiership,0-2,W,https://www.fotmob.com/players/32609/steven-pressley,https://images.fotmob.com/image_resources/playerimages/32609.png,2026-08-23T04:30:27+00:00
23660,Jim Goodwin,1981-11-20,44,Ireland,IRL,male,active,175,9938,Dundee United,2023-03-01,,4,4,"8160, 9800, 8485, 9938","Alloa Athletic, St. Mirren, Aberdeen, Dundee United","Alloa Athletic (2016-10-11 to 2019-06-30): 129 matches, 53 wins | St. Mirren (2019-07-01 to 2022-02-18): 119 matches, 44 wins | Aberdeen (2022-02-18 to 2023-01-29): 43 matches, 17 wins | Dundee United (2023-03-01 to present): 155 matches, 65 wins",446,179,104,163,40.13,1.44,155,65,36,54,41.94,1.49,1,0,1,9938,Dundee United,123,Championship,Dundee United - Championship: won [2023/2024]; runner-up [],42,11,15,16,26.19,5793910,2026-08-22,8284,Dundee FC,64,Premiership,0-2,L,https://www.fotmob.com/players/23660/jim-goodwin,https://images.fotmob.com/image_resources/playerimages/23660.png,2026-08-23T04:30:27+00:00
1544262,Houcine Ammouta,1969-10-24,56,Morocco,MAR,male,active,,,,,,0,0,,,,0,0,0,0,,,,,,,,,0,0,0,,,,,,0,0,0,0,,,,,,,,,,https://www.fotmob.com/players/1544262/houcine-ammouta,https://images.fotmob.com/image_resources/playerimages/1544262.png,2026-08-23T04:30:27+00:00
17620,Stuart Kettlewell,1984-06-04,42,Scotland,SCO,male,active,183,8649,Ross County,2025-12-30,,5,4,"607343, 8649, 9927, 8597","Ross County U20, Ross County, Motherwell, Kilmarnock","Ross County U20 (2016-07-01 to 2018-03-02): 3 matches, 1 wins | Ross County (2018-03-02 to 2020-12-21): 120 matches, 51 wins | Motherwell (2023-02-12 to 2025-01-27): 91 matches, 38 wins | Kilmarnock (2025-05-26 to 2025-12-15): 23 matches, 6 wins | Ross County (2025-12-30 to present): 27 matches, 14 wins",264,110,55,99,41.67,1.46,27,14,3,10,51.85,1.67,3,0,2,"607343, 8649","Ross County U20, Ross County","-1, 179, 123","Development League, Challenge Cup, Championship",Ross County U20 - Development League: won [2016/2017]; runner-up [] | Ross County - Challenge Cup: won [2018/2019]; runner-up [] | Ross County - Championship: won [2018/2019]; runner-up [],34,9,8,17,26.47,5973533,2026-08-15,8457,Dunfermline Athletic,180,League Cup,1-2,W,https://www.fotmob.com/players/17620/stuart-kettlewell,https://images.fotmob.com/image_resources/playerimages/17620.png,2026-08-23T04:30:27+00:00
23005,Simo Valakari,1973-04-28,53,Finland,FIN,male,active,178,8467,St. Johnstone,2024-10-07,,6,6,"162162, 8608, 1693, 2106, 624924, 8467","SJK, Tromsø, KuPS, Auda, Riga FC, St. Johnstone","SJK (2012-09-01 to 2017-02-17): 162 matches, 91 wins | Tromsø (2017-07-31 to 2020-05-19): 82 matches, 31 wins | KuPS (2021-01-01 to 2022-11-30): 83 matches, 52 wins | Auda (2023-01-16 to 2023-12-14): 38 matches, 16 wins | Riga FC (2023-12-14 to 2024-10-01): 34 matches, 24 wins | St. Johnstone (2024-10-07 to present): 85 matches, 42 wins",484,256,94,134,52.89,1.78,85,42,15,28,49.41,1.66,8,3,4,"8467, 624924, 1693, 162162","St. Johnstone, Riga FC, KuPS, SJK","123, 9486, 143, -1, 251, 51","Championship, Super Cup, Suomen Cup, League Cup, Ykkösliiga, Veikkausliiga","St. Johnstone - Championship: won [2025/2026]; runner-up [] | Riga FC - Super Cup: won [2024]; runner-up [] | KuPS - Suomen Cup: won [2022, 2021]; runner-up [] | SJK - League Cup: won [2014]; runner-up [2016] | SJK - Suomen Cup: won [2016]; runner-up [] | SJK - Ykkösliiga: won [2013]; runner-up [2012] | SJK - Veikkausliiga: won [2015]; runner-up [2014]",36,21,11,4,58.33,5793907,2026-08-08,9800,St. Mirren,64,Premiership,1-0,L,https://www.fotmob.com/players/23005/simo-valakari,https://images.fotmob.com/image_resources/playerimages/23005.png,2026-08-23T04:30:27+00:00
23253,Glenn Whelan,1984-01-13,42,Ireland,IRL,male,active,180,8282,Livingston,2026-05-30,,2,2,"8528, 8282","Wigan Athletic, Livingston","Wigan Athletic (2025-03-03 to 2025-03-12): 2 matches, 1 wins | Livingston (2026-05-30 to present): 7 matches, 4 wins",9,5,1,3,55.56,1.78,7,4,0,3,57.14,1.71,0,0,0,,,,,,3,2,0,1,66.67,5794304,2026-08-22,8457,Dunfermline Athletic,123,Championship,2-0,W,https://www.fotmob.com/players/23253/glenn-whelan,https://images.fotmob.com/image_resources/playerimages/23253.png,2026-08-23T04:30:27+00:00
30569,Vladimir Ivic,1977-05-07,49,Serbia,SRB,male,active,,102117,Al-Ain,2025-02-04,,6,5,"8619, 7855, 9817, 168719, 102117","PAOK Thessaloniki, Maccabi Tel Aviv, Watford, FC Krasnodar, Al-Ain","PAOK Thessaloniki (2016-03-10 to 2017-06-09): 70 matches, 41 wins | Maccabi Tel Aviv (2018-06-01 to 2020-07-10): 94 matches, 64 wins | Watford (2020-08-15 to 2020-12-20): 22 matches, 10 wins | Maccabi Tel Aviv (2022-06-12 to 2023-01-04): 26 matches, 17 wins | FC Krasnodar (2023-01-05 to 2024-03-13): 48 matches, 27 wins | Al-Ain (2025-02-04 to present): 54 matches, 37 wins",314,196,65,53,62.42,2.08,54,37,9,8,68.52,2.22,7,1,3,"102117, 7855, 8619","Al-Ain, Maccabi Tel Aviv, PAOK Thessaloniki","-1, 538, 9862, 127, 145","Presidents Cup, Pro League, Super Cup, Ligat ha'Al, Toto Cup Ligat Al, Greece Cup","Al-Ain - Presidents Cup: won [2025/2026]; runner-up [] | Al-Ain - Pro League: won [2025/2026]; runner-up [] | Maccabi Tel Aviv - Super Cup: won [2019/2020]; runner-up [] | Maccabi Tel Aviv - Ligat ha'Al: won [2019/2020, 2018/2019]; runner-up [] | Maccabi Tel Aviv - Toto Cup Ligat Al: won [2018]; runner-up [2019] | PAOK Thessaloniki - Greece Cup: won [2016/2017]; runner-up []",0,0,0,0,,,,,,,,,,https://www.fotmob.com/players/30569/vladimir-ivic,https://images.fotmob.com/image_resources/playerimages/30569.png,2026-08-23T04:30:27+00:00
1523248,Reginald Ray,1968-10-31,57,France,FRA,male,active,,7794,SC Bastia,2025-11-15,2026-05-12,5,4,"6379, 9873, 8682, 7794","Paris FC, Valenciennes, Le Mans, SC Bastia","Paris FC (2016-07-01 to 2017-05-31): 37 matches, 15 wins | Valenciennes (2017-10-14 to 2019-06-05): 71 matches, 22 wins | Le Mans (2020-02-29 to 2020-05-28): 1 matches, 0 wins | Le Mans (2022-07-01 to 2024-02-22): 57 matches, 17 wins | SC Bastia (2025-11-15 to 2026-05-12): 25 matches, 7 wins",191,61,56,74,31.94,1.25,25,7,9,9,28.0,1.2,2,0,1,7794,SC Bastia,"-1, 110","Ligue 3, Ligue 2",SC Bastia - Ligue 3: won [2010/2011]; runner-up [] | SC Bastia - Ligue 2: won [2011/2012]; runner-up [],20,4,9,7,20.0,4832165,2026-05-09,8682,Le Mans,110,Ligue 2,0-2,L,https://www.fotmob.com/players/1523248/reginald-ray,https://images.fotmob.com/image_resources/playerimages/1523248.png,2026-08-23T04:30:27+00:00
50413,Ricardo Viveros,1975-04-21,51,Chile,CHI,male,active,181,4054,Universidad de Concepcion,2026-05-15,2026-08-06,1,1,4054,Universidad de Concepcion,"Universidad de Concepcion (2026-05-15 to 2026-08-06): 6 matches, 1 wins",6,1,2,3,16.67,0.83,6,1,2,3,16.67,0.83,0,0,0,,,,,,0,0,0,0,,,,,,,,,,https://www.fotmob.com/players/50413/ricardo-viveros,https://images.fotmob.com/image_resources/playerimages/50413.png,2026-08-23T04:30:27+00:00
1677690,Filipp Sokolinskiy,1986-06-08,40,Russia,RUS,male,active,,661598,ML Vitebsk,2026-06-19,,4,3,"661598, 1066681, -1","ML Vitebsk, Rodina, FK Rodina Moskva II, FK Rodina-m (FK Rodina Moskva III)","ML Vitebsk (2026-06-19 to present):  matches,  wins | Rodina (2024-09-04 to 2024-11-18):  matches,  wins | FK Rodina Moskva II (2024-06-22 to 2024-09-03):  matches,  wins | FK Rodina-m (FK Rodina Moskva III) (2024-04-12 to 2024-06-21):  matches,  wins",0,0,0,0,,,,,,,,,0,0,0,,,,,,6,3,0,3,50.0,5955350,2026-08-13,10116,Borac Banja Luka,10615,Conference League Qualification,2-1,W,https://www.fotmob.com/players/1677690/filipp-sokolinskiy,https://images.fotmob.com/image_resources/playerimages/1677690.png,2026-08-23T04:30:27+00:00
18758,Pablo Sánchez,1973-01-03,53,Argentina,ARG,male,active,,6619,Olimpia,2025-11-28,,9,9,"4054, 6296, 1890, 162904, 1844, 4058, 6455, 6721, 6619","Universidad de Concepcion, O'Higgins, Everton CD, Deportes Iquique, Oriente Petrolero, Audax Italiano, Palestino, LDU de Quito, Olimpia","Universidad de Concepcion (2013-01-01 to 2014-12-15): 71 matches, 26 wins | O'Higgins (2015-01-22 to 2015-12-31): 31 matches, 12 wins | Everton CD (2016-09-17 to 2018-05-28): 65 matches, 22 wins | Deportes Iquique (2018-12-04 to 2019-07-29): 19 matches, 6 wins | Oriente Petrolero (2019-09-27 to 2020-11-14): 28 matches, 10 wins | Audax Italiano (2020-12-20 to 2021-12-31): 44 matches, 18 wins | Palestino (2023-01-07 to 2024-06-19): 64 matches, 30 wins | LDU de Quito (2024-06-20 to 2025-05-26): 43 matches, 23 wins | Olimpia (2025-11-28 to present): 36 matches, 22 wins",401,169,111,121,42.14,1.54,36,22,6,8,61.11,2,3,0,2,"6721, 4054","LDU de Quito, Universidad de Concepcion","246, 11035, 9126","Serie A, Supercopa de Ecuador, Primera B",LDU de Quito - Serie A: won [2024]; runner-up [] | LDU de Quito - Supercopa de Ecuador: won [2025]; runner-up [] | Universidad de Concepcion - Primera B: won [2013]; runner-up [],0,0,0,0,,,,,,,,,,https://www.fotmob.com/players/18758/pablo-sanchez,https://images.fotmob.com/image_resources/playerimages/18758.png,2026-08-23T04:30:28+00:00
2802,Pablo Hernández,1985-04-11,41,Spain,ESP,male,active,173,10279,Castellon,2025-09-16,,1,1,10279,Castellon,"Castellon (2025-09-16 to present): 41 matches, 21 wins",41,21,11,9,51.22,1.8,41,21,11,9,51.22,1.8,0,0,0,,,,,,40,21,11,8,52.5,5868402,2026-08-14,161744,Real Sociedad B,140,LaLiga2,0-1,W,https://www.fotmob.com/players/2802/pablo-hernandez,https://images.fotmob.com/image_resources/playerimages/2802.png,2026-08-23T04:30:28+00:00
1811664,Momen Soliman,1974-03-21,52,Egypt,EGY,male,active,,101655,Al Shorta,2025-03-16,,8,7,"80591, 205189, 205188, 103017, 517909, 101656, 101655","Zamalek SC, Smouha SC, Misr Lel Makkasa SC, Petrojet-Suez, Nogoom FC, Al Quwa Al Jawiya, Al Shorta","Zamalek SC (2016-08-01 to 2016-11-19): 10 matches, 7 wins | Smouha SC (2017-01-02 to 2017-07-20): 23 matches, 8 wins | Misr Lel Makkasa SC (2017-08-03 to 2017-10-21): 5 matches, 0 wins | Petrojet-Suez (2018-11-14 to 2019-02-03): 9 matches, 3 wins | Nogoom FC (2019-03-01 to 2019-04-21): 5 matches, 0 wins | Al Quwa Al Jawiya (2023-04-17 to 2023-06-30): 10 matches, 5 wins | Al Shorta (2024-03-01 to 2024-06-30): 18 matches, 13 wins | Al Shorta (2025-03-16 to present): 64 matches, 38 wins",144,74,36,34,51.39,1.79,64,38,12,14,59.38,1.97,0,0,0,,,,,,8,1,2,5,12.5,4933503,2026-02-16,203826,Al-Duhail SC,525,AFC Champions League Elite West,3-2,W,https://www.fotmob.com/players/1811664/momen-soliman,https://images.fotmob.com/image_resources/playerimages/1811664.png,2026-08-23T04:30:28+00:00
1350564,Ruzikul Berdiev,1971-10-22,54,Uzbekistan,UZB,male,active,,102153,Nasaf Qarshi,2012-11-18,,3,2,"102153, 8700","Nasaf Qarshi, Uzbekistan","Nasaf Qarshi (2012-01-06 to 2012-05-22): 6 matches, 0 wins | Nasaf Qarshi (2012-11-18 to present): 76 matches, 28 wins | Uzbekistan (2017-10-20 to 2017-12-31): 1 matches, 0 wins",83,28,21,34,33.73,1.27,76,28,20,28,36.84,1.37,5,5,1,102153,Nasaf Qarshi,-1,"Cup, Super Cup","Nasaf Qarshi - Cup: won [2022, 2021, 2015]; runner-up [2016, 2013, 2012] | Nasaf Qarshi - Super Cup: won [2023, 2016]; runner-up [2022, 2021]",8,1,1,6,12.5,4933502,2026-02-16,102124,Sharjah Cultural Club,525,AFC Champions League Elite West,1-2,W,https://www.fotmob.com/players/1350564/ruzikul-berdiev,https://images.fotmob.com/image_resources/playerimages/1350564.png,2026-08-23T04:30:28+00:00
325048,John McGlynn,1961-12-19,64,Scotland,SCO,male,active,,8596,Falkirk,2022-05-04,,5,4,"10250, 9860, 8282, 8596","Raith Rovers, Heart of Midlothian, Livingston, Falkirk","Raith Rovers (2006-11-20 to 2012-06-26): 82 matches, 32 wins | Heart of Midlothian (2012-06-27 to 2013-02-28): 34 matches, 10 wins | Livingston (2013-09-12 to 2014-12-16): 58 matches, 22 wins | Raith Rovers (2018-09-25 to 2022-05-04): 162 matches, 79 wins | Falkirk (2022-05-04 to present): 194 matches, 112 wins",530,255,113,162,48.11,1.66,194,112,34,48,57.73,1.91,6,1,2,"8596, 10250","Falkirk, Raith Rovers","124, 123, 179","League One, Championship, Challenge Cup","Falkirk - League One: won [2023/2024]; runner-up [2022/2023] | Falkirk - Championship: won [2024/2025]; runner-up [] | Raith Rovers - Challenge Cup: won [2021/2022, 2019/2020]; runner-up [] | Raith Rovers - League One: won [2019/2020, 2008/2009]; runner-up []",41,16,8,17,39.02,5793906,2026-08-09,9927,Motherwell,64,Premiership,0-0,D,https://www.fotmob.com/players/325048/john-mcglynn,https://images.fotmob.com/image_resources/playerimages/325048.png,2026-08-23T04:30:28+00:00
1622562,Ghazi Al Shammari,0001-01-01,2025,United Arab Emirates,UAE,male,active,,391664,Dibba Al Fujairah,2026-06-11,,2,1,209190,Al Ittihad Kalba,"Al Ittihad Kalba (2024-03-02 to 2024-06-30): 13 matches, 4 wins | Al Ittihad Kalba (2026-02-09 to 2026-06-10): 11 matches, 1 wins",24,5,9,10,20.83,1.0,,,,,,,0,0,0,,,,,,0,0,0,0,,,,,,,,,,https://www.fotmob.com/players/1622562/ghazi-al-shammari,https://images.fotmob.com/image_resources/playerimages/1622562.png,2026-08-23T04:30:28+00:00
583426,Josef Zinnbauer,1970-05-01,56,Germany,GER,male,active,,101630,JS Kabylie,2025-01-22,,9,8,"8187, 9790, 10190, 7866, 8710, 102049, 6354, 101630","Hamburger SV II, Hamburger SV, St. Gallen, Orlando Pirates, Lokomotiv Moscow, Raja Casablanca, Al-Wehda, JS Kabylie","Hamburger SV II (2014-07-01 to 2014-09-15): 8 matches, 8 wins | Hamburger SV (2014-09-16 to 2015-03-22): 24 matches, 6 wins | Hamburger SV II (2015-07-01 to 2015-09-16): 8 matches, 2 wins | St. Gallen (2015-09-16 to 2017-05-04): 63 matches, 19 wins | Orlando Pirates (2019-12-10 to 2021-08-16): 64 matches, 31 wins | Lokomotiv Moscow (2022-06-30 to 2022-10-10): 15 matches, 4 wins | Raja Casablanca (2023-06-08 to 2024-07-23): 38 matches, 26 wins | Al-Wehda (2024-07-24 to 2024-11-21): 12 matches, 2 wins | JS Kabylie (2025-01-22 to present): 55 matches, 24 wins",287,122,78,87,42.51,1.55,55,24,19,12,43.64,1.65,1,0,1,7866,Orlando Pirates,9474,South Africa 8 Cup,Orlando Pirates - South Africa 8 Cup: won [2020/2021]; runner-up [],6,0,3,3,0.0,5045231,2026-02-15,165084,Young Africans,526,CAF Champions League Grp. B,3-0,L,https://www.fotmob.com/players/583426/josef-zinnbauer,https://images.fotmob.com/image_resources/playerimages/583426.png,2026-08-23T04:30:28+00:00
69715,Jan Trousil,1976-04-09,50,Czechia,CZE,male,active,191,2406,Pardubice,2025-10-14,,1,1,2406,Pardubice,"Pardubice (2025-10-14 to present): 26 matches, 11 wins",26,11,5,10,42.31,1.46,26,11,5,10,42.31,1.46,0,0,0,,,,,,25,11,5,9,44.0,5831135,2026-08-15,10180,Mlada Boleslav,122,1. Liga,1-1,D,https://www.fotmob.com/players/69715/jan-trousil,https://images.fotmob.com/image_resources/playerimages/69715.png,2026-08-23T04:30:28+00:00
14514,Eliran Hudeda,1981-10-03,44,Israel,ISR,male,active,,543580,Ironi Tiberias,2021-12-12,2026-08-13,1,1,543580,Ironi Tiberias,"Ironi Tiberias (2021-12-12 to 2026-08-13): 33 matches, 12 wins",33,12,8,13,36.36,1.33,33,12,8,13,36.36,1.33,0,0,0,,,,,,0,0,0,0,,,,,,,,,,https://www.fotmob.com/players/14514/eliran-hudeda,https://images.fotmob.com/image_resources/playerimages/14514.png,2026-08-23T04:30:28+00:00
26479,Jakob Poulsen,1983-07-07,43,Denmark,DEN,male,active,181,8071,AGF,2025-06-20,,2,2,"9939, 8071","Viborg, AGF","Viborg (2023-11-08 to 2025-06-20): 57 matches, 23 wins | AGF (2025-06-20 to present): 46 matches, 24 wins",103,47,28,28,45.63,1.64,46,24,13,9,52.17,1.85,1,0,1,8071,AGF,46,Superligaen,AGF - Superligaen: won [2025/2026]; runner-up [],40,21,11,8,52.5,5987965,2026-08-20,9772,Benfica,10613,Europa League Qualification,3-1,L,https://www.fotmob.com/players/26479/jakob-poulsen,https://images.fotmob.com/image_resources/playerimages/26479.png,2026-08-23T04:30:28+00:00
43266,Neil Lennon,1971-06-25,55,Northern Ireland,NIR,male,active,,8457,Dunfermline Athletic,2025-03-21,,7,6,"9925, 8559, 10251, 8044, 9738, 8457","Celtic, Bolton Wanderers, Hibernian, Omonia Nicosia, Rapid Bucuresti, Dunfermline Athletic","Celtic (2010-06-09 to 2014-06-30): 218 matches, 153 wins | Bolton Wanderers (2014-10-13 to 2016-03-15): 79 matches, 18 wins | Hibernian (2016-06-08 to 2019-01-30): 124 matches, 59 wins | Celtic (2019-02-27 to 2021-02-24): 110 matches, 78 wins | Omonia Nicosia (2022-03-09 to 2022-10-19): 29 matches, 12 wins | Rapid Bucuresti (2024-05-20 to 2024-08-20): 6 matches, 0 wins | Dunfermline Athletic (2025-03-21 to present): 66 matches, 28 wins",632,348,135,149,55.06,1.87,66,28,15,23,42.42,1.5,0,0,0,,,,,,46,16,13,17,34.78,5794304,2026-08-22,8282,Livingston,123,Championship,2-0,L,https://www.fotmob.com/players/43266/neil-lennon,https://images.fotmob.com/image_resources/playerimages/43266.png,2026-08-23T04:30:28+00:00
2068220,Gian-Luca Privitelli,1978-03-04,48,Switzerland,SUI,male,active,,10191,Thun,2026-06-04,,3,3,"10191, 5955, 213420","Thun, Switzerland U20, Breitenrain","Thun (2026-06-04 to present):  matches,  wins | Switzerland U20 (2023-05-01 to present):  matches,  wins | Breitenrain (2016-07-01 to 2018-06-30):  matches,  wins",0,0,0,0,,,,,,,,,0,0,0,,,,,,8,2,1,5,25.0,5987963,2026-08-20,2182,Lech Poznań,10613,Europa League Qualification,7-0,L,https://www.fotmob.com/players/2068220/gian-luca-privitelli,https://images.fotmob.com/image_resources/playerimages/2068220.png,2026-08-23T04:30:29+00:00
12850,Florin Sandu Maxim,1981-03-02,45,Romania,ROU,male,active,180,1515102,Corvinul Hunedoara,2021-07-01,,1,1,1515102,Corvinul Hunedoara,"Corvinul Hunedoara (2021-07-01 to present): 104 matches, 58 wins",104,58,22,24,55.77,1.88,104,58,22,24,55.77,1.88,1,0,1,1515102,Corvinul Hunedoara,-1,Cupa României,Corvinul Hunedoara - Cupa României: won [2023/2024]; runner-up [],6,2,3,1,33.33,5853479,2026-08-22,584663,UTA Arad,189,Superliga,0-0,D,https://www.fotmob.com/players/12850/florin-sandu-maxim,https://images.fotmob.com/image_resources/playerimages/12850.png,2026-08-23T04:30:29+00:00
1823029,Adam Lawrence,0001-01-01,2025,England,ENG,male,active,,1070257,Manchester United U21,2026-02-05,,3,3,"1537858, 860798, 1070257","Newcastle United U19, Newcastle United U21, Manchester United U21","Newcastle United U19 (2025-08-27 to 2026-01-11): 6 matches, 0 wins | Newcastle United U21 (2025-09-25 to 2026-01-11): 5 matches, 2 wins | Manchester United U21 (2026-02-05 to present): 12 matches, 7 wins",23,9,3,11,39.13,1.3,12,7,2,3,58.33,1.92,2,0,1,1113551,Manchester United U18,-1,"U18 Premier League, U18 Premier League Cup",Manchester United U18 - U18 Premier League: won [2023/2024]; runner-up [] | Manchester United U18 - U18 Premier League Cup: won [2023/2024]; runner-up [],0,0,0,0,,,,,,,,,,https://www.fotmob.com/players/1823029/adam-lawrence,https://images.fotmob.com/image_resources/playerimages/1823029.png,2026-08-23T04:30:29+00:00
1146345,Argirios Giannikis,1980-07-09,46,Greece,GRE,male,active,,8271,Saarbrücken,2026-02-11,,6,6,"8296, 8233, 1620, 8563, 9753, 8271","RW Essen, Aalen, PAS Giannina, AEK Athens, 1860 München, Saarbrücken","RW Essen (2017-10-14 to 2018-04-08): 13 matches, 6 wins | Aalen (2018-07-01 to 2019-02-11): 22 matches, 3 wins | PAS Giannina (2019-09-11 to 2021-06-30): 64 matches, 31 wins | AEK Athens (2021-10-10 to 2022-03-01): 23 matches, 11 wins | 1860 München (2024-01-10 to 2025-01-21): 39 matches, 14 wins | Saarbrücken (2026-02-11 to present): 17 matches, 7 wins",178,72,42,64,40.45,1.45,17,7,5,5,41.18,1.53,1,0,1,1620,PAS Giannina,-1,Super League 2,PAS Giannina - Super League 2: won [2019/2020]; runner-up [],16,6,5,5,37.5,5905863,2026-08-16,7789,Jahn Regensburg,208,3. Liga,0-1,W,https://www.fotmob.com/players/1146345/argirios-giannikis,https://images.fotmob.com/image_resources/playerimages/1146345.png,2026-08-23T04:30:29+00:00
1817353,Felix Hirschnagl,1984-06-25,42,Germany,GER,male,active,,-1,BV Borussia 09 Dortmund Under 21,2026-01-01,,1,1,394130,Borussia Dortmund U19,"Borussia Dortmund U19 (2025-07-01 to present): 7 matches, 4 wins",7,4,0,3,57.14,1.71,,,,,,,0,0,0,,,,,,0,0,0,0,,,,,,,,,,https://www.fotmob.com/players/1817353/felix-hirschnagl,https://images.fotmob.com/image_resources/playerimages/1817353.png,2026-08-23T04:30:29+00:00
1817354,Peter Gaydarov,1991-05-26,35,Bulgaria,BUL,male,active,,601179,Bayern München U19,2024-07-01,2026-06-30,1,1,601179,Bayern München U19,"Bayern München U19 (2024-07-01 to 2026-06-30): 6 matches, 1 wins",6,1,1,4,16.67,0.67,6,1,1,4,16.67,0.67,0,0,0,,,,,,0,0,0,0,,,,,,,,,,https://www.fotmob.com/players/1817354/peter-gaydarov,https://images.fotmob.com/image_resources/playerimages/1817354.png,2026-08-23T04:30:29+00:00
651632,Damir Buric,1964-07-07,62,Croatia,CRO,male,active,,150414,Abha,2025-08-01,,7,5,"10154, 10053, 8357, 1115137, 150414","Hajduk Split, Admira Wacker, Greuther Fürth, Al Arabi, Abha","Hajduk Split (2015-07-01 to 2016-06-30): 48 matches, 23 wins | Admira Wacker (2017-02-10 to 2017-09-10): 26 matches, 11 wins | Greuther Fürth (2017-09-10 to 2019-02-04): 51 matches, 16 wins | Hajduk Split (2019-07-20 to 2019-12-22): 20 matches, 10 wins | Admira Wacker (2020-09-22 to 2021-04-26): 26 matches, 5 wins | Al Arabi (2024-10-28 to 2025-03-05): 1 matches, 0 wins | Abha (2025-08-01 to present): 36 matches, 24 wins",208,89,46,73,42.79,1.5,36,24,5,7,66.67,2.14,1,0,1,150414,Abha,10721,Saudi First Division,Abha - Saudi First Division: won [2025/2026]; runner-up [],0,0,0,0,,,,,,,,,,https://www.fotmob.com/players/651632/damir-buric,https://images.fotmob.com/image_resources/playerimages/651632.png,2026-08-23T04:30:29+00:00
18524,Fernando Ortíz,1977-12-25,48,Argentina,ARG,male,active,183,7815,Colo Colo,2025-09-02,,7,6,"59845, 49687, 6576, 7849, 7857, 7815","Sol de America, Luqueno, CF America, Monterrey, Santos Laguna, Colo Colo","Sol de America (2017-01-01 to 2017-08-14): 30 matches, 10 wins | Luqueno (2018-04-04 to 2018-05-29): 9 matches, 2 wins | Sol de America (2018-06-15 to 2018-08-27): 9 matches, 1 wins | CF America (2022-03-04 to 2023-05-23): 61 matches, 34 wins | Monterrey (2023-05-29 to 2024-08-06): 61 matches, 35 wins | Santos Laguna (2024-11-30 to 2025-05-05): 17 matches, 2 wins | Colo Colo (2025-09-02 to present): 39 matches, 25 wins",226,109,47,70,48.23,1.65,39,25,4,10,64.1,2.03,0,0,0,,,,,,8,4,1,3,50.0,4719107,2025-12-07,4058,Audax Italiano,273,Primera Division,1-2,L,https://www.fotmob.com/players/18524/fernando-ortiz,https://images.fotmob.com/image_resources/playerimages/18524.png,2026-08-23T04:30:29+00:00
1724719,Gastón Maddoni,1974-07-25,52,Argentina,ARG,male,active,,721896,Miami FC,2025-01-23,,1,1,721896,Miami FC,"Miami FC (2025-01-23 to present): 63 matches, 20 wins",63,20,13,30,31.75,1.16,63,20,13,30,31.75,1.16,0,0,0,,,,,,31,8,8,15,25.81,5109886,2026-08-15,1003206,Hartford Athletic,8972,USL Championship,2-1,L,https://www.fotmob.com/players/1724719/gaston-maddoni,https://images.fotmob.com/image_resources/playerimages/1724719.png,2026-08-23T04:30:29+00:00
11281,Mano Pölking,1976-03-12,50,Brazil,BRA,male,active,,614354,Cong An Ha Noi,2024-05-27,,1,1,614354,Cong An Ha Noi,"Cong An Ha Noi (2024-05-27 to present): 5 matches, 2 wins",5,2,1,2,40.0,1.4,5,2,1,2,40,1.4,2,0,1,5788,Thailand,9265,ASEAN Championship,"Thailand - ASEAN Championship: won [2022, 2020]; runner-up []",0,0,0,0,,,,,,,,,,https://www.fotmob.com/players/11281/mano-polking,https://images.fotmob.com/image_resources/playerimages/11281.png,2026-08-23T04:30:29+00:00
1232646,Lamine N'Diaye,1958-10-18,67,Senegal,SEN,male,active,,101628,USM Alger,2026-02-15,,5,4,"128879, 102769, 164919, 101628","TP Mazembe, Al Hilal Omdurman, Horoya AC, USM Alger","TP Mazembe (2010-09-07 to 2013-05-27): 17 matches, 8 wins | Al Hilal Omdurman (2018-07-01 to 2018-12-31): 4 matches, 0 wins | Horoya AC (2019-07-01 to 2023-06-30): 27 matches, 10 wins | TP Mazembe (2023-07-01 to 2026-01-29): 22 matches, 10 wins | USM Alger (2026-02-15 to present): 21 matches, 5 wins",91,33,29,29,36.26,1.41,21,5,9,7,23.81,1.14,9,1,4,"101628, 164919, 102769, 128879","USM Alger, Horoya AC, Al Hilal Omdurman, TP Mazembe","9468, -1, 9467, 526","CAF Confed Cup, Coupe Nationale, Ligue 1, Sudani Premier League, CAF Super Cup, CAF Champions League","USM Alger - CAF Confed Cup: won [2025/2026]; runner-up [] | USM Alger - Coupe Nationale: won [2025/2026]; runner-up [] | Horoya AC - Ligue 1: won [2021/2022, 2020/2021]; runner-up [2022/2023] | Al Hilal Omdurman - Sudani Premier League: won [2018]; runner-up [] | TP Mazembe - CAF Super Cup: won [2011]; runner-up [] | TP Mazembe - Ligue 1: won [2023/2024, 2012]; runner-up [] | TP Mazembe - CAF Champions League: won [2010]; runner-up []",6,2,2,2,33.33,5348522,2026-05-16,80591,Zamalek SC,9468,CAF Confederation Cup,1-0,L,https://www.fotmob.com/players/1232646/lamine-ndiaye,https://images.fotmob.com/image_resources/playerimages/1232646.png,2026-08-23T04:30:29+00:00
644234,Kim Pan-Gon,1969-05-01,57,Korea Republic,KOR,male,active,183,165223,Selangor,2026-01-05,,3,3,"6322, 133896, 165223","Hong Kong, Ulsan HD FC, Selangor","Hong Kong (2012-11-01 to 2017-12-26): 46 matches, 19 wins | Ulsan HD FC (2024-07-28 to 2025-08-07): 52 matches, 20 wins | Selangor (2026-01-05 to present): 17 matches, 11 wins",115,50,26,39,43.48,1.53,17,11,4,2,64.71,2.18,1,0,1,133896,Ulsan HD FC,9080,K League 1,Ulsan HD FC - K League 1: won [2024]; runner-up [],0,0,0,0,,,,,,,,,,https://www.fotmob.com/players/644234/kim-pan-gon,https://images.fotmob.com/image_resources/playerimages/644234.png,2026-08-23T04:30:30+00:00
1800199,Devin Rensing,0001-01-01,2025,USA,USA,male,active,,915809,Las Vegas Lights FC,2025-08-04,,1,1,915809,Las Vegas Lights FC,"Las Vegas Lights FC (2025-08-04 to present): 37 matches, 10 wins",37,10,11,16,27.03,1.11,37,10,11,16,27.03,1.11,0,0,0,,,,,,31,9,9,13,29.03,5109903,2026-08-22,1430405,Lexington SC,8972,USL Championship,2-0,L,https://www.fotmob.com/players/1800199/devin-rensing,https://images.fotmob.com/image_resources/playerimages/1800199.png,2026-08-23T04:30:30+00:00
1231657,Nasreddine Nabi,1965-08-09,61,Tunisia,TUN,male,active,,102049,Raja Casablanca,2026-06-12,,5,5,"161713, 165084, 102035, 6279, 102049","Al-Merreikh, Young Africans, FAR Rabat, Kaizer Chiefs, Raja Casablanca","Al-Merreikh (2021-02-15 to 2021-03-15): 3 matches, 0 wins | Young Africans (2021-07-01 to 2023-06-15): 75 matches, 57 wins | FAR Rabat (2023-07-17 to 2024-07-06): 34 matches, 24 wins | Kaizer Chiefs (2024-07-07 to 2025-09-17): 41 matches, 18 wins | Raja Casablanca (2026-06-12 to present): 7 matches, 4 wins",160,103,31,26,64.38,2.12,7,4,2,1,57.14,2,3,1,2,"6279, 165084","Kaizer Chiefs, Young Africans","9473, -1, 9468","Nedbank Cup, Ligi kuu Bara, CAF Confed Cup",Kaizer Chiefs - Nedbank Cup: won [2024/2025]; runner-up [] | Young Africans - Ligi kuu Bara: won [2021/2022]; runner-up [2020/2021] | Young Africans - CAF Confed Cup: won [2022/2023]; runner-up [],3,3,0,0,100.0,5888350,2026-07-05,102047,Olympic Club de Safi,530,Botola Pro,0-2,W,https://www.fotmob.com/players/1231657/nasreddine-nabi,https://images.fotmob.com/image_resources/playerimages/1231657.png,2026-08-23T04:30:30+00:00
1248690,Héctor Bidoglio,1968-02-05,58,Venezuela,VEN,male,active,176,176496,Deportivo La Guaira,2026-01-26,,1,1,176496,Deportivo La Guaira,"Deportivo La Guaira (2026-01-26 to present): 29 matches, 11 wins",29,11,13,5,37.93,1.59,29,11,13,5,37.93,1.59,0,0,0,,,,,,0,0,0,0,,,,,,,,,,https://www.fotmob.com/players/1248690/hector-bidoglio,https://images.fotmob.com/image_resources/playerimages/1248690.png,2026-08-23T04:30:29+00:00
1944737,Simon Bird,1983-07-24,43,England,ENG,male,active,,614316,Louisville City FC,2026-03-17,,2,1,614316,Louisville City FC,"Louisville City FC (2026-03-17 to present):  matches,  wins | Louisville City FC (2024-08-30 to 2026-03-16):  matches,  wins",0,0,0,0,,,,,,,,,0,0,0,,,,,,17,5,4,8,29.41,5109902,2026-08-22,514649,Indy Eleven,8972,USL Championship,2-1,L,https://www.fotmob.com/players/1944737/simon-bird,https://images.fotmob.com/image_resources/playerimages/1944737.png,2026-08-23T04:30:30+00:00
1690063,Scott Kellacher,1980-12-05,45,Scotland,SCO,male,active,,8066,Inverness Caledonian Thistle,2024-10-23,,3,2,"8066, -1","Inverness Caledonian Thistle, Inverness Caledonian Thistle FC Under 20","Inverness Caledonian Thistle (2024-10-23 to present):  matches,  wins | Inverness Caledonian Thistle (2021-06-01 to 2024-10-23):  matches,  wins | Inverness Caledonian Thistle FC Under 20 (2006-07-01 to 2024-10-23):  matches,  wins",0,0,0,0,,,,,,,,,0,0,0,,,,,,4,0,3,1,0.0,5794303,2026-08-21,8426,Partick Thistle,123,Championship,1-1,D,https://www.fotmob.com/players/1690063/scott-kellacher,https://images.fotmob.com/image_resources/playerimages/1690063.png,2026-08-23T04:30:30+00:00
1279051,Tiernan Lynch,1976-02-19,50,Northern Ireland,NIR,male,active,,8338,Derry City,2024-11-18,2026-08-05,2,2,"2206, 8338","Larne, Derry City","Larne (2017-04-18 to 2024-11-20): 244 matches, 134 wins | Derry City (2024-11-18 to 2026-08-05): 70 matches, 27 wins",314,161,73,80,51.27,1.77,70,27,21,22,38.57,1.46,9,1,2,"8338, 2206","Derry City, Larne","-1, 9147, 129","FAI President's Cup, Charity Shield, Championship, Premiership, County Antrim Shield","Derry City - FAI President's Cup: won [2026]; runner-up [] | Larne - Charity Shield: won [2024/2025]; runner-up [2023/2024] | Larne - Championship: won [2018/2019]; runner-up [] | Larne - Premiership: won [2023/2024, 2022/2023]; runner-up [] | Larne - County Antrim Shield: won [2023/2024, 2022/2023, 2021/2022, 2020/2021]; runner-up []",41,14,15,12,34.15,5100942,2026-08-07,6361,Sligo Rovers,126,Premier Division,2-0,W,https://www.fotmob.com/players/1279051/tiernan-lynch,https://images.fotmob.com/image_resources/playerimages/1279051.png,2026-08-23T04:30:30+00:00
162357,Mark Stimson,1967-12-27,58,England,ENG,male,unknown,,,,,,0,0,,,,0,0,0,0,,,,,,,,,0,0,0,,,,,,0,0,0,0,,,,,,,,,,https://www.fotmob.com/players/162357/mark-stimson,https://images.fotmob.com/image_resources/playerimages/162357.png,2026-08-23T04:30:30+00:00
1138281,Óskar Thorvaldsson,1973-10-25,52,Iceland,ISL,male,active,181,8130,KR Reykjavik,2024-08-16,,3,3,"8332, 8512, 8130","Breidablik, FK Haugesund, KR Reykjavik","Breidablik (2020-01-01 to 2023-10-09): 143 matches, 86 wins | FK Haugesund (2023-12-01 to 2024-05-10): 8 matches, 3 wins | KR Reykjavik (2024-08-16 to present): 73 matches, 36 wins",224,125,28,71,55.8,1.8,73,36,13,24,49.32,1.66,3,4,1,8332,Breidablik,"10009, -1, 215","Super Cup, Fotbolti.net Cup A, Besta deildin","Breidablik - Super Cup: won [2023]; runner-up [2022] | Breidablik - Fotbolti.net Cup A: won [2021]; runner-up [2022, 2020] | Breidablik - Besta deildin: won [2022]; runner-up [2021]",0,0,0,0,,,,,,,,,,https://www.fotmob.com/players/1138281/oskar-thorvaldsson,https://images.fotmob.com/image_resources/playerimages/1138281.png,2026-08-23T04:30:30+00:00
13949,Alan Reynolds,1974-06-12,52,Ireland,IRL,male,active,,4594,Bohemian FC,2024-03-26,,2,2,"6042, 4594","Waterford FC, Bohemian FC","Waterford FC (2017-01-02 to 2020-07-08): 113 matches, 54 wins | Bohemian FC (2024-03-26 to present): 108 matches, 44 wins",221,98,47,76,44.34,1.54,108,44,27,37,40.74,1.47,0,0,0,,,,,,43,18,11,14,41.86,5100947,2026-08-21,8338,Derry City,126,Premier Division,5-3,W,https://www.fotmob.com/players/13949/alan-reynolds,https://images.fotmob.com/image_resources/playerimages/13949.png,2026-08-23T04:30:30+00:00
13895,Kevin Doherty,1980-04-18,46,Ireland,IRL,male,active,,8339,Drogheda United,2021-12-02,,3,2,"5751, 8339","Shelbourne, Drogheda United","Shelbourne (2013-05-16 to 2013-05-23): 1 matches, 0 wins | Shelbourne (2014-12-09 to 2016-09-30): 56 matches, 22 wins | Drogheda United (2021-12-02 to present): 189 matches, 57 wins",246,79,69,98,32.11,1.24,189,57,60,72,30.16,1.22,1,0,1,8339,Drogheda United,219,FAI Cup,Drogheda United - FAI Cup: won [2024]; runner-up [],37,8,13,16,21.62,5100948,2026-08-21,1854,St. Patrick's Athletic,126,Premier Division,0-2,L,https://www.fotmob.com/players/13895/kevin-doherty,https://images.fotmob.com/image_resources/playerimages/13895.png,2026-08-23T04:30:30+00:00
74404,Carlos Garcia,1984-04-29,42,Spain,ESP,male,active,184,163363,Jong Ajax,2026-06-23,,3,3,"163363, 10030, 177778","Jong Ajax, Flamurtari, Beitar Tel Aviv Bat Yam","Jong Ajax (2026-06-23 to present):  matches,  wins | Flamurtari (2025-07-01 to 2025-10-07):  matches,  wins | Beitar Tel Aviv Bat Yam (2022-01-07 to 2022-06-30):  matches,  wins",0,0,0,0,,,,,,,,,0,0,0,,,,,,3,0,0,3,0.0,5832831,2026-08-22,9761,NAC Breda,111,Eerste Divisie,3-2,L,https://www.fotmob.com/players/74404/carlos-garcia,https://images.fotmob.com/image_resources/playerimages/74404.png,2026-08-23T04:30:30+00:00
525791,John Caulfield,1964-10-11,61,USA,USA,male,active,,520517,Galway United FC,2020-08-24,,2,2,"2201, 520517","Cork City, Galway United FC","Cork City (2013-11-05 to 2019-05-01): 227 matches, 139 wins | Galway United FC (2020-08-24 to present): 226 matches, 110 wins",453,249,98,106,54.97,1.87,226,110,56,60,48.67,1.71,9,7,1,2201,Cork City,"126, 219, -1","Premier Division, FAI Cup, FAI President's Cup, Munster Senior Cup","Cork City - Premier Division: won [2017]; runner-up [2018, 2016, 2015, 2014] | Cork City - FAI Cup: won [2017, 2016]; runner-up [2018, 2015] | Cork City - FAI President's Cup: won [2018, 2017, 2016]; runner-up [2019] | Cork City - Munster Senior Cup: won [2018/2019, 2017/2018, 2016/2017]; runner-up []",36,10,12,14,27.78,5100949,2026-08-21,1853,Dundalk,126,Premier Division,1-2,W,https://www.fotmob.com/players/525791/john-caulfield,https://images.fotmob.com/image_resources/playerimages/525791.png,2026-08-23T04:30:31+00:00
23252,Graham Coughlan,1974-11-18,51,Ireland,IRL,male,active,188,6042,Waterford FC,2026-05-07,,5,5,"10104, 9818, 10262, 8646, 6042","Bristol Rovers, Mansfield Town, Newport County, Boston United, Waterford FC","Bristol Rovers (2018-12-13 to 2019-12-16): 52 matches, 23 wins | Mansfield Town (2019-12-17 to 2020-10-28): 27 matches, 4 wins | Newport County (2022-10-20 to 2024-06-20): 93 matches, 33 wins | Boston United (2024-11-19 to 2026-01-14): 66 matches, 26 wins | Waterford FC (2026-05-07 to present): 16 matches, 8 wins",254,94,64,96,37.01,1.36,16,8,5,3,50,1.81,0,0,0,,,,,,11,5,4,2,45.45,5100951,2026-08-21,6361,Sligo Rovers,126,Premier Division,0-0,D,https://www.fotmob.com/players/23252/graham-coughlan,https://images.fotmob.com/image_resources/playerimages/23252.png,2026-08-23T04:30:30+00:00
1587711,Shannon Ruth,0001-01-01,2025,England,ENG,male,active,,773678,Brighton & Hove Albion U21,2022-09-23,,2,2,"561753, 773678","Brighton & Hove Albion U23, Brighton & Hove Albion U21","Brighton & Hove Albion U23 (2021-03-18 to 2021-06-30): 5 matches, 2 wins | Brighton & Hove Albion U21 (2022-09-23 to present): 104 matches, 47 wins",109,49,23,37,44.95,1.56,104,47,21,36,45.19,1.56,1,0,1,773678,Brighton & Hove Albion U21,9084,Premier League 2,Brighton & Hove Albion U21 - Premier League 2: won [2025/2026]; runner-up [],2,0,1,1,0.0,4915986,2025-11-25,8345,Woking,10705,National League Cup Group C,1-1,D,https://www.fotmob.com/players/1587711/shannon-ruth,https://images.fotmob.com/image_resources/playerimages/1587711.png,2026-08-23T04:30:31+00:00
32871,Ian Murray,1981-03-20,45,Scotland,SCO,male,active,183,8648,Greenock Morton,2026-01-02,,5,5,"8321, 9800, 8176, 10250, 8648","Dumbarton, St. Mirren, Airdrieonians, Raith Rovers, Greenock Morton","Dumbarton (2012-11-22 to 2015-05-24): 108 matches, 41 wins | St. Mirren (2015-05-24 to 2015-12-13): 21 matches, 5 wins | Airdrieonians (2018-10-19 to 2022-05-24): 144 matches, 70 wins | Raith Rovers (2022-05-24 to 2024-08-04): 105 matches, 51 wins | Greenock Morton (2026-01-02 to present): 24 matches, 4 wins",402,171,69,162,42.54,1.45,24,4,4,16,16.67,0.67,0,0,0,,,,,,16,3,3,10,18.75,5794305,2026-08-22,8280,Arbroath,123,Championship,1-2,L,https://www.fotmob.com/players/32871/ian-murray,https://images.fotmob.com/image_resources/playerimages/32871.png,2026-08-23T04:30:30+00:00
129061,Phil Brown,1959-05-30,67,England,ENG,male,active,,674289,Peterborough Sports,2025-09-12,2026-03-04,8,7,"8411, 8652, 9795, 578649, 6350, 10284, 674289","Preston North End, Southend United, Swindon Town, FC Pune City, Barrow, Kidderminster Harriers, Peterborough Sports","Preston North End (2010-12-30 to 2011-12-14): 53 matches, 17 wins | Southend United (2013-03-25 to 2018-01-17): 251 matches, 99 wins | Swindon Town (2018-03-13 to 2018-11-12): 32 matches, 10 wins | FC Pune City (2018-12-24 to 2019-06-09): 6 matches, 3 wins | Southend United (2021-04-09 to 2021-10-17): 17 matches, 5 wins | Barrow (2022-03-21 to 2022-05-12): 9 matches, 2 wins | Kidderminster Harriers (2024-01-10 to 2025-05-07): 75 matches, 40 wins | Peterborough Sports (2025-09-12 to 2026-03-04): 31 matches, 10 wins",474,186,112,176,39.24,1.41,31,10,5,16,32.26,1.13,0,0,0,,,,,,0,0,0,0,,,,,,,,,,https://www.fotmob.com/players/129061/phil-brown,https://images.fotmob.com/image_resources/playerimages/129061.png,2026-08-23T04:30:31+00:00
1734197,David Longwell,1974-04-27,52,Scotland,SCO,male,active,,,,,,0,0,,,,0,0,0,0,,,,,,,,,0,0,0,,,,,,0,0,0,0,,,,,,,,,,https://www.fotmob.com/players/1734197/david-longwell,https://images.fotmob.com/image_resources/playerimages/1734197.png,2026-08-23T04:30:31+00:00
23506,Mark Tinkler,1974-10-24,51,England,ENG,male,active,,773660,Middlesbrough U21,2021-12-15,,3,3,"1113557, 773660, 357216","Middlesbrough U18, Middlesbrough U21, Middlesbrough U23","Middlesbrough U18 (2017-06-01 to 2021-12-14): 33 matches, 16 wins | Middlesbrough U21 (2021-12-15 to present): 92 matches, 35 wins | Middlesbrough U23 (2021-12-18 to 2022-10-24): 12 matches, 4 wins",137,55,24,58,40.15,1.38,92,35,16,41,38.04,1.32,0,0,0,,,,,,5,3,0,2,60.0,6000907,2026-08-18,161801,Solihull Moors,10705,National League Cup Group C,1-3,W,https://www.fotmob.com/players/23506/mark-tinkler,https://images.fotmob.com/image_resources/playerimages/23506.png,2026-08-23T04:30:31+00:00
33910,Robbie Stockdale,1979-11-30,46,Scotland,SCO,male,active,180,860798,Newcastle United U21,2026-01-10,,2,1,860798,Newcastle United U21,"Newcastle United U21 (2025-08-01 to 2025-10-04): 14 matches, 4 wins | Newcastle United U21 (2026-01-10 to present): 14 matches, 4 wins",28,8,10,10,28.57,1.21,14,4,5,5,28.57,1.21,0,0,0,,,,,,1,0,0,1,0.0,6000908,2026-08-18,10254,Tamworth,10705,National League Cup Group C,5-3,L,https://www.fotmob.com/players/33910/robbie-stockdale,https://images.fotmob.com/image_resources/playerimages/33910.png,2026-08-23T04:30:31+00:00
24747,Hayden Mullins,1979-03-27,47,England,ENG,male,active,180,10262,Newport County,2026-07-31,,7,6,"9817, 8416, 262137, 860801, 1113550, 10262","Watford, Colchester United, Turks and Caicos Islands, Fulham U21, Fulham U18, Newport County","Watford (2019-12-02 to 2019-12-08): 4 matches, 0 wins | Watford (2020-07-19 to 2020-08-15): 4 matches, 0 wins | Colchester United (2021-04-01 to 2022-01-19): 40 matches, 11 wins | Turks and Caicos Islands (2023-03-01 to 2023-08-31): 2 matches, 2 wins | Fulham U21 (2023-07-01 to 2026-07-31): 82 matches, 42 wins | Fulham U18 (2023-07-26 to 2024-06-30): 24 matches, 14 wins | Newport County (2026-07-31 to present): 3 matches, 1 wins",159,70,27,62,44.03,1.49,3,1,0,2,33.33,1,0,0,0,,,,,,3,1,1,1,33.33,5837871,2026-08-22,10104,Bristol Rovers,109,League Two,5-3,L,https://www.fotmob.com/players/24747/hayden-mullins,https://images.fotmob.com/image_resources/playerimages/24747.png,2026-08-23T04:30:31+00:00
1859057,Andy Farrell,1965-10-07,60,England,ENG,male,active,,1796112,Burnley U21,2022-07-01,,1,1,1796112,Burnley U21,"Burnley U21 (2022-07-01 to present): 20 matches, 3 wins",20,3,4,13,15.0,0.65,20,3,4,13,15,0.65,0,0,0,,,,,,0,0,0,0,,,,,,,,,,https://www.fotmob.com/players/1859057/andy-farrell,https://images.fotmob.com/image_resources/playerimages/1859057.png,2026-08-23T04:30:31+00:00
34138,Paul Tait,1974-10-24,51,England,ENG,male,active,,773653,Everton U21,2022-07-01,2026-06-30,2,2,"1113547, 773653","Everton U18, Everton U21","Everton U18 (2017-07-01 to 2022-06-30): 50 matches, 19 wins | Everton U21 (2022-07-01 to 2026-06-30): 105 matches, 35 wins",155,54,28,73,34.84,1.23,105,35,19,51,33.33,1.18,0,0,0,,,,,,3,0,1,2,0.0,4915937,2025-11-25,8493,Rochdale,10705,National League Cup Group A,1-0,L,https://www.fotmob.com/players/34138/paul-tait,https://images.fotmob.com/image_resources/playerimages/34138.png,2026-08-23T04:30:31+00:00
1030937,James Shan,1978-10-28,47,England,ENG,male,active,,394201,Aston Villa U19,2025-10-20,,7,7,"357201, 773656, 8659, 10284, 161801, 1070261, 394201","West Bromwich Albion U23, West Bromwich Albion U21, West Bromwich Albion, Kidderminster Harriers, Solihull Moors, Aston Villa U21, Aston Villa U19","West Bromwich Albion U23 (2016-07-01 to 2019-07-01): 66 matches, 13 wins | West Bromwich Albion U21 (2017-07-01 to 2019-12-05): 6 matches, 1 wins | West Bromwich Albion (2019-03-10 to 2019-06-13): 12 matches, 6 wins | Kidderminster Harriers (2019-12-06 to 2020-02-10): 11 matches, 3 wins | Solihull Moors (2020-02-21 to 2021-03-10): 32 matches, 12 wins | Aston Villa U21 (2025-06-12 to present): 26 matches, 10 wins | Aston Villa U19 (2025-10-20 to present): 4 matches, 1 wins",157,46,33,78,29.3,1.09,4,1,2,1,25,1.25,0,0,0,,,,,,0,0,0,0,,,,,,,,,,https://www.fotmob.com/players/1030937/james-shan,https://images.fotmob.com/image_resources/playerimages/1030937.png,2026-08-23T04:30:31+00:00
806322,Warren Joyce,1965-01-20,61,England,ENG,male,active,175,1389162,Nottingham Forest U21,2022-10-02,2026-06-30,4,4,"357204, 8528, 203576, 1389162","Manchester United U23, Wigan Athletic, Melbourne City FC, Nottingham Forest U21","Manchester United U23 (2016-08-01 to 2016-11-02): 9 matches, 3 wins | Wigan Athletic (2016-11-02 to 2017-03-13): 24 matches, 6 wins | Melbourne City FC (2017-06-19 to 2019-05-08): 63 matches, 29 wins | Nottingham Forest U21 (2022-10-02 to 2026-06-30): 99 matches, 44 wins",195,82,34,79,42.05,1.44,99,44,14,41,44.44,1.47,0,0,0,,,,,,2,2,0,0,100.0,4915969,2025-11-25,9828,Forest Green Rovers,10705,National League Cup Group B,0-1,W,https://www.fotmob.com/players/806322/warren-joyce,https://images.fotmob.com/image_resources/playerimages/806322.png,2026-08-23T04:30:31+00:00
23281,Graeme Murty,1974-11-13,51,Scotland,SCO,male,active,178,773657,Sunderland U21,2022-10-05,2026-06-30,4,3,"8548, 1088639, 773657","Rangers, Rangers U19, Sunderland U21","Rangers (2017-02-10 to 2017-03-13): 5 matches, 3 wins | Rangers (2017-10-26 to 2018-05-01): 29 matches, 18 wins | Rangers U19 (2019-10-01 to 2021-06-30): 5 matches, 2 wins | Sunderland U21 (2022-10-05 to 2026-06-30): 74 matches, 29 wins",113,52,17,44,46.02,1.53,74,29,13,32,39.19,1.35,0,0,0,,,,,,3,0,2,1,0.0,4915999,2025-11-25,10195,FC Halifax Town,10705,National League Cup Group D,1-1,D,https://www.fotmob.com/players/23281/graeme-murty,https://images.fotmob.com/image_resources/playerimages/23281.png,2026-08-23T04:30:32+00:00
1859053,Leigh Downing,1988-10-09,37,England,ENG,male,active,,773656,West Bromwich Albion U21,2025-08-20,,1,1,773656,West Bromwich Albion U21,"West Bromwich Albion U21 (2025-08-20 to present): 19 matches, 5 wins",19,5,3,11,26.32,0.95,19,5,3,11,26.32,0.95,0,0,0,,,,,,1,0,1,0,0.0,6000925,2026-08-18,8345,Woking,10705,National League Cup Group D,0-0,D,https://www.fotmob.com/players/1859053/leigh-downing,https://images.fotmob.com/image_resources/playerimages/1859053.png,2026-08-23T04:30:32+00:00
23298,Darren Powell,1976-03-10,50,England,ENG,male,active,191,1267874,Crystal Palace U21,2023-03-21,,1,1,1267874,Crystal Palace U21,"Crystal Palace U21 (2023-03-21 to present): 22 matches, 10 wins",22,10,4,8,45.45,1.55,22,10,4,8,45.45,1.55,0,0,0,,,,,,0,0,0,0,,,,,,,,,,https://www.fotmob.com/players/23298/darren-powell,https://images.fotmob.com/image_resources/playerimages/23298.png,2026-08-23T04:30:31+00:00
97182,Scott Gardner,1988-04-01,38,England,ENG,male,active,,1177187,Leeds United U21,2024-01-20,,2,1,1177187,Leeds United U21,"Leeds United U21 (2023-11-14 to 2024-01-20): 12 matches, 2 wins | Leeds United U21 (2024-01-20 to present): 67 matches, 21 wins",79,23,14,42,29.11,1.05,67,21,12,34,31.34,1.12,0,0,0,,,,,,3,1,0,2,33.33,6000906,2026-08-18,2488,Boreham Wood,10705,National League Cup Group C,5-2,L,https://www.fotmob.com/players/97182/scott-gardner,https://images.fotmob.com/image_resources/playerimages/97182.png,2026-08-23T04:30:32+00:00
26453,Stijn Schaars,1984-01-11,42,Netherlands,NED,male,active,178,8640,PSV Eindhoven,2026-07-27,,1,1,455494,Jong PSV,"Jong PSV (2025-06-30 to present): 40 matches, 18 wins",40,18,5,17,45.0,1.48,,,,,,,0,0,0,,,,,,38,16,5,17,42.11,5832815,2026-08-14,4116,Almere City FC,111,Eerste Divisie,3-1,L,https://www.fotmob.com/players/26453/stijn-schaars,https://images.fotmob.com/image_resources/playerimages/26453.png,2026-08-23T04:30:32+00:00
1691474,Chris Agutter,1983-12-04,42,England,ENG,male,active,,158316,Sutton United,2025-10-02,,2,2,"282351, 158316","Worthing, Sutton United","Worthing (2024-05-11 to 2025-10-02): 67 matches, 36 wins | Sutton United (2025-10-02 to present): 43 matches, 16 wins",110,52,25,33,47.27,1.65,43,16,11,16,37.21,1.37,0,0,0,,,,,,1,0,1,0,0.0,6000923,2026-08-18,773642,Leicester City U21,10705,National League Cup Group D,0-0,D,https://www.fotmob.com/players/1691474/chris-agutter,https://images.fotmob.com/image_resources/playerimages/1691474.png,2026-08-23T04:30:32+00:00
40013,Grégory Vignal,1981-07-19,45,France,FRA,male,active,,773685,Blackburn Rovers U21,2025-11-10,2026-06-30,1,1,773685,Blackburn Rovers U21,"Blackburn Rovers U21 (2025-11-10 to 2026-06-30): 12 matches, 2 wins",12,2,0,10,16.67,0.5,12,2,0,10,16.67,0.5,0,0,0,,,,,,0,0,0,0,,,,,,,,,,https://www.fotmob.com/players/40013/gregory-vignal,https://images.fotmob.com/image_resources/playerimages/40013.png,2026-08-23T04:30:32+00:00
37182,Mark Otten,1985-09-02,40,Netherlands,NED,male,active,179,278960,Jong FC Utrecht,2025-06-14,,1,1,278960,Jong FC Utrecht,"Jong FC Utrecht (2025-06-14 to present): 40 matches, 12 wins",40,12,10,18,30.0,1.15,40,12,10,18,30,1.15,0,0,0,,,,,,38,12,9,17,31.58,5832824,2026-08-17,8277,Vitesse,111,Eerste Divisie,1-3,L,https://www.fotmob.com/players/37182/mark-otten,https://images.fotmob.com/image_resources/playerimages/37182.png,2026-08-23T04:30:32+00:00
2586,John McGreal,1972-06-02,54,England,ENG,male,active,,1796115,Ipswich Town U21,2022-04-22,,4,3,"8416, 9902, 1796115","Colchester United, Ipswich Town, Ipswich Town U21","Colchester United (2015-11-27 to 2015-12-02): 2 matches, 0 wins | Colchester United (2016-05-04 to 2020-07-14): 204 matches, 80 wins | Ipswich Town (2021-12-06 to 2021-12-19): 2 matches, 0 wins | Ipswich Town U21 (2022-04-22 to present): 22 matches, 13 wins",230,93,52,85,40.43,1.44,22,13,2,7,59.09,1.86,0,0,0,,,,,,1,0,1,0,0.0,6000889,2026-08-18,5763,Braintree Town,10705,National League Cup Group B,1-1,D,https://www.fotmob.com/players/2586/john-mcgreal,https://images.fotmob.com/image_resources/playerimages/2586.png,2026-08-23T04:30:32+00:00
36841,Jonas De Roeck,1979-12-20,46,Belgium,BEL,male,active,187,681685,Club Brugge U19,2025-10-23,,7,7,"9997, 394195, 8635, 10001, 9988, 1173026, 681685","St.Truiden, Anderlecht U19, Anderlecht, Westerlo, Royal Antwerp, Club Brugge NXT, Club Brugge U19","St.Truiden (2017-08-14 to 2018-06-30): 39 matches, 13 wins | Anderlecht U19 (2018-07-01 to 2021-06-30): 4 matches, 0 wins | Anderlecht (2019-10-03 to 2019-10-07): 1 matches, 1 wins | Westerlo (2021-07-01 to 2023-12-02): 88 matches, 35 wins | Royal Antwerp (2024-07-01 to 2025-03-03): 33 matches, 15 wins | Club Brugge NXT (2025-10-15 to 2026-06-30): 24 matches, 5 wins | Club Brugge U19 (2025-10-23 to present): 8 matches, 6 wins",197,75,48,74,38.07,1.39,8,6,0,2,75,2.25,1,0,1,10001,Westerlo,264,First Division B,Westerlo - First Division B: won [2021/2022]; runner-up [],0,0,0,0,,,,,,,,,,https://www.fotmob.com/players/36841/jonas-de-roeck,https://images.fotmob.com/image_resources/playerimages/36841.png,2026-08-23T04:30:32+00:00
23096,Alan Neilson,1972-09-26,53,Wales,WAL,male,active,,773658,Norwich City U21,2021-08-14,2026-06-30,1,1,773658,Norwich City U21,"Norwich City U21 (2021-08-14 to 2026-06-30): 20 matches, 5 wins",20,5,5,10,25.0,1.0,20,5,5,10,25,1,0,0,0,,,,,,0,0,0,0,,,,,,,,,,https://www.fotmob.com/players/23096/alan-neilson,https://images.fotmob.com/image_resources/playerimages/23096.png,2026-08-23T04:30:32+00:00
1859048,Daniel Maye,1982-07-14,44,England,ENG,male,active,,773680,Derby County U21,2025-07-01,,1,1,773680,Derby County U21,"Derby County U21 (2025-07-01 to present): 20 matches, 5 wins",20,5,5,10,25.0,1.0,20,5,5,10,25,1,0,0,0,,,,,,1,0,0,1,0.0,6000868,2026-08-18,10195,FC Halifax Town,10705,National League Cup Group A,6-2,L,https://www.fotmob.com/players/1859048/daniel-maye,https://images.fotmob.com/image_resources/playerimages/1859048.png,2026-08-23T04:30:32+00:00
27478,Alexander Meier,1983-01-17,43,Germany,GER,male,active,196,9810,Eintracht Frankfurt,2026-05-05,,1,1,665289,Eintracht Frankfurt U19,"Eintracht Frankfurt U19 (2025-07-01 to 2026-06-30): 8 matches, 3 wins",8,3,1,4,37.5,1.25,,,,,,,0,0,0,,,,,,0,0,0,0,,,,,,,,,,https://www.fotmob.com/players/27478/alexander-meier,https://images.fotmob.com/image_resources/playerimages/27478.png,2026-08-23T04:30:32+00:00
24435,Liam Lawrence,1981-12-14,44,Republic of Ireland,IRL,male,active,180,773650,Stoke City U21,2026-03-09,2026-08-19,1,1,773650,Stoke City U21,"Stoke City U21 (2026-03-09 to 2026-08-19): 6 matches, 2 wins",6,2,0,4,33.33,1.0,6,2,0,4,33.33,1,0,0,0,,,,,,1,0,0,1,0.0,6000870,2026-08-18,8412,Scunthorpe United,10705,National League Cup Group A,4-0,L,https://www.fotmob.com/players/24435/liam-lawrence,https://images.fotmob.com/image_resources/playerimages/24435.png,2026-08-23T04:30:33+00:00
1817351,Frederic Barilaro,1968-06-08,58,France,FRA,male,active,,585094,Monaco U19,2025-07-01,,1,1,585094,Monaco U19,"Monaco U19 (2025-07-01 to present): 7 matches, 3 wins",7,3,0,4,42.86,1.29,7,3,0,4,42.86,1.29,0,0,0,,,,,,0,0,0,0,,,,,,,,,,https://www.fotmob.com/players/1817351/frederic-barilaro,https://images.fotmob.com/image_resources/playerimages/1817351.png,2026-08-23T04:30:33+00:00
93991,Sofyane Cherfa,1984-08-13,42,Algeria,ALG,male,active,183,1539604,Pafos FC U19,2025-07-01,,1,1,1539604,Pafos FC U19,"Pafos FC U19 (2025-07-01 to present): 6 matches, 1 wins",6,1,1,4,16.67,0.67,6,1,1,4,16.67,0.67,0,0,0,,,,,,0,0,0,0,,,,,,,,,,https://www.fotmob.com/players/93991/sofyane-cherfa,https://images.fotmob.com/image_resources/playerimages/93991.png,2026-08-23T04:30:32+00:00
1823030,Kevin Brok,1990-03-07,36,Netherlands,NED,male,active,,-1,Bayer 04 Leverkusen Under 17,2026-07-01,,1,1,592671,Bayer Leverkusen U19,"Bayer Leverkusen U19 (2025-09-15 to present): 7 matches, 3 wins",7,3,1,3,42.86,1.43,,,,,,,0,0,0,,,,,,0,0,0,0,,,,,,,,,,https://www.fotmob.com/players/1823030/kevin-brok,https://images.fotmob.com/image_resources/playerimages/1823030.png,2026-08-23T04:30:33+00:00
1857242,Peter Scott,1963-10-01,62,England,ENG,male,active,,773686,Reading U21,2025-01-20,,1,1,773686,Reading U21,"Reading U21 (2025-01-20 to present): 20 matches, 7 wins",20,7,4,9,35.0,1.25,20,7,4,9,35,1.25,0,0,0,,,,,,0,0,0,0,,,,,,,,,,https://www.fotmob.com/players/1857242/peter-scott,https://images.fotmob.com/image_resources/playerimages/1857242.png,2026-08-23T04:30:33+00:00
24208,Micah Richards,1988-06-24,38,England,ENG,male,active,180,,,,,0,0,,,,0,0,0,0,,,,,,,,,0,0,0,,,,,,0,0,0,0,,,,,,,,,,https://www.fotmob.com/players/24208/micah-richards,https://images.fotmob.com/image_resources/playerimages/24208.png,2026-08-23T04:30:33+00:00
1823032,Zhora Arutyunyan,1992-01-09,34,Kazakhstan,KAZ,male,active,,8037,Kairat Almaty,2026-04-27,,1,1,889701,Kairat Almaty U19,"Kairat Almaty U19 (2024-06-01 to present): 6 matches, 1 wins",6,1,1,4,16.67,0.67,,,,,,,0,0,0,,,,,,0,0,0,0,,,,,,,,,,https://www.fotmob.com/players/1823032/zhora-arutyunyan,https://images.fotmob.com/image_resources/playerimages/1823032.png,2026-08-23T04:30:33+00:00
37865,Nicky Hayen,1980-08-16,46,Belgium,BEL,male,active,187,8191,Burnley,2026-07-10,,9,8,"9997, 8475, 2194, 1173026, 681685, 8342, 9987, 8191","St.Truiden, SK Beveren, Haverfordwest, Club Brugge NXT, Club Brugge U19, Club Brugge, Genk, Burnley","St.Truiden (2019-11-26 to 2020-01-02): 6 matches, 1 wins | SK Beveren (2020-07-01 to 2021-06-30): 38 matches, 9 wins | Haverfordwest (2021-12-31 to 2022-06-15): 15 matches, 6 wins | Club Brugge NXT (2022-06-15 to 2023-03-15): 25 matches, 12 wins | Club Brugge U19 (2022-09-01 to 2024-03-18): 6 matches, 3 wins | Club Brugge NXT (2023-07-29 to 2024-03-18): 26 matches, 10 wins | Club Brugge (2024-03-18 to 2025-12-08): 102 matches, 61 wins | Genk (2025-12-22 to 2026-07-10): 28 matches, 13 wins | Burnley (2026-07-10 to present): 2 matches, 1 wins",248,116,52,80,46.77,1.61,2,1,1,0,50,2,3,2,1,8342,Club Brugge,"149, 40, 266","Belgian Cup, First Division A, Super Cup",Club Brugge - Belgian Cup: won [2024/2025]; runner-up [] | Club Brugge - First Division A: won [2023/2024]; runner-up [2024/2025] | Club Brugge - Super Cup: won [2025/2026]; runner-up [2024/2025],49,22,14,13,44.9,5836764,2026-08-16,8654,West Ham United,48,Championship,2-2,D,https://www.fotmob.com/players/37865/nicky-hayen,https://images.fotmob.com/image_resources/playerimages/37865.png,2026-08-23T04:30:33+00:00
38888,César Peixoto,1980-05-12,46,Portugal,POR,male,active,182,8602,Wolverhampton Wanderers,2026-06-15,,9,7,"1722, 10215, 9774, 8348, 6403, 9764, 8602","Varzim, Academica, Chaves, Moreirense, Pacos de Ferreira, Gil Vicente, Wolverhampton Wanderers","Varzim (2019-03-11 to 2019-06-30): 9 matches, 4 wins | Academica (2019-07-01 to 2019-11-16): 13 matches, 4 wins | Chaves (2019-12-19 to 2020-06-30): 12 matches, 3 wins | Moreirense (2020-11-10 to 2021-01-02): 7 matches, 3 wins | Pacos de Ferreira (2021-12-16 to 2022-10-20): 50 matches, 13 wins | Pacos de Ferreira (2023-01-02 to 2023-05-31): 30 matches, 6 wins | Moreirense (2024-07-01 to 2025-02-24): 27 matches, 9 wins | Gil Vicente (2025-03-02 to 2026-06-15): 46 matches, 16 wins | Wolverhampton Wanderers (2026-06-15 to present): 3 matches, 2 wins",197,60,47,90,30.46,1.15,3,2,1,0,66.67,2.33,0,0,0,,,,,,3,2,1,0,66.67,5836771,2026-08-22,8411,Preston North End,48,Championship,1-3,W,https://www.fotmob.com/players/38888/cesar-peixoto,https://images.fotmob.com/image_resources/playerimages/38888.png,2026-08-23T04:30:33+00:00
30631,Frank Lampard,1978-06-20,48,England,ENG,male,active,183,8669,Coventry City,2024-11-28,,5,4,"10170, 8455, 8668, 8669","Derby County, Chelsea, Everton, Coventry City","Derby County (2018-05-31 to 2019-07-04): 57 matches, 26 wins | Chelsea (2019-07-04 to 2021-01-25): 84 matches, 44 wins | Everton (2022-01-31 to 2023-01-23): 44 matches, 12 wins | Chelsea (2023-04-06 to 2023-06-30): 11 matches, 1 wins | Coventry City (2024-11-28 to present): 83 matches, 46 wins",279,129,56,94,46.24,1.59,83,46,16,21,55.42,1.86,1,0,1,8669,Coventry City,48,Championship,Coventry City - Championship: won [2025/2026]; runner-up [],47,27,10,10,57.45,5795363,2026-08-21,9825,Arsenal,47,Premier League,3-0,L,https://www.fotmob.com/players/30631/frank-lampard,https://images.fotmob.com/image_resources/playerimages/30631.png,2026-08-23T04:30:33+00:00
24393,Gary O'Neil,1983-05-18,43,England,ENG,male,active,173,9902,Ipswich Town,2026-06-23,,4,4,"8678, 8602, 9848, 9902","AFC Bournemouth, Wolverhampton Wanderers, Strasbourg, Ipswich Town","AFC Bournemouth (2022-08-30 to 2023-06-19): 37 matches, 11 wins | Wolverhampton Wanderers (2023-08-09 to 2024-12-15): 63 matches, 20 wins | Strasbourg (2026-01-07 to 2026-06-23): 27 matches, 13 wins | Ipswich Town (2026-06-23 to present): 1 matches, 1 wins",128,45,23,60,35.16,1.23,1,1,0,0,100,3,0,0,0,,,,,,3,3,0,0,100.0,5795366,2026-08-22,8472,Sunderland,47,Premier League,2-1,W,https://www.fotmob.com/players/24393/gary-oneil,https://images.fotmob.com/image_resources/playerimages/24393.png,2026-08-23T04:30:33+00:00
553389,Alex Neil,1981-06-09,45,Scotland,SCO,male,active,,10004,Millwall,2024-12-30,,7,6,"8429, 9850, 8411, 8472, 10194, 10004","Hamilton Academical, Norwich City, Preston North End, Sunderland, Stoke City, Millwall","Hamilton Academical (2013-04-03 to 2014-09-12): 76 matches, 43 wins | Hamilton Academical (2014-09-13 to 2015-01-09): 25 matches, 15 wins | Norwich City (2015-01-09 to 2017-03-10): 108 matches, 45 wins | Preston North End (2017-07-04 to 2021-03-21): 191 matches, 73 wins | Sunderland (2022-02-11 to 2022-08-28): 25 matches, 12 wins | Stoke City (2022-08-28 to 2023-12-10): 66 matches, 22 wins | Millwall (2024-12-30 to present): 81 matches, 42 wins",572,252,123,197,44.06,1.54,81,42,16,23,51.85,1.75,0,0,0,,,,,,52,26,14,12,50.0,5836770,2026-08-22,9850,Norwich City,48,Championship,3-0,W,https://www.fotmob.com/players/553389/alex-neil,https://images.fotmob.com/image_resources/playerimages/553389.png,2026-08-23T04:30:33+00:00
1842922,Tonda Eckert,1993-01-31,33,Germany,GER,male,active,,8466,Southampton,2025-11-02,,2,2,"773645, 8466","Southampton U21, Southampton","Southampton U21 (2025-07-01 to 2026-02-04): 16 matches, 8 wins | Southampton (2025-11-02 to present): 41 matches, 26 wins",57,34,11,12,59.65,1.98,41,26,8,7,63.41,2.1,0,0,0,,,,,,43,27,9,7,62.79,5836773,2026-08-22,10194,Stoke City,48,Championship,3-1,W,https://www.fotmob.com/players/1842922/tonda-eckert,https://images.fotmob.com/image_resources/playerimages/1842922.png,2026-08-23T04:30:33+00:00
553390,Phil Parkinson,1967-12-01,58,England,ENG,male,active,,9841,Wrexham,2021-07-01,,4,4,"8484, 8559, 8472, 9841","Bradford City, Bolton Wanderers, Sunderland, Wrexham","Bradford City (2011-08-28 to 2016-06-10): 274 matches, 108 wins | Bolton Wanderers (2016-06-10 to 2019-08-22): 157 matches, 49 wins | Sunderland (2019-10-17 to 2020-11-30): 48 matches, 19 wins | Wrexham (2021-07-01 to present): 276 matches, 160 wins",755,336,183,236,44.5,1.58,276,160,59,57,57.97,1.95,1,1,1,9841,Wrexham,117,National League,Wrexham - National League: won [2022/2023]; runner-up [2021/2022],53,22,17,14,41.51,5836777,2026-08-22,9817,Watford,48,Championship,1-1,D,https://www.fotmob.com/players/553390/phil-parkinson,https://images.fotmob.com/image_resources/playerimages/553390.png,2026-08-23T04:30:33+00:00
23309,John Eustace,1979-11-03,46,England,ENG,male,active,178,10170,Derby County,2025-02-13,,5,5,"10284, 10172, 8658, 8655, 10170","Kidderminster Harriers, Queens Park Rangers, Birmingham City, Blackburn Rovers, Derby County","Kidderminster Harriers (2016-04-22 to 2018-05-25): 103 matches, 56 wins | Queens Park Rangers (2019-04-01 to 2019-05-07): 7 matches, 2 wins | Birmingham City (2022-07-03 to 2023-10-09): 63 matches, 21 wins | Blackburn Rovers (2024-02-09 to 2025-02-12): 35 matches, 15 wins | Derby County (2025-02-13 to present): 66 matches, 27 wins",274,121,56,97,44.16,1.53,66,27,13,26,40.91,1.42,0,0,0,,,,,,49,20,10,19,40.82,5836768,2026-08-22,8344,Cardiff City,48,Championship,2-2,D,https://www.fotmob.com/players/23309/john-eustace,https://images.fotmob.com/image_resources/playerimages/23309.png,2026-08-23T04:30:33+00:00
9012,Sergej Jakirovic,1976-12-23,49,Bosnia and Herzegovina,BIH,male,active,,8667,Hull City,2025-06-11,,8,8,"277400, 206560, 8340, 10107, 10162, 10156, 10182, 8667","NK Sesvete, HNK Gorica, Maribor, Zrinjski Mostar, Rijeka, Dinamo Zagreb, Kayserispor, Hull City","NK Sesvete (2017-08-01 to 2018-06-18): 1 matches, 0 wins | HNK Gorica (2018-06-15 to 2020-02-24): 61 matches, 26 wins | Maribor (2020-04-23 to 2020-08-28): 13 matches, 9 wins | Zrinjski Mostar (2021-01-01 to 2022-11-30): 73 matches, 50 wins | Rijeka (2022-11-30 to 2023-08-21): 27 matches, 17 wins | Dinamo Zagreb (2023-08-21 to 2024-09-19): 59 matches, 40 wins | Kayserispor (2025-01-28 to 2025-06-08): 17 matches, 8 wins | Hull City (2025-06-11 to present): 53 matches, 25 wins",304,175,58,71,57.57,1.92,53,25,11,17,47.17,1.62,4,0,3,"10156, 10107, 206560","Dinamo Zagreb, Zrinjski Mostar, HNK Gorica","252, 275, -1","HNL, Croatian Cup, Premijer Liga, Arena Cup",Dinamo Zagreb - HNL: won [2023/2024]; runner-up [] | Dinamo Zagreb - Croatian Cup: won [2023/2024]; runner-up [] | Zrinjski Mostar - Premijer Liga: won [2021/2022]; runner-up [] | HNK Gorica - Arena Cup: won [2020]; runner-up [],50,23,11,16,46.0,5795364,2026-08-22,10260,Manchester United,47,Premier League,2-0,W,https://www.fotmob.com/players/9012/sergej-jakirovic,https://images.fotmob.com/image_resources/playerimages/9012.png,2026-08-23T04:30:34+00:00
1327831,Kim Hellberg,1988-02-01,38,Sweden,SWE,male,active,,8549,Middlesbrough,2025-11-26,,5,4,"6571, 6181, 8248, 8549","Lindoe FF, IFK Värnamo, Hammarby, Middlesbrough","Lindoe FF (2018-05-22 to 2019-12-31): 32 matches, 12 wins | IFK Värnamo (2022-01-01 to 2023-12-31): 65 matches, 26 wins | Hammarby (2024-01-01 to 2024-04-26): 33 matches, 17 wins | Hammarby (2024-04-26 to 2025-11-23): 70 matches, 40 wins | Middlesbrough (2025-11-26 to present): 34 matches, 16 wins",234,111,47,76,47.44,1.62,34,16,8,10,47.06,1.65,0,0,0,,,,,,37,16,9,12,43.24,5836767,2026-08-22,8655,Blackburn Rovers,48,Championship,2-1,L,https://www.fotmob.com/players/1327831/kim-hellberg,https://images.fotmob.com/image_resources/playerimages/1327831.png,2026-08-23T04:30:34+00:00
37988,Philippe Clement,1974-03-22,52,Belgium,BEL,male,active,191,9850,Norwich City,2025-11-18,,6,6,"8475, 9987, 8342, 9829, 8548, 9850","SK Beveren, Genk, Club Brugge, Monaco, Rangers, Norwich City","SK Beveren (2017-07-01 to 2017-12-19): 22 matches, 9 wins | Genk (2018-01-01 to 2019-06-03): 81 matches, 47 wins | Club Brugge (2019-06-03 to 2022-01-02): 129 matches, 73 wins | Monaco (2022-01-03 to 2023-06-04): 73 matches, 37 wins | Rangers (2023-10-15 to 2025-02-23): 86 matches, 55 wins | Norwich City (2025-11-18 to present): 37 matches, 20 wins",428,241,90,97,56.31,1.9,37,20,5,12,54.05,1.76,8,6,3,"8548, 8342, 9987","Rangers, Club Brugge, Genk","180, 149, 40, 266","League Cup, Belgian Cup, First Division A, Super Cup","Rangers - League Cup: won [2023/2024]; runner-up [2024/2025] | Club Brugge - Belgian Cup: won [2014/2015]; runner-up [2019/2020, 2015/2016] | Club Brugge - First Division A: won [2020/2021, 2019/2020, 2015/2016]; runner-up [2016/2017, 2014/2015] | Club Brugge - Super Cup: won [2021/2022, 2016/2017]; runner-up [2015/2016] | Genk - First Division A: won [2018/2019]; runner-up []",37,20,5,12,54.05,5836770,2026-08-22,10004,Millwall,48,Championship,3-0,L,https://www.fotmob.com/players/37988/philippe-clement,https://images.fotmob.com/image_resources/playerimages/37988.png,2026-08-23T04:30:34+00:00
1791880,Vitor Matos,1988-03-28,38,Portugal,POR,male,active,,10003,Swansea City,2025-11-24,,2,2,"10212, 10003","Maritimo, Swansea City","Maritimo (2025-07-01 to 2025-11-24): 13 matches, 7 wins | Swansea City (2025-11-24 to present): 34 matches, 15 wins",47,22,8,17,46.81,1.57,34,15,6,13,44.12,1.5,0,0,0,,,,,,34,15,7,12,44.12,5836774,2026-08-22,8657,Sheffield United,48,Championship,0-0,D,https://www.fotmob.com/players/1791880/vitor-matos,https://images.fotmob.com/image_resources/playerimages/1791880.png,2026-08-23T04:30:34+00:00
1437592,Michael Skubala,1982-10-31,43,England,ENG,male,active,,8427,Bristol City,2026-06-09,,4,4,"1177187, 8463, 8430, 8427","Leeds United U21, Leeds United, Lincoln City, Bristol City","Leeds United U21 (2022-07-28 to 2023-11-15): 33 matches, 19 wins | Leeds United (2023-02-07 to 2023-02-21): 3 matches, 0 wins | Lincoln City (2023-11-13 to 2026-05-29): 140 matches, 71 wins | Bristol City (2026-06-09 to present): 3 matches, 0 wins",179,90,38,51,50.28,1.72,3,0,1,2,0,0.33,2,0,2,"8430, 1177187","Lincoln City, Leeds United U21","108, 10176","League One, Premier League 2 Div 2",Lincoln City - League One: won [2025/2026]; runner-up [] | Leeds United U21 - Premier League 2 Div 2: won [2022/2023]; runner-up [],5,1,1,3,20.0,5836766,2026-08-22,8658,Birmingham City,48,Championship,2-2,D,https://www.fotmob.com/players/1437592/michael-skubala,https://images.fotmob.com/image_resources/playerimages/1437592.png,2026-08-23T04:30:34+00:00
1650429,Chris Davies,1985-03-27,41,England,ENG,male,active,,8658,Birmingham City,2024-06-06,,1,1,8658,Birmingham City,"Birmingham City (2024-06-06 to present): 113 matches, 64 wins",113,64,24,25,56.64,1.91,113,64,24,25,56.64,1.91,3,0,2,"8658, 8197","Birmingham City, Leicester City","108, 132, 247","League One, FA Cup, Community Shield",Birmingham City - League One: won [2024/2025]; runner-up [] | Leicester City - FA Cup: won [2020/2021]; runner-up [] | Leicester City - Community Shield: won [2021/2022]; runner-up [],50,18,15,17,36.0,5836766,2026-08-22,8427,Bristol City,48,Championship,2-2,D,https://www.fotmob.com/players/1650429/chris-davies,https://images.fotmob.com/image_resources/playerimages/1650429.png,2026-08-23T04:30:34+00:00
510644,Chris Wilder,1967-09-23,58,England,ENG,male,active,,8657,Sheffield United,2023-12-05,,6,5,"8653, 8651, 8657, 8549, 9817","Oxford United, Northampton Town, Sheffield United, Middlesbrough, Watford","Oxford United (2008-12-21 to 2014-01-26): 189 matches, 75 wins | Northampton Town (2014-01-26 to 2016-05-12): 126 matches, 61 wins | Sheffield United (2016-05-12 to 2021-03-13): 227 matches, 106 wins | Middlesbrough (2021-11-07 to 2022-10-03): 45 matches, 19 wins | Watford (2023-03-07 to 2023-05-10): 11 matches, 3 wins | Sheffield United (2023-12-05 to present): 123 matches, 53 wins",721,317,155,249,43.97,1.53,123,53,21,49,43.09,1.46,1,0,1,8657,Sheffield United,108,League One,Sheffield United - League One: won [2016/2017]; runner-up [],45,19,8,18,42.22,5836774,2026-08-22,10003,Swansea City,48,Championship,0-0,D,https://www.fotmob.com/players/510644/chris-wilder,https://images.fotmob.com/image_resources/playerimages/510644.png,2026-08-23T04:30:34+00:00
23250,Paul Heckingbottom,1977-07-17,49,England,ENG,male,active,183,8411,Preston North End,2024-08-20,,7,5,"8283, 8463, 10251, 8657, 8411","Barnsley, Leeds United, Hibernian, Sheffield United, Preston North End","Barnsley (2015-02-12 to 2015-02-25): 3 matches, 2 wins | Barnsley (2016-02-06 to 2018-02-06): 105 matches, 37 wins | Leeds United (2018-02-06 to 2018-06-01): 16 matches, 4 wins | Hibernian (2019-02-13 to 2019-11-04): 32 matches, 13 wins | Sheffield United (2021-03-13 to 2021-05-27): 11 matches, 3 wins | Sheffield United (2021-11-25 to 2023-12-05): 98 matches, 48 wins | Preston North End (2024-08-20 to present): 103 matches, 32 wins",368,139,95,134,37.77,1.39,103,32,35,36,31.07,1.27,1,0,1,8283,Barnsley,142,EFL Trophy,Barnsley - EFL Trophy: won [2015/2016]; runner-up [],49,14,15,20,28.57,5836771,2026-08-22,8602,Wolverhampton Wanderers,48,Championship,1-3,L,https://www.fotmob.com/players/23250/paul-heckingbottom,https://images.fotmob.com/image_resources/playerimages/23250.png,2026-08-23T04:30:34+00:00
996174,Julien Stéphan,1980-09-18,45,France,FRA,male,active,,10172,Queens Park Rangers,2025-06-25,,4,3,"9851, 9848, 10172","Rennes, Strasbourg, Queens Park Rangers","Rennes (2018-12-03 to 2021-03-02): 107 matches, 48 wins | Strasbourg (2021-05-28 to 2023-01-07): 58 matches, 19 wins | Rennes (2023-11-19 to 2024-11-07): 41 matches, 19 wins | Queens Park Rangers (2025-06-25 to present): 51 matches, 17 wins",257,103,61,93,40.08,1.44,51,17,11,23,33.33,1.22,1,0,1,9851,Rennes,134,Coupe de France,Rennes - Coupe de France: won [2018/2019]; runner-up [],48,17,11,20,35.42,5836772,2026-08-22,8559,Bolton Wanderers,48,Championship,0-0,D,https://www.fotmob.com/players/996174/julien-stephan,https://images.fotmob.com/image_resources/playerimages/996174.png,2026-08-23T04:30:34+00:00
300231,Alessio Dionisi,1980-04-01,46,Italy,ITA,male,active,178,9817,Watford,2026-06-15,,7,6,"566349, 7881, 8534, 7943, 8540, 9817","Imolese Calcio, Venezia, Empoli, Sassuolo, Palermo, Watford","Imolese Calcio (2018-06-11 to 2019-06-26): 44 matches, 18 wins | Venezia (2019-07-03 to 2020-08-14): 40 matches, 13 wins | Empoli (2020-08-19 to 2021-06-30): 42 matches, 22 wins | Sassuolo (2021-07-01 to 2024-02-25): 107 matches, 33 wins | Palermo (2024-06-07 to 2025-06-15): 41 matches, 15 wins | Empoli (2025-10-16 to 2026-03-10): 22 matches, 5 wins | Watford (2026-06-15 to present): 3 matches, 2 wins",299,108,90,101,36.12,1.38,3,2,1,0,66.67,2.33,1,0,1,8534,Empoli,86,Serie B,Empoli - Serie B: won [2020/2021]; runner-up [],3,2,1,0,66.67,5836777,2026-08-22,9841,Wrexham,48,Championship,1-1,D,https://www.fotmob.com/players/300231/alessio-dionisi,https://images.fotmob.com/image_resources/playerimages/300231.png,2026-08-23T04:30:34+00:00
23903,Nathan Jones,1973-05-28,53,Wales,WAL,male,active,170,8451,Charlton Athletic,2024-02-04,,6,5,"10204, 8346, 10194, 8466, 8451","Brighton & Hove Albion, Luton Town, Stoke City, Southampton, Charlton Athletic","Brighton & Hove Albion (2014-12-22 to 2014-12-31): 2 matches, 1 wins | Luton Town (2016-01-06 to 2019-01-09): 170 matches, 89 wins | Stoke City (2019-01-09 to 2019-11-01): 38 matches, 7 wins | Luton Town (2020-05-28 to 2022-11-09): 133 matches, 54 wins | Southampton (2022-11-11 to 2023-02-12): 14 matches, 5 wins | Charlton Athletic (2024-02-04 to present): 125 matches, 53 wins",482,209,127,146,43.36,1.56,125,53,35,37,42.4,1.55,0,0,0,,,,,,50,15,14,21,30.0,5836776,2026-08-22,8654,West Ham United,48,Championship,1-2,W,https://www.fotmob.com/players/23903/nathan-jones,https://images.fotmob.com/image_resources/playerimages/23903.png,2026-08-23T04:30:34+00:00
25269,Mark Robins,1969-12-22,56,England,ENG,male,active,,10194,Stoke City,2025-01-02,,6,5,"8283, 8669, 9796, 8412, 10194","Barnsley, Coventry City, Huddersfield Town, Scunthorpe United, Stoke City","Barnsley (2009-09-09 to 2011-06-30): 48 matches, 14 wins | Coventry City (2012-09-20 to 2013-02-13): 33 matches, 18 wins | Huddersfield Town (2013-02-14 to 2014-08-10): 68 matches, 23 wins | Scunthorpe United (2014-10-13 to 2016-01-18): 71 matches, 24 wins | Coventry City (2017-03-06 to 2024-11-07): 387 matches, 157 wins | Stoke City (2025-01-02 to present): 76 matches, 25 wins",683,261,169,253,38.21,1.39,76,25,17,34,32.89,1.21,2,0,1,8669,Coventry City,"108, 142","League One, EFL Trophy",Coventry City - League One: won [2019/2020]; runner-up [] | Coventry City - EFL Trophy: won [2016/2017]; runner-up [],50,15,10,25,30.0,5836773,2026-08-22,8466,Southampton,48,Championship,3-1,L,https://www.fotmob.com/players/25269/mark-robins,https://images.fotmob.com/image_resources/playerimages/25269.png,2026-08-23T04:30:35+00:00
148890,Tony Mowbray,1963-11-22,62,England,ENG,male,active,,8655,Blackburn Rovers,2026-06-05,,7,6,"8549, 8669, 8655, 8472, 8658, 8659","Middlesbrough, Coventry City, Blackburn Rovers, Sunderland, Birmingham City, West Bromwich Albion","Middlesbrough (2010-10-26 to 2013-10-22): 153 matches, 61 wins | Coventry City (2015-03-03 to 2016-09-29): 76 matches, 26 wins | Blackburn Rovers (2017-02-22 to 2022-06-14): 267 matches, 108 wins | Sunderland (2022-08-30 to 2023-12-04): 65 matches, 26 wins | Birmingham City (2024-01-08 to 2024-03-19): 14 matches, 4 wins | West Bromwich Albion (2025-01-19 to 2025-04-22): 17 matches, 5 wins | Blackburn Rovers (2026-06-05 to present): 3 matches, 2 wins",595,232,152,211,38.99,1.43,3,2,1,0,66.67,2.33,1,0,1,8659,West Bromwich Albion,48,Championship,West Bromwich Albion - Championship: won [2007/2008]; runner-up [],3,2,1,0,66.67,5836767,2026-08-22,8549,Middlesbrough,48,Championship,2-1,W,https://www.fotmob.com/players/148890/tony-mowbray,https://images.fotmob.com/image_resources/playerimages/148890.png,2026-08-23T04:30:35+00:00
22840,John Mousinho,1986-04-30,40,England,ENG,male,active,185,8462,Portsmouth,2023-01-20,,1,1,8462,Portsmouth,"Portsmouth (2023-01-20 to present): 175 matches, 71 wins",175,71,47,57,40.57,1.49,175,71,47,57,40.57,1.49,1,0,1,8462,Portsmouth,108,League One,Portsmouth - League One: won [2023/2024]; runner-up [],49,14,14,21,28.57,5836769,2026-08-22,8430,Lincoln City,48,Championship,1-3,W,https://www.fotmob.com/players/22840/john-mousinho,https://images.fotmob.com/image_resources/playerimages/22840.png,2026-08-23T04:30:35+00:00
75489,Aaron Ramsey,1990-12-26,35,Wales,WAL,male,active,178,8653,Oxford United,2026-06-23,,2,2,"8344, 8653","Cardiff City, Oxford United","Cardiff City (2025-04-19 to 2025-06-15): 3 matches, 0 wins | Oxford United (2026-06-23 to present): 3 matches, 1 wins",6,1,3,2,16.67,1.0,3,1,1,1,33.33,1.33,0,0,0,,,,,,9,3,3,3,33.33,5837107,2026-08-22,10253,Stevenage,108,League One,1-2,W,https://www.fotmob.com/players/75489/aaron-ramsey,https://images.fotmob.com/image_resources/playerimages/75489.png,2026-08-23T04:30:35+00:00
24903,Russell Martin,1986-01-04,40,Scotland,SCO,male,active,183,8197,Leicester City,2026-07-01,,5,5,"8645, 10003, 8466, 8548, 8197","Milton Keynes Dons, Swansea City, Southampton, Rangers, Leicester City","Milton Keynes Dons (2019-11-06 to 2021-08-01): 80 matches, 31 wins | Swansea City (2021-08-01 to 2023-06-30): 99 matches, 36 wins | Southampton (2023-07-01 to 2024-12-16): 73 matches, 34 wins | Rangers (2025-06-05 to 2025-10-06): 17 matches, 5 wins | Leicester City (2026-07-01 to present): 3 matches, 1 wins",272,107,63,102,39.34,1.41,3,1,1,1,33.33,1.33,0,0,0,,,,,,3,1,1,1,33.33,5837102,2026-08-22,9792,Burton Albion,108,League One,1-2,L,https://www.fotmob.com/players/24903/russell-martin,https://images.fotmob.com/image_resources/playerimages/24903.png,2026-08-23T04:30:35+00:00
24171,James Morrison,1986-05-25,40,Scotland,SCO,male,active,178,8659,West Bromwich Albion,2026-02-25,,3,1,8659,West Bromwich Albion,"West Bromwich Albion (2025-04-22 to 2025-06-02): 2 matches, 1 wins | West Bromwich Albion (2026-01-06 to 2026-01-12): 13 matches, 5 wins | West Bromwich Albion (2026-02-25 to present): 15 matches, 7 wins",30,13,13,4,43.33,1.73,15,7,6,2,46.67,1.8,0,0,0,,,,,,15,6,7,2,40.0,5836759,2026-08-15,9850,Norwich City,48,Championship,1-2,W,https://www.fotmob.com/players/24171/james-morrison,https://images.fotmob.com/image_resources/playerimages/24171.png,2026-08-23T04:30:35+00:00
33996,Chris Cohen,1987-03-05,39,England,ENG,male,active,178,8430,Lincoln City,2026-05-29,,1,1,8430,Lincoln City,"Lincoln City (2026-05-29 to present):  matches,  wins",0,0,0,0,,,,,,,,,0,0,0,,,,,,3,1,0,2,33.33,5836769,2026-08-22,8462,Portsmouth,48,Championship,1-3,L,https://www.fotmob.com/players/33996/chris-cohen,https://images.fotmob.com/image_resources/playerimages/33996.png,2026-08-23T04:30:35+00:00
35377,Jim McNulty,1985-02-13,41,Scotland,SCO,male,active,183,10007,Stockport County,2026-06-05,,3,2,"8493, 10007","Rochdale, Stockport County","Rochdale (2022-08-19 to 2022-09-02): 11 matches, 3 wins | Rochdale (2023-03-27 to 2026-06-05): 171 matches, 86 wins | Stockport County (2026-06-05 to present): 4 matches, 2 wins",186,91,40,55,48.92,1.68,4,2,0,2,50,1.5,0,0,0,,,,,,3,1,1,1,33.33,5837108,2026-08-22,8483,Blackpool,108,League One,1-2,L,https://www.fotmob.com/players/35377/jim-mcnulty,https://images.fotmob.com/image_resources/playerimages/35377.png,2026-08-23T04:30:35+00:00
24074,Brian Barry-Murphy,1978-07-27,48,Ireland,IRL,male,active,185,8344,Cardiff City,2025-06-16,,5,5,"8493, 394199, 357215, 860800, 8344","Rochdale, Manchester City U19, Manchester City U23, Manchester City U21, Cardiff City","Rochdale (2019-03-04 to 2021-06-30): 109 matches, 35 wins | Manchester City U19 (2021-07-01 to 2024-06-30): 20 matches, 10 wins | Manchester City U23 (2021-07-01 to 2024-07-09): 26 matches, 16 wins | Manchester City U21 (2021-08-23 to 2024-07-08): 55 matches, 25 wins | Cardiff City (2025-06-16 to present): 59 matches, 34 wins",269,120,60,89,44.61,1.56,59,34,12,13,57.63,1.93,2,0,2,"357215, 860800","Manchester City U23, Manchester City U21",9084,Premier League 2,Manchester City U23 - Premier League 2: won [2021/2022]; runner-up [] | Manchester City U21 - Premier League 2: won [2022/2023]; runner-up [],51,28,11,12,54.9,5836768,2026-08-22,10170,Derby County,48,Championship,2-2,D,https://www.fotmob.com/players/24074/brian-barry-murphy,https://images.fotmob.com/image_resources/playerimages/24074.png,2026-08-23T04:30:35+00:00
554053,Henrik Pedersen,1978-01-02,48,Denmark,DEN,male,active,,10163,Sheffield Wednesday,2025-07-31,,5,5,"8289, 9776, 8180, 8615, 10163","HB Køge, Eintracht Braunschweig, Strømsgodset, Vendsyssel FF, Sheffield Wednesday","HB Køge (2014-07-01 to 2015-12-23): 59 matches, 23 wins | Eintracht Braunschweig (2018-05-30 to 2018-10-10): 12 matches, 1 wins | Strømsgodset (2019-06-20 to 2021-04-09): 49 matches, 13 wins | Vendsyssel FF (2021-07-01 to 2023-11-03): 84 matches, 30 wins | Sheffield Wednesday (2025-07-31 to present): 51 matches, 5 wins",255,72,69,114,28.24,1.12,51,5,12,34,9.8,0.53,0,0,0,,,,,,51,4,13,34,7.84,5837106,2026-08-20,8484,Bradford City,108,League One,0-1,L,https://www.fotmob.com/players/554053/henrik-pedersen,https://images.fotmob.com/image_resources/playerimages/554053.png,2026-08-23T04:30:35+00:00
23185,Graham Alexander,1971-10-10,54,Scotland,SCO,male,active,180,8484,Bradford City,2023-11-06,,7,7,"8411, 45723, 8412, 282326, 9927, 8645, 8484","Preston North End, Fleetwood Town, Scunthorpe United, Salford City, Motherwell, Milton Keynes Dons, Bradford City","Preston North End (2011-12-15 to 2012-01-13): 4 matches, 1 wins | Fleetwood Town (2012-12-02 to 2015-09-30): 145 matches, 56 wins | Scunthorpe United (2016-03-22 to 2018-03-25): 113 matches, 55 wins | Salford City (2018-05-14 to 2020-10-12): 110 matches, 53 wins | Motherwell (2021-01-08 to 2022-07-29): 69 matches, 27 wins | Milton Keynes Dons (2023-05-27 to 2023-10-16): 16 matches, 6 wins | Bradford City (2023-11-06 to present): 150 matches, 74 wins",607,272,139,196,44.81,1.57,150,74,30,46,49.33,1.68,0,0,0,,,,,,51,23,10,18,45.1,5837106,2026-08-20,10163,Sheffield Wednesday,108,League One,0-1,W,https://www.fotmob.com/players/23185/graham-alexander,https://images.fotmob.com/image_resources/playerimages/23185.png,2026-08-23T04:30:36+00:00
23603,Steven Schumacher,1984-04-30,42,England,ENG,male,active,183,8559,Bolton Wanderers,2025-01-30,,4,4,"10197, 8401, 10194, 8559","Southport, Plymouth Argyle, Stoke City, Bolton Wanderers","Southport (2017-09-27 to 2017-10-19): 1 matches, 0 wins | Plymouth Argyle (2021-12-07 to 2023-12-19): 108 matches, 60 wins | Stoke City (2023-12-19 to 2024-09-16): 32 matches, 13 wins | Bolton Wanderers (2025-01-30 to present): 79 matches, 35 wins",220,108,46,66,49.09,1.68,79,35,22,22,44.3,1.61,1,0,1,8401,Plymouth Argyle,108,League One,Plymouth Argyle - League One: won [2022/2023]; runner-up [],52,24,17,11,46.15,5836772,2026-08-22,10172,Queens Park Rangers,48,Championship,0-0,D,https://www.fotmob.com/players/23603/steven-schumacher,https://images.fotmob.com/image_resources/playerimages/23603.png,2026-08-23T04:30:35+00:00
143793,Jack Wilshere,1992-01-01,34,England,ENG,male,active,172,8346,Luton Town,2025-10-13,,3,3,"1113566, 9850, 8346","Arsenal U18, Norwich City, Luton Town","Arsenal U18 (2022-07-11 to 2024-10-23): 52 matches, 22 wins | Norwich City (2025-04-22 to 2025-05-24): 2 matches, 1 wins | Luton Town (2025-10-13 to present): 46 matches, 25 wins",100,48,25,27,48.0,1.69,46,25,11,10,54.35,1.87,1,0,1,8346,Luton Town,142,EFL Trophy,Luton Town - EFL Trophy: won [2025/2026]; runner-up [],46,25,12,9,54.35,5837103,2026-08-22,9819,Notts County,108,League One,2-2,D,https://www.fotmob.com/players/143793/jack-wilshere,https://images.fotmob.com/image_resources/playerimages/143793.png,2026-08-23T04:30:36+00:00
1027408,Martin Drury,1986-04-10,40,England,ENG,male,active,,9796,Huddersfield Town,2026-05-27,,4,3,"9796, 8484, 6288","Huddersfield Town, Bradford City, Bradford PA","Huddersfield Town (2026-05-27 to present):  matches,  wins | Huddersfield Town (2026-03-01 to 2026-05-27):  matches,  wins | Bradford City (2019-02-25 to 2019-03-04):  matches,  wins | Bradford PA (2015-04-28 to 2016-03-22):  matches,  wins",0,0,0,0,,,,,,,,,0,0,0,,,,,,5,2,3,0,40.0,5837104,2026-08-22,8645,Milton Keynes Dons,108,League One,1-1,D,https://www.fotmob.com/players/1027408/martin-drury,https://images.fotmob.com/image_resources/playerimages/1027408.png,2026-08-23T04:30:36+00:00
160713,Tom Cleverley,1989-08-12,37,England,ENG,male,active,175,8401,Plymouth Argyle,2025-06-16,,2,2,"9817, 8401","Watford, Plymouth Argyle","Watford (2024-03-10 to 2025-05-06): 59 matches, 20 wins | Plymouth Argyle (2025-06-16 to present): 58 matches, 28 wins",117,48,22,47,41.03,1.42,58,28,8,22,48.28,1.59,0,0,0,,,,,,50,25,9,16,50.0,5837110,2026-08-22,8676,Wycombe Wanderers,108,League One,1-1,D,https://www.fotmob.com/players/160713/tom-cleverley,https://images.fotmob.com/image_resources/playerimages/160713.png,2026-08-23T04:30:36+00:00
25318,Nigel Clough,1966-03-19,60,England,ENG,male,active,,9818,Mansfield Town,2020-11-06,,4,4,"10170, 8657, 9792, 9818","Derby County, Sheffield United, Burton Albion, Mansfield Town","Derby County (2009-01-08 to 2013-09-29): 158 matches, 54 wins | Sheffield United (2013-10-23 to 2015-05-25): 104 matches, 50 wins | Burton Albion (2015-12-07 to 2020-05-18): 228 matches, 78 wins | Mansfield Town (2020-11-06 to present): 314 matches, 135 wins",804,317,196,291,39.43,1.43,314,135,75,104,42.99,1.53,0,0,0,,,,,,51,18,18,15,35.29,5837105,2026-08-22,8677,Peterborough United,108,League One,2-1,L,https://www.fotmob.com/players/25318/nigel-clough,https://images.fotmob.com/image_resources/playerimages/25318.png,2026-08-23T04:30:36+00:00
43252,Michael Duff,1978-01-11,48,Northern Ireland,NIR,male,active,185,8676,Wycombe Wanderers,2025-09-18,,5,5,"8680, 8283, 10003, 9796, 8676","Cheltenham Town, Barnsley, Swansea City, Huddersfield Town, Wycombe Wanderers","Cheltenham Town (2018-09-10 to 2022-06-13): 202 matches, 85 wins | Barnsley (2022-06-15 to 2023-06-30): 58 matches, 32 wins | Swansea City (2023-07-01 to 2023-12-04): 21 matches, 6 wins | Huddersfield Town (2024-05-13 to 2025-03-09): 43 matches, 20 wins | Wycombe Wanderers (2025-09-18 to present): 48 matches, 20 wins",372,163,88,121,43.82,1.55,48,20,12,16,41.67,1.5,1,0,1,8680,Cheltenham Town,109,League Two,Cheltenham Town - League Two: won [2020/2021]; runner-up [],46,18,13,15,39.13,5837110,2026-08-22,8401,Plymouth Argyle,108,League One,1-1,D,https://www.fotmob.com/players/43252/michael-duff,https://images.fotmob.com/image_resources/playerimages/43252.png,2026-08-23T04:30:36+00:00
35554,Ian Evatt,1981-11-19,44,England,ENG,male,active,191,8483,Blackpool,2025-10-21,,4,4,"9786, 6350, 8559, 8483","Chesterfield, Barrow, Bolton Wanderers, Blackpool","Chesterfield (2018-04-23 to 2018-05-15): 3 matches, 1 wins | Barrow (2018-06-15 to 2020-06-30): 90 matches, 40 wins | Bolton Wanderers (2020-07-01 to 2025-01-22): 261 matches, 132 wins | Blackpool (2025-10-21 to present): 41 matches, 19 wins",395,192,80,123,48.61,1.66,41,19,7,15,46.34,1.56,1,0,1,8559,Bolton Wanderers,142,EFL Trophy,Bolton Wanderers - EFL Trophy: won [2022/2023]; runner-up [],38,18,6,14,47.37,5837108,2026-08-22,10007,Stockport County,108,League One,1-2,W,https://www.fotmob.com/players/35554/ian-evatt,https://images.fotmob.com/image_resources/playerimages/35554.png,2026-08-23T04:30:36+00:00
33883,Alex Revell,1983-07-07,43,England,ENG,male,active,191,10253,Stevenage,2024-04-17,,2,1,10253,Stevenage,"Stevenage (2020-02-16 to 2021-11-15): 77 matches, 23 wins | Stevenage (2024-04-17 to present): 114 matches, 45 wins",191,68,50,73,35.6,1.33,114,45,26,43,39.47,1.41,0,0,0,,,,,,49,18,13,18,36.73,5837107,2026-08-22,8653,Oxford United,108,League One,1-2,L,https://www.fotmob.com/players/33883/alex-revell,https://images.fotmob.com/image_resources/playerimages/33883.png,2026-08-23T04:30:36+00:00
24746,Grant McCann,1980-04-14,46,Northern Ireland,NIR,male,active,178,9903,Doncaster Rovers,2023-05-12,,5,3,"8677, 9903, 8667","Peterborough United, Doncaster Rovers, Hull City","Peterborough United (2015-09-06 to 2018-02-25): 146 matches, 61 wins | Doncaster Rovers (2018-06-27 to 2019-06-21): 59 matches, 26 wins | Hull City (2019-06-21 to 2022-01-25): 136 matches, 56 wins | Peterborough United (2022-02-24 to 2023-01-04): 48 matches, 18 wins | Doncaster Rovers (2023-05-12 to present): 177 matches, 86 wins",566,247,106,213,43.64,1.5,177,86,31,60,48.59,1.63,2,0,2,"9903, 8667","Doncaster Rovers, Hull City","109, 108","League Two, League One",Doncaster Rovers - League Two: won [2024/2025]; runner-up [] | Hull City - League One: won [2020/2021]; runner-up [],54,20,11,23,37.04,5837101,2026-08-22,8283,Barnsley,108,League One,0-0,D,https://www.fotmob.com/players/24746/grant-mccann,https://images.fotmob.com/image_resources/playerimages/24746.png,2026-08-23T04:30:36+00:00
25244,Leam Richardson,1979-11-19,46,England,ENG,male,active,175,9798,Reading,2025-10-28,,6,4,"8671, 8528, 8119, 9798","Accrington Stanley, Wigan Athletic, Rotherham United, Reading","Accrington Stanley (2012-01-24 to 2012-02-12): 1 matches, 1 wins | Accrington Stanley (2012-10-25 to 2013-04-30): 36 matches, 10 wins | Wigan Athletic (2020-08-01 to 2020-09-11): 1 matches, 0 wins | Wigan Athletic (2020-11-13 to 2022-11-10): 118 matches, 52 wins | Rotherham United (2023-12-11 to 2024-04-17): 24 matches, 2 wins | Reading (2025-10-28 to present): 36 matches, 14 wins",216,79,50,87,36.57,1.33,36,14,10,12,38.89,1.44,0,0,0,,,,,,36,13,11,12,36.11,5837099,2026-08-22,158319,AFC Wimbledon,108,League One,0-0,D,https://www.fotmob.com/players/25244/leam-richardson,https://images.fotmob.com/image_resources/playerimages/25244.png,2026-08-23T04:30:36+00:00
41071,Gary Caldwell,1982-04-12,44,Scotland,SCO,male,active,180,8528,Wigan Athletic,2026-02-16,,7,6,"8528, 9786, 8426, 357205, 860798, 9833","Wigan Athletic, Chesterfield, Partick Thistle, Newcastle United U23, Newcastle United U21, Exeter City","Wigan Athletic (2015-04-07 to 2016-10-25): 71 matches, 29 wins | Chesterfield (2017-01-17 to 2017-09-17): 29 matches, 3 wins | Partick Thistle (2018-10-15 to 2019-09-18): 42 matches, 16 wins | Newcastle United U23 (2021-08-17 to 2021-10-24): 7 matches, 4 wins | Newcastle United U21 (2021-08-30 to 2021-10-06): 2 matches, 0 wins | Exeter City (2022-10-24 to 2026-02-16): 180 matches, 67 wins | Wigan Athletic (2026-02-16 to present): 20 matches, 8 wins",351,127,78,146,36.18,1.31,20,8,4,8,40,1.4,1,0,1,8528,Wigan Athletic,108,League One,Wigan Athletic - League One: won [2015/2016]; runner-up [],26,9,8,9,34.62,5837109,2026-08-22,8351,Leyton Orient,108,League One,0-2,L,https://www.fotmob.com/players/41071/gary-caldwell,https://images.fotmob.com/image_resources/playerimages/41071.png,2026-08-23T04:30:36+00:00
480765,Gary Bowyer,1971-06-29,55,England,ENG,male,active,,9792,Burton Albion,2024-12-20,,8,7,"8655, 8483, 8484, 561734, 282326, 8284, 9792","Blackburn Rovers, Blackpool, Bradford City, Derby County U23, Salford City, Dundee FC, Burton Albion","Blackburn Rovers (2012-12-28 to 2013-01-13): 13 matches, 6 wins | Blackburn Rovers (2013-03-25 to 2015-11-10): 131 matches, 47 wins | Blackpool (2016-06-01 to 2018-08-06): 115 matches, 45 wins | Bradford City (2019-03-04 to 2020-02-03): 48 matches, 15 wins | Derby County U23 (2021-03-06 to 2021-03-26): 2 matches, 2 wins | Salford City (2021-03-26 to 2022-05-31): 63 matches, 27 wins | Dundee FC (2022-06-08 to 2023-05-10): 48 matches, 26 wins | Burton Albion (2024-12-20 to present): 85 matches, 28 wins",505,196,149,160,38.81,1.46,85,28,24,33,32.94,1.27,1,0,1,8284,Dundee FC,123,Championship,Dundee FC - Championship: won [2022/2023]; runner-up [],51,16,15,20,31.37,5837102,2026-08-22,8197,Leicester City,108,League One,1-2,W,https://www.fotmob.com/players/480765/gary-bowyer,https://images.fotmob.com/image_resources/playerimages/480765.png,2026-08-23T04:30:36+00:00
35884,Daniel Stendel,1974-04-04,52,Germany,GER,male,active,,8283,Barnsley,2026-05-16,,5,4,"8283, 9860, 8481, 8167","Barnsley, Heart of Midlothian, Nancy, Hannover 96 II","Barnsley (2018-06-06 to 2019-10-08): 66 matches, 32 wins | Heart of Midlothian (2019-12-13 to 2020-06-20): 17 matches, 5 wins | Nancy (2021-05-20 to 2021-09-25): 10 matches, 0 wins | Hannover 96 II (2022-07-01 to 2026-05-17): 144 matches, 71 wins | Barnsley (2026-05-16 to present): 3 matches, 1 wins",240,109,49,82,45.42,1.57,3,1,1,1,33.33,1.33,0,0,0,,,,,,3,0,2,1,0.0,5837101,2026-08-22,9903,Doncaster Rovers,108,League One,0-0,D,https://www.fotmob.com/players/35884/daniel-stendel,https://images.fotmob.com/image_resources/playerimages/35884.png,2026-08-23T04:30:36+00:00
720936,Luke Williams,1981-11-20,44,England,ENG,male,active,,8677,Peterborough United,2025-10-29,,4,4,"9795, 9819, 10003, 8677","Swindon Town, Notts County, Swansea City, Peterborough United","Swindon Town (2015-12-30 to 2017-05-05): 75 matches, 22 wins | Notts County (2022-06-14 to 2024-01-04): 83 matches, 49 wins | Swansea City (2024-01-05 to 2025-02-17): 58 matches, 19 wins | Peterborough United (2025-10-29 to present): 40 matches, 16 wins",256,106,51,99,41.41,1.44,40,16,7,17,40,1.38,0,0,0,,,,,,39,15,7,17,38.46,5837105,2026-08-22,9818,Mansfield Town,108,League One,2-1,W,https://www.fotmob.com/players/720936/luke-williams,https://images.fotmob.com/image_resources/playerimages/720936.png,2026-08-23T04:30:37+00:00
23722,Richie Wellens,1980-03-26,46,England,ENG,male,active,175,8351,Leyton Orient,2022-03-10,,5,5,"9785, 9795, 282326, 9903, 8351","Oldham Athletic, Swindon Town, Salford City, Doncaster Rovers, Leyton Orient","Oldham Athletic (2017-09-25 to 2018-06-08): 43 matches, 14 wins | Swindon Town (2018-11-13 to 2020-11-04): 84 matches, 35 wins | Salford City (2020-11-06 to 2021-05-17): 16 matches, 8 wins | Doncaster Rovers (2021-05-17 to 2021-12-02): 26 matches, 7 wins | Leyton Orient (2022-03-10 to present): 234 matches, 108 wins",403,172,82,149,42.68,1.48,234,108,43,83,46.15,1.57,2,0,2,"8351, 9795","Leyton Orient, Swindon Town",109,League Two,Leyton Orient - League Two: won [2022/2023]; runner-up [] | Swindon Town - League Two: won [2019/2020]; runner-up [],34,11,7,16,32.35,5837109,2026-08-22,8528,Wigan Athletic,108,League One,0-2,W,https://www.fotmob.com/players/23722/richie-wellens,https://images.fotmob.com/image_resources/playerimages/23722.png,2026-08-23T04:30:36+00:00
95495,Matt Taylor,1982-01-30,44,England,ENG,male,active,183,9833,Exeter City,2026-03-03,,4,3,"9833, 8119, 10104","Exeter City, Rotherham United, Bristol Rovers","Exeter City (2018-06-01 to 2022-10-03): 227 matches, 103 wins | Rotherham United (2022-10-04 to 2023-11-13): 55 matches, 11 wins | Bristol Rovers (2023-12-01 to 2024-12-16): 54 matches, 18 wins | Exeter City (2026-03-03 to present): 16 matches, 2 wins",352,134,90,128,38.07,1.4,16,2,5,9,12.5,0.69,0,0,0,,,,,,12,2,4,6,16.67,5837874,2026-08-22,8671,Accrington Stanley,109,League Two,2-0,W,https://www.fotmob.com/players/95495/matt-taylor,https://images.fotmob.com/image_resources/playerimages/95495.png,2026-08-23T04:30:37+00:00
35480,Alex Bruce,1984-09-28,41,Northern Ireland,NIR,male,active,180,8119,Rotherham United,2026-06-29,,2,2,"8599, 8119","Macclesfield FC, Rotherham United","Macclesfield FC (2023-10-30 to 2024-02-21): 19 matches, 13 wins | Rotherham United (2026-06-29 to present): 3 matches, 0 wins",22,13,4,5,59.09,1.95,3,0,1,2,0,0.33,0,0,0,,,,,,3,0,1,2,0.0,5837878,2026-08-22,9916,York City,109,League Two,1-1,D,https://www.fotmob.com/players/35480/alex-bruce,https://images.fotmob.com/image_resources/playerimages/35480.png,2026-08-23T04:30:37+00:00
32009,Jon Brady,1975-01-14,51,Australia,AUS,male,active,,9799,Port Vale,2026-01-06,,3,3,"158321, 8651, 9799","Brackley Town, Northampton Town, Port Vale","Brackley Town (2009-05-01 to 2015-09-07): 229 matches, 103 wins | Northampton Town (2021-02-11 to 2024-12-05): 200 matches, 76 wins | Port Vale (2026-01-06 to present): 32 matches, 10 wins",461,189,109,163,41.0,1.47,32,10,7,15,31.25,1.16,1,0,1,158321,Brackley Town,-1,Northamptonshire Senior Cup,Brackley Town - Northamptonshire Senior Cup: won [2014/2015]; runner-up [],32,10,7,15,31.25,5837876,2026-08-22,8313,Tranmere Rovers,109,League Two,1-1,D,https://www.fotmob.com/players/32009/jon-brady,https://images.fotmob.com/image_resources/playerimages/32009.png,2026-08-23T04:30:37+00:00
32622,Chris Hogg,1985-03-21,41,England,ENG,male,active,183,8651,Northampton Town,2026-07-01,,6,5,"8651, 8427, 8653, 357205, 860798","Northampton Town, Bristol City, Oxford United, Newcastle United U23, Newcastle United U21","Northampton Town (2026-07-01 to present):  matches,  wins | Bristol City (2024-10-18 to 2025-06-30):  matches,  wins | Bristol City (2023-11-07 to 2025-06-30):  matches,  wins | Oxford United (2023-03-13 to 2023-11-06):  matches,  wins | Newcastle United U23 (2021-03-14 to 2021-08-17):  matches,  wins | Newcastle United U21 (2020-09-21 to 2021-03-14):  matches,  wins",0,0,0,0,,,,,,,,,0,0,0,,,,,,3,0,1,2,0.0,5837873,2026-08-22,9784,Crewe Alexandra,109,League Two,1-0,L,https://www.fotmob.com/players/32622/chris-hogg,https://images.fotmob.com/image_resources/playerimages/32622.png,2026-08-23T04:30:37+00:00
1243416,Andy Woodman,1971-08-11,55,England,ENG,male,active,,45729,Bromley,2021-03-29,,2,2,"282373, 45729","Whitehawk, Bromley","Whitehawk (2017-02-01 to 2017-06-08): 18 matches, 6 wins | Bromley (2021-03-29 to present): 279 matches, 128 wins",297,134,83,80,45.12,1.63,279,128,80,71,45.88,1.66,2,0,1,45729,Bromley,"9253, 109","FA Trophy, League Two",Bromley - FA Trophy: won [2021/2022]; runner-up [] | Bromley - League Two: won [2025/2026]; runner-up [],47,23,16,8,48.94,5837100,2026-08-22,9834,Cambridge United,108,League One,1-1,D,https://www.fotmob.com/players/1243416/andy-woodman,https://images.fotmob.com/image_resources/playerimages/1243416.png,2026-08-23T04:30:37+00:00
23725,Paul Warne,1973-05-08,53,England,ENG,male,active,175,8645,Milton Keynes Dons,2025-04-15,,3,3,"8119, 10170, 8645","Rotherham United, Derby County, Milton Keynes Dons","Rotherham United (2016-11-28 to 2022-09-23): 293 matches, 115 wins | Derby County (2022-09-23 to 2025-02-07): 132 matches, 60 wins | Milton Keynes Dons (2025-04-15 to present): 60 matches, 27 wins",485,202,105,178,41.65,1.47,60,27,19,14,45,1.67,1,0,1,8119,Rotherham United,142,EFL Trophy,Rotherham United - EFL Trophy: won [2021/2022]; runner-up [],48,24,15,9,50.0,5837104,2026-08-22,9796,Huddersfield Town,108,League One,1-1,D,https://www.fotmob.com/players/23725/paul-warne,https://images.fotmob.com/image_resources/playerimages/23725.png,2026-08-23T04:30:37+00:00
23537,Neil Harris,1977-07-12,49,England,ENG,male,active,180,9834,Cambridge United,2025-02-19,,7,4,"10004, 8344, 10173, 9834","Millwall, Cardiff City, Gillingham, Cambridge United","Millwall (2013-12-27 to 2014-01-06): 3 matches, 0 wins | Millwall (2015-03-10 to 2019-10-03): 245 matches, 103 wins | Cardiff City (2019-11-16 to 2021-01-21): 62 matches, 24 wins | Gillingham (2022-01-31 to 2023-10-05): 90 matches, 34 wins | Cambridge United (2023-12-06 to 2024-02-21): 14 matches, 5 wins | Millwall (2024-02-21 to 2024-12-15): 35 matches, 15 wins | Cambridge United (2025-02-19 to present): 74 matches, 34 wins",523,215,135,173,41.11,1.49,74,34,20,20,45.95,1.65,0,0,0,,,,,,51,24,18,9,47.06,5837100,2026-08-22,45729,Bromley,108,League One,1-1,D,https://www.fotmob.com/players/23537/neil-harris,https://images.fotmob.com/image_resources/playerimages/23537.png,2026-08-23T04:30:37+00:00
33691,Johnnie Jackson,1982-08-15,44,England,ENG,male,active,185,158319,AFC Wimbledon,2022-05-16,,3,2,"8451, 158319","Charlton Athletic, AFC Wimbledon","Charlton Athletic (2021-03-15 to 2021-03-19): 1 matches, 1 wins | Charlton Athletic (2021-10-21 to 2022-05-03): 40 matches, 19 wins | AFC Wimbledon (2022-05-16 to present): 229 matches, 88 wins",270,108,57,105,40.0,1.41,229,88,52,89,38.43,1.38,0,0,0,,,,,,50,15,10,25,30.0,5837099,2026-08-22,9798,Reading,108,League One,0-0,D,https://www.fotmob.com/players/33691/johnnie-jackson,https://images.fotmob.com/image_resources/playerimages/33691.png,2026-08-23T04:30:37+00:00
1134534,Peter Cklamovski,1978-10-16,47,Australia,AUS,male,active,,282326,Salford City,2026-06-18,,5,5,"4426, 164720, 4399, 5823, 282326","Shimizu S-Pulse, Montedio Yamagata, FC Tokyo, Malaysia, Salford City","Shimizu S-Pulse (2020-02-01 to 2020-11-01): 28 matches, 3 wins | Montedio Yamagata (2021-04-30 to 2023-04-04): 85 matches, 38 wins | FC Tokyo (2023-06-22 to 2024-12-21): 65 matches, 27 wins | Malaysia (2025-03-13 to 2026-06-18): 10 matches, 5 wins | Salford City (2026-06-18 to present): 3 matches, 0 wins",191,73,36,82,38.22,1.34,3,0,0,3,0,0,0,0,0,,,,,,3,0,1,2,0.0,5837879,2026-08-22,9786,Chesterfield,109,League Two,0-1,L,https://www.fotmob.com/players/1134534/peter-cklamovski,https://images.fotmob.com/image_resources/playerimages/1134534.png,2026-08-23T04:30:37+00:00
23370,Martin Paterson,1987-05-10,39,Northern Ireland,NIR,male,active,178,9819,Notts County,2025-06-22,,2,2,"9792, 9819","Burton Albion, Notts County","Burton Albion (2024-01-11 to 2024-05-31): 20 matches, 5 wins | Notts County (2025-06-22 to present): 57 matches, 27 wins",77,32,14,31,41.56,1.43,57,27,11,19,47.37,1.61,0,0,0,,,,,,49,25,12,12,51.02,5837103,2026-08-22,8346,Luton Town,108,League One,2-2,D,https://www.fotmob.com/players/23370/martin-paterson,https://images.fotmob.com/image_resources/playerimages/23370.png,2026-08-23T04:30:37+00:00
25245,Paul Cook,1967-02-22,59,England,ENG,male,active,,9786,Chesterfield,2022-02-10,,7,6,"6361, 8671, 9786, 8462, 8528, 9902","Sligo Rovers, Accrington Stanley, Chesterfield, Portsmouth, Wigan Athletic, Ipswich Town","Sligo Rovers (2007-04-27 to 2012-02-12): 67 matches, 43 wins | Accrington Stanley (2012-02-13 to 2012-10-24): 33 matches, 8 wins | Chesterfield (2012-10-25 to 2015-05-12): 144 matches, 65 wins | Portsmouth (2015-05-12 to 2017-05-31): 107 matches, 52 wins | Wigan Athletic (2017-05-31 to 2020-08-01): 155 matches, 65 wins | Ipswich Town (2021-03-05 to 2021-12-05): 44 matches, 14 wins | Chesterfield (2022-02-10 to present): 240 matches, 118 wins",790,365,186,239,46.2,1.62,240,118,50,72,49.17,1.68,7,1,4,"8528, 8462, 9786, 6361","Wigan Athletic, Portsmouth, Chesterfield, Sligo Rovers","108, 109, 117, 219, -1","League One, League Two, National League, FAI Cup, League Cup","Wigan Athletic - League One: won [2017/2018]; runner-up [] | Portsmouth - League Two: won [2016/2017]; runner-up [] | Chesterfield - National League: won [2023/2024]; runner-up [] | Chesterfield - League Two: won [2013/2014]; runner-up [] | Sligo Rovers - FAI Cup: won [2011, 2010]; runner-up [2009] | Sligo Rovers - League Cup: won [2010]; runner-up []",50,20,17,13,40.0,5837879,2026-08-22,282326,Salford City,109,League Two,0-1,W,https://www.fotmob.com/players/25245/paul-cook,https://images.fotmob.com/image_resources/playerimages/25245.png,2026-08-23T04:30:37+00:00
24309,David Artell,1980-11-22,45,Gibraltar,GIB,male,active,188,10005,Grimsby Town,2023-11-27,,2,2,"9784, 10005","Crewe Alexandra, Grimsby Town","Crewe Alexandra (2017-01-08 to 2022-04-11): 274 matches, 103 wins | Grimsby Town (2023-11-27 to present): 142 matches, 58 wins",416,161,77,178,38.7,1.35,142,58,31,53,40.85,1.44,0,0,0,,,,,,54,24,14,16,44.44,5837882,2026-08-22,10006,Walsall,109,League Two,0-0,D,https://www.fotmob.com/players/24309/david-artell,https://images.fotmob.com/image_resources/playerimages/24309.png,2026-08-23T04:30:38+00:00
208928,Ian Holloway,1963-03-12,63,England,ENG,male,active,,9795,Swindon Town,2024-10-28,,6,6,"8483, 9826, 10004, 10172, 10005, 9795","Blackpool, Crystal Palace, Millwall, Queens Park Rangers, Grimsby Town, Swindon Town","Blackpool (2009-05-22 to 2012-11-02): 108 matches, 38 wins | Crystal Palace (2012-11-04 to 2013-10-23): 46 matches, 14 wins | Millwall (2014-01-06 to 2015-03-10): 62 matches, 14 wins | Queens Park Rangers (2016-11-11 to 2018-05-10): 80 matches, 26 wins | Grimsby Town (2019-12-31 to 2020-12-23): 39 matches, 13 wins | Swindon Town (2024-10-28 to present): 95 matches, 44 wins",430,149,104,177,34.65,1.28,95,44,21,30,46.32,1.61,0,0,0,,,,,,49,24,10,15,48.98,5837881,2026-08-22,8680,Cheltenham Town,109,League Two,2-1,W,https://www.fotmob.com/players/208928/ian-holloway,https://images.fotmob.com/image_resources/playerimages/208928.png,2026-08-23T04:30:37+00:00
32234,Micky Mellon,1972-03-18,54,Scotland,SCO,male,active,,,,,,0,0,,,,0,0,0,0,,,,,,,,,0,0,0,,,,,,47,20,11,16,42.55,5837872,2026-08-22,8416,Colchester United,109,League Two,2-1,L,https://www.fotmob.com/players/32234/micky-mellon,https://images.fotmob.com/image_resources/playerimages/32234.png,2026-08-23T04:30:38+00:00
25669,Lee Grant,1983-01-27,43,England,ENG,male,active,193,10006,Walsall,2026-05-14,,2,2,"9796, 10006","Huddersfield Town, Walsall","Huddersfield Town (2025-05-27 to 2026-01-18): 36 matches, 17 wins | Walsall (2026-05-14 to present): 3 matches, 2 wins",39,19,7,13,48.72,1.64,3,2,1,0,66.67,2.33,0,0,0,,,,,,3,2,1,0,66.67,5837882,2026-08-22,10005,Grimsby Town,109,League Two,0-0,D,https://www.fotmob.com/players/25669/lee-grant,https://images.fotmob.com/image_resources/playerimages/25669.png,2026-08-23T04:30:38+00:00
22965,Lee Bell,1983-01-26,43,England,ENG,male,active,180,9784,Crewe Alexandra,2022-11-04,,1,1,9784,Crewe Alexandra,"Crewe Alexandra (2022-11-04 to present): 196 matches, 76 wins",196,76,51,69,38.78,1.42,196,76,51,69,38.78,1.42,0,0,0,,,,,,47,18,11,18,38.3,5837873,2026-08-22,8651,Northampton Town,109,League Two,1-0,W,https://www.fotmob.com/players/22965/lee-bell,https://images.fotmob.com/image_resources/playerimages/22965.png,2026-08-23T04:30:38+00:00
248403,Steve Evans,1962-10-30,63,Scotland,SCO,male,active,,10104,Bristol Rovers,2025-12-18,,9,8,"8647, 8119, 8463, 9818, 8677, 10173, 10253, 10104","Crawley Town, Rotherham United, Leeds United, Mansfield Town, Peterborough United, Gillingham, Stevenage, Bristol Rovers","Crawley Town (2007-05-29 to 2012-04-08): 101 matches, 61 wins | Rotherham United (2012-04-09 to 2015-09-28): 173 matches, 73 wins | Leeds United (2015-10-19 to 2016-05-31): 38 matches, 14 wins | Mansfield Town (2016-11-16 to 2018-02-27): 76 matches, 35 wins | Peterborough United (2018-02-28 to 2019-01-27): 52 matches, 22 wins | Gillingham (2019-05-21 to 2022-01-09): 129 matches, 43 wins | Stevenage (2022-03-16 to 2024-04-17): 120 matches, 59 wins | Rotherham United (2024-04-17 to 2025-03-30): 50 matches, 19 wins | Bristol Rovers (2025-12-18 to present): 30 matches, 15 wins",769,341,191,237,44.34,1.58,30,15,3,12,50,1.6,1,0,1,8647,Crawley Town,117,National League,Crawley Town - National League: won [2010/2011]; runner-up [],30,15,3,12,50.0,5837871,2026-08-22,10262,Newport County,109,League Two,5-3,W,https://www.fotmob.com/players/248403/steve-evans,https://images.fotmob.com/image_resources/playerimages/248403.png,2026-08-23T04:30:38+00:00
32154,Dean Brennan,1980-06-17,46,Ireland,IRL,male,active,,8175,Barnet,2021-09-20,,3,3,"2261, 161812, 8175","Billericay, Wealdstone, Barnet","Billericay (2018-09-18 to 2019-01-16): 22 matches, 9 wins | Wealdstone (2019-05-21 to 2021-02-02): 59 matches, 32 wins | Barnet (2021-09-20 to present): 256 matches, 130 wins",337,171,67,99,50.74,1.72,256,130,53,73,50.78,1.73,1,1,1,8175,Barnet,117,National League,Barnet - National League: won [2024/2025]; runner-up [2023/2024],46,22,13,11,47.83,5837880,2026-08-22,9896,Shrewsbury Town,109,League Two,1-3,W,https://www.fotmob.com/players/32154/dean-brennan,https://images.fotmob.com/image_resources/playerimages/32154.png,2026-08-23T04:30:38+00:00
112162,Matt Lawlor,1988-08-20,38,England,ENG,male,active,,45723,Fleetwood Town,2026-01-26,,5,2,"45723, 6042","Fleetwood Town, Waterford FC","Fleetwood Town (2023-09-04 to 2023-09-10): 1 matches, 1 wins | Fleetwood Town (2024-12-24 to 2024-12-27): 1 matches, 1 wins | Waterford FC (2025-04-20 to 2025-05-06): 6 matches, 2 wins | Waterford FC (2025-09-29 to 2025-11-08): 7 matches, 3 wins | Fleetwood Town (2026-01-26 to present): 23 matches, 8 wins",38,15,14,9,39.47,1.55,23,8,10,5,34.78,1.48,1,0,1,6042,Waterford FC,-1,Munster Senior Cup,Waterford FC - Munster Senior Cup: won [2023/2024]; runner-up [],26,8,12,6,30.77,5837875,2026-08-22,10173,Gillingham,109,League Two,0-0,D,https://www.fotmob.com/players/112162/matt-lawlor,https://images.fotmob.com/image_resources/playerimages/112162.png,2026-08-23T04:30:38+00:00
23208,Gareth Ainsworth,1973-05-10,53,England,ENG,male,active,178,10173,Gillingham,2025-03-25,,5,4,"8676, 10172, 9896, 10173","Wycombe Wanderers, Queens Park Rangers, Shrewsbury Town, Gillingham","Wycombe Wanderers (2012-09-24 to 2014-09-12): 143 matches, 55 wins | Wycombe Wanderers (2014-09-13 to 2023-02-20): 455 matches, 194 wins | Queens Park Rangers (2023-02-21 to 2023-10-29): 28 matches, 5 wins | Shrewsbury Town (2024-11-13 to 2025-03-24): 22 matches, 5 wins | Gillingham (2025-03-25 to present): 63 matches, 17 wins",711,276,172,263,38.82,1.41,63,17,21,25,26.98,1.14,0,0,0,,,,,,35,10,8,17,28.57,5837875,2026-08-22,45723,Fleetwood Town,109,League Two,0-0,D,https://www.fotmob.com/players/23208/gareth-ainsworth,https://images.fotmob.com/image_resources/playerimages/23208.png,2026-08-23T04:30:38+00:00
302906,Steve Cotterill,1964-07-20,62,England,ENG,male,active,,8680,Cheltenham Town,2025-09-30,,7,7,"8462, 10203, 8427, 8658, 9896, 9828, 8680","Portsmouth, Nottingham Forest, Bristol City, Birmingham City, Shrewsbury Town, Forest Green Rovers, Cheltenham Town","Portsmouth (2010-06-18 to 2011-10-14): 61 matches, 19 wins | Nottingham Forest (2011-10-14 to 2012-07-12): 38 matches, 12 wins | Bristol City (2013-12-03 to 2016-01-14): 116 matches, 53 wins | Birmingham City (2017-10-02 to 2018-03-04): 27 matches, 7 wins | Shrewsbury Town (2020-11-27 to 2023-06-06): 144 matches, 49 wins | Forest Green Rovers (2024-01-25 to 2025-06-26): 75 matches, 33 wins | Cheltenham Town (2025-09-30 to present): 44 matches, 17 wins",505,190,122,193,37.62,1.37,44,17,9,18,38.64,1.36,3,0,2,"8427, 9819","Bristol City, Notts County","108, 142, 109","League One, EFL Trophy, League Two",Bristol City - League One: won [2014/2015]; runner-up [] | Bristol City - EFL Trophy: won [2014/2015]; runner-up [] | Notts County - League Two: won [2009/2010]; runner-up [],42,16,9,17,38.1,5837881,2026-08-22,9795,Swindon Town,109,League Two,2-1,L,https://www.fotmob.com/players/302906/steve-cotterill,https://images.fotmob.com/image_resources/playerimages/302906.png,2026-08-23T04:30:38+00:00
1618077,John Doolan,1968-11-10,57,England,ENG,male,active,,8671,Accrington Stanley,2024-03-03,,1,1,8671,Accrington Stanley,"Accrington Stanley (2024-03-03 to present): 121 matches, 36 wins",121,36,28,57,29.75,1.12,121,36,28,57,29.75,1.12,0,0,0,,,,,,35,11,9,15,31.43,5837874,2026-08-22,9833,Exeter City,109,League Two,2-0,L,https://www.fotmob.com/players/1618077/john-doolan,https://images.fotmob.com/image_resources/playerimages/1618077.png,2026-08-23T04:30:38+00:00
35904,Gavin Cowan,1981-05-24,45,England,ENG,male,active,193,9896,Shrewsbury Town,2026-01-29,,3,3,"6315, 158321, 9896","AFC Telford United, Brackley Town, Shrewsbury Town","AFC Telford United (2018-05-12 to 2021-10-05): 114 matches, 41 wins | Brackley Town (2023-05-16 to 2026-01-29): 144 matches, 75 wins | Shrewsbury Town (2026-01-29 to present): 22 matches, 9 wins",280,125,56,99,44.64,1.54,22,9,3,10,40.91,1.36,0,0,0,,,,,,22,8,4,10,36.36,5837880,2026-08-22,8175,Barnet,109,League Two,1-3,L,https://www.fotmob.com/players/35904/gavin-cowan,https://images.fotmob.com/image_resources/playerimages/35904.png,2026-08-23T04:30:38+00:00
32081,Chris Todd,1981-08-22,45,Wales,WAL,male,active,185,10262,Newport County,2026-06-28,2026-07-31,2,2,"161803, 161833","Eastleigh, Gloucester City","Eastleigh (2015-09-23 to 2016-08-17): 45 matches, 21 wins | Gloucester City (2018-10-15 to 2019-01-03): 13 matches, 0 wins",58,21,15,22,36.21,1.34,,,,,,,0,0,0,,,,,,0,0,0,0,,,,,,,,,,https://www.fotmob.com/players/32081/chris-todd,https://images.fotmob.com/image_resources/playerimages/32081.png,2026-08-23T04:30:39+00:00
35573,Darrell Clarke,1977-12-16,48,England,ENG,male,active,,8313,Tranmere Rovers,2026-05-26,,8,7,"8324, 10104, 10006, 9799, 8680, 8283, 8313","Salisbury City, Bristol Rovers, Walsall, Port Vale, Cheltenham Town, Barnsley, Tranmere Rovers","Salisbury City (2011-10-01 to 2013-06-14): 84 matches, 41 wins | Bristol Rovers (2014-03-28 to 2018-12-13): 246 matches, 106 wins | Walsall (2019-05-10 to 2021-02-14): 72 matches, 25 wins | Port Vale (2021-02-17 to 2023-04-17): 124 matches, 52 wins | Cheltenham Town (2023-10-01 to 2024-05-23): 39 matches, 12 wins | Barnsley (2024-05-23 to 2025-03-12): 44 matches, 18 wins | Bristol Rovers (2025-05-06 to 2025-12-14): 27 matches, 10 wins | Tranmere Rovers (2026-05-26 to present): 3 matches, 1 wins",639,265,133,241,41.47,1.45,3,1,1,1,33.33,1.33,0,0,0,,,,,,10,6,2,2,60.0,5837876,2026-08-22,9799,Port Vale,109,League Two,1-1,D,https://www.fotmob.com/players/35573/darrell-clarke,https://images.fotmob.com/image_resources/playerimages/35573.png,2026-08-23T04:30:38+00:00
38865,Colin Kazim-Richards,1986-08-26,39,Turkiye,TUR,male,active,185,8647,Crawley Town,2026-03-25,,1,1,8647,Crawley Town,"Crawley Town (2026-03-25 to present): 11 matches, 4 wins",11,4,3,4,36.36,1.36,11,4,3,4,36.36,1.36,0,0,0,,,,,,10,3,3,4,30.0,5837877,2026-08-22,8493,Rochdale,109,League Two,1-2,W,https://www.fotmob.com/players/38865/colin-kazim-richards,https://images.fotmob.com/image_resources/playerimages/38865.png,2026-08-23T04:30:39+00:00
470725,Scott Lindsey,1972-05-04,54,England,ENG,male,active,175,9916,York City,2026-06-27,,5,4,"9795, 8647, 8645, 9916","Swindon Town, Crawley Town, Milton Keynes Dons, York City","Swindon Town (2022-06-20 to 2023-01-11): 30 matches, 10 wins | Crawley Town (2023-01-11 to 2024-09-25): 96 matches, 42 wins | Milton Keynes Dons (2024-09-25 to 2025-03-02): 29 matches, 10 wins | Crawley Town (2025-03-20 to 2026-03-23): 59 matches, 14 wins | York City (2026-06-27 to present): 3 matches, 1 wins",217,77,44,96,35.48,1.27,3,1,1,1,33.33,1.33,0,0,0,,,,,,6,2,3,1,33.33,5837878,2026-08-22,8119,Rotherham United,109,League Two,1-1,D,https://www.fotmob.com/players/470725/scott-lindsey,https://images.fotmob.com/image_resources/playerimages/470725.png,2026-08-23T04:30:39+00:00
806981,Ian Watson,1985-12-30,40,England,ENG,male,active,,8493,Rochdale,2026-06-10,,2,2,"865163, 8493","South Shields, Rochdale","South Shields (2025-05-28 to 2026-06-09): 54 matches, 33 wins | Rochdale (2026-06-10 to present): 4 matches, 1 wins",58,34,11,13,58.62,1.95,4,1,0,3,25,0.75,0,0,0,,,,,,3,0,0,3,0.0,5837877,2026-08-22,8647,Crawley Town,109,League Two,1-2,L,https://www.fotmob.com/players/806981/ian-watson,https://images.fotmob.com/image_resources/playerimages/806981.png,2026-08-23T04:30:39+00:00
662587,Danny Cowley,1979-02-04,47,England,ENG,male,active,,8416,Colchester United,2024-01-05,,6,6,"208093, 5763, 8430, 9796, 8462, 8416","Concord Rangers, Braintree Town, Lincoln City, Huddersfield Town, Portsmouth, Colchester United","Concord Rangers (2012-06-01 to 2015-04-30): 137 matches, 63 wins | Braintree Town (2015-04-30 to 2016-05-13): 53 matches, 26 wins | Lincoln City (2016-05-13 to 2019-09-09): 184 matches, 100 wins | Huddersfield Town (2019-09-09 to 2020-07-19): 40 matches, 13 wins | Portsmouth (2021-03-19 to 2023-01-02): 97 matches, 43 wins | Colchester United (2024-01-05 to present): 129 matches, 46 wins",640,291,169,180,45.47,1.63,129,46,42,41,35.66,1.4,3,0,1,8430,Lincoln City,"117, 109, 142","National League, League Two, EFL Trophy",Lincoln City - National League: won [2016/2017]; runner-up [] | Lincoln City - League Two: won [2018/2019]; runner-up [] | Lincoln City - EFL Trophy: won [2017/2018]; runner-up [],47,18,11,18,38.3,5837872,2026-08-22,9785,Oldham Athletic,109,League Two,2-1,W,https://www.fotmob.com/players/662587/danny-cowley,https://images.fotmob.com/image_resources/playerimages/662587.png,2026-08-23T04:30:39+00:00
38769,Adam Murray,1981-09-30,44,England,ENG,male,active,175,6350,Barrow,2026-05-12,,7,7,"9818, 8646, 8283, 282396, 6627, 10284, 6350","Mansfield Town, Boston United, Barnsley, AFC Fylde, Eastbourne Borough, Kidderminster Harriers, Barrow","Mansfield Town (2014-11-21 to 2016-11-14): 103 matches, 32 wins | Boston United (2016-12-09 to 2017-10-29): 43 matches, 12 wins | Barnsley (2019-10-08 to 2020-10-23): 5 matches, 0 wins | AFC Fylde (2022-11-14 to 2023-10-08): 49 matches, 24 wins | Eastbourne Borough (2024-01-04 to 2025-05-20): 70 matches, 34 wins | Kidderminster Harriers (2025-05-20 to 2026-05-12): 54 matches, 31 wins | Barrow (2026-05-12 to present): 3 matches, 0 wins",327,133,80,114,40.67,1.46,3,0,1,2,0,0.33,0,0,0,,,,,,3,0,1,2,0.0,5906386,2026-08-22,7946,Harrogate Town,117,National League,2-2,D,https://www.fotmob.com/players/38769/adam-murray,https://images.fotmob.com/image_resources/playerimages/38769.png,2026-08-23T04:30:39+00:00
43231,Simon Weaver,1977-12-20,48,England,ENG,male,active,,7946,Harrogate Town,2009-05-20,,1,1,7946,Harrogate Town,"Harrogate Town (2009-05-20 to present): 789 matches, 313 wins",789,313,175,301,39.67,1.41,789,313,175,301,39.67,1.41,0,0,0,,,,,,44,11,6,27,25.0,5906386,2026-08-22,6350,Barrow,117,National League,2-2,D,https://www.fotmob.com/players/43231/simon-weaver,https://images.fotmob.com/image_resources/playerimages/43231.png,2026-08-23T04:30:39+00:00
39027,Vincent Kompany,1986-04-10,40,Belgium,BEL,male,active,190,9823,Bayern München,2024-07-01,,3,3,"8635, 8191, 9823","Anderlecht, Burnley, Bayern München","Anderlecht (2020-08-17 to 2022-05-25): 92 matches, 43 wins | Burnley (2022-06-14 to 2024-06-30): 96 matches, 41 wins | Bayern München (2024-07-01 to present): 111 matches, 84 wins",299,168,69,62,56.19,1.92,111,84,15,12,75.68,2.41,5,0,2,"9823, 8191","Bayern München, Burnley","209, 54, 8924, 48","DFB Pokal, Bundesliga, Super Cup, Championship","Bayern München - DFB Pokal: won [2025/2026]; runner-up [] | Bayern München - Bundesliga: won [2025/2026, 2024/2025]; runner-up [] | Bayern München - Super Cup: won [2025/2026]; runner-up [] | Burnley - Championship: won [2022/2023]; runner-up []",53,45,6,2,84.91,5801099,2026-08-22,9789,Borussia Dortmund,8924,Super Cup,1-2,W,https://www.fotmob.com/players/39027/vincent-kompany,https://images.fotmob.com/image_resources/playerimages/39027.png,2026-08-23T04:30:39+00:00
131509,Hans-Dieter Flick,1965-02-24,61,Germany,GER,male,active,,8634,Barcelona,2024-05-29,,3,3,"9823, 8570, 8634","Bayern München, Germany, Barcelona","Bayern München (2019-11-04 to 2021-06-30): 86 matches, 70 wins | Germany (2021-08-01 to 2023-09-10): 25 matches, 12 wins | Barcelona (2024-05-29 to present): 117 matches, 88 wins",228,170,25,33,74.56,2.35,117,88,10,19,75.21,2.34,13,1,2,"8634, 9823","Barcelona, Bayern München","87, 138, -1, 139, 209, 42, 54, 74, 8924, 78","LaLiga, Copa del Rey, Trofeo Joan Gamper, Supercopa de España, DFB Pokal, Champions League, Bundesliga, UEFA Super Cup, Super Cup, FIFA Club World Cup","Barcelona - LaLiga: won [2025/2026, 2024/2025]; runner-up [] | Barcelona - Copa del Rey: won [2024/2025]; runner-up [] | Barcelona - Trofeo Joan Gamper: won [2025]; runner-up [2024] | Barcelona - Supercopa de España: won [2025/2026, 2024/2025]; runner-up [] | Bayern München - DFB Pokal: won [2019/2020]; runner-up [] | Bayern München - Champions League: won [2019/2020]; runner-up [] | Bayern München - Bundesliga: won [2020/2021, 2019/2020]; runner-up [] | Bayern München - UEFA Super Cup: won [2020/2021]; runner-up [] | Bayern München - Super Cup: won [2020/2021]; runner-up [] | Bayern München - FIFA Club World Cup: won [2020 Qatar]; runner-up []",55,43,3,9,78.18,4837488,2026-05-23,10267,Valencia,87,LaLiga,3-1,L,https://www.fotmob.com/players/131509/hans-dieter-flick,https://images.fotmob.com/image_resources/playerimages/131509.png,2026-08-23T04:30:39+00:00
1135797,Rui Borges,1981-07-07,45,Portugal,POR,male,active,,9768,Sporting CP,2024-12-26,,8,8,"238630, 1786, 10215, 10214, 47535, 8348, 7844, 9768","SC Mirandela, Academico Viseu, Academica, Nacional, Mafra, Moreirense, Vitoria de Guimaraes, Sporting CP","SC Mirandela (2017-06-29 to 2019-06-30): 50 matches, 27 wins | Academico Viseu (2019-07-01 to 2020-06-30): 31 matches, 13 wins | Academica (2020-07-01 to 2021-09-22): 44 matches, 19 wins | Nacional (2021-09-23 to 2022-06-30): 30 matches, 13 wins | Mafra (2023-02-12 to 2023-06-30): 15 matches, 7 wins | Moreirense (2023-07-04 to 2024-05-27): 36 matches, 16 wins | Vitoria de Guimaraes (2024-05-28 to 2024-12-26): 30 matches, 18 wins | Sporting CP (2024-12-26 to present): 88 matches, 57 wins",324,170,78,76,52.47,1.81,88,57,19,12,64.77,2.16,2,2,1,9768,Sporting CP,"186, 61","Taça de Portugal, Liga Portugal",Sporting CP - Taça de Portugal: won [2024/2025]; runner-up [2025/2026] | Sporting CP - Liga Portugal: won [2024/2025]; runner-up [2025/2026],54,35,11,8,64.81,5887607,2026-08-22,9780,Alverca,61,Liga Portugal,3-1,W,https://www.fotmob.com/players/1135797/rui-borges,https://images.fotmob.com/image_resources/playerimages/1135797.png,2026-08-23T04:30:39+00:00
78719,José Mourinho,1963-01-26,63,Portugal,POR,male,active,,8633,Real Madrid,2026-06-11,,8,7,"8633, 8455, 10260, 8586, 8686, 8695, 9772","Real Madrid, Chelsea, Manchester United, Tottenham Hotspur, Roma, Fenerbahçe, Benfica","Real Madrid (2010-07-01 to 2013-06-09): 178 matches, 127 wins | Chelsea (2013-06-10 to 2015-12-17): 136 matches, 80 wins | Manchester United (2016-05-27 to 2018-12-18): 144 matches, 84 wins | Tottenham Hotspur (2019-11-20 to 2021-04-19): 86 matches, 45 wins | Roma (2021-07-01 to 2024-01-16): 138 matches, 68 wins | Fenerbahçe (2024-06-02 to 2025-08-29): 62 matches, 37 wins | Benfica (2025-09-18 to 2026-06-09): 45 matches, 27 wins | Real Madrid (2026-06-11 to present): 1 matches, 1 wins",790,469,157,164,59.37,1.98,1,1,0,0,100,3,26,10,6,"8686, 9773, 10260, 8455, 8633, 8636","Roma, FC Porto, Manchester United, Chelsea, Real Madrid, Inter","10216, 73, 42, 186, 188, 61, 133, 247, 132, 47, 87, 138, 139, 55, 222, 141","Conference League, Europa League, Champions League, Taça de Portugal, Super Cup, Liga Portugal, EFL Cup, Community Shield, FA Cup, Premier League, LaLiga, Copa del Rey, Supercopa de España, Serie A, Supercoppa, Coppa Italia","Roma - Conference League: won [2021/2022]; runner-up [] | FC Porto - Europa League: won [2002/2003]; runner-up [] | FC Porto - Champions League: won [2003/2004]; runner-up [] | FC Porto - Taça de Portugal: won [2002/2003]; runner-up [2003/2004] | FC Porto - Super Cup: won [2003/2004]; runner-up [] | FC Porto - Liga Portugal: won [2003/2004, 2002/2003]; runner-up [] | Manchester United - Europa League: won [2016/2017]; runner-up [] | Manchester United - EFL Cup: won [2016/2017]; runner-up [] | Manchester United - Community Shield: won [2016/2017]; runner-up [] | Chelsea - FA Cup: won [2006/2007]; runner-up [] | Chelsea - Premier League: won [2014/2015, 2005/2006, 2004/2005]; runner-up [2006/2007] | Chelsea - EFL Cup: won [2014/2015, 2006/2007, 2004/2005]; runner-up [] | Chelsea - Community Shield: won [2005/2006]; runner-up [2015/2016, 2007/2008, 2006/2007] | Real Madrid - LaLiga: won [2011/2012]; runner-up [2012/2013, 2010/2011] | Real Madrid - Copa del Rey: won [2010/2011]; runner-up [2012/2013] | Real Madrid - Supercopa de España: won [2012/2013]; runner-up [2011/2012] | Inter - Serie A: won [2009/2010, 2008/2009]; runner-up [] | Inter - Supercoppa: won [2008/2009]; runner-up [2009/2010] | Inter - Champions League: won [2009/2010]; runner-up [] | Inter - Coppa Italia: won [2009/2010]; runner-up []",6,2,2,2,33.33,5868025,2026-08-22,8558,Espanyol,87,LaLiga,1-2,W,https://www.fotmob.com/players/78719/jose-mourinho,https://images.fotmob.com/image_resources/playerimages/78719.png,2026-08-23T04:30:40+00:00
27692,Cristian Chivu,1980-10-26,45,Romania,ROU,male,active,184,8636,Inter,2025-06-09,,2,2,"10167, 8636","Parma, Inter","Parma (2025-02-18 to 2025-06-09): 13 matches, 3 wins | Inter (2025-06-09 to present): 59 matches, 39 wins",72,42,15,15,58.33,1.96,59,39,8,12,66.1,2.12,2,0,1,8636,Inter,"55, 141","Serie A, Coppa Italia",Inter - Serie A: won [2025/2026]; runner-up [] | Inter - Coppa Italia: won [2025/2026]; runner-up [],54,37,7,10,68.52,5749645,2026-08-22,6504,Monza,55,Serie A,4-1,W,https://www.fotmob.com/players/27692/cristian-chivu,https://images.fotmob.com/image_resources/playerimages/27692.png,2026-08-23T04:30:39+00:00
78584,Luciano Spalletti,1959-03-07,67,Italy,ITA,male,active,,9885,Juventus,2025-10-30,,6,6,"8698, 8686, 8636, 9875, 8204, 9885","Zenit St. Petersburg, Roma, Inter, Napoli, Italy, Juventus","Zenit St. Petersburg (2009-12-10 to 2014-03-11): 171 matches, 97 wins | Roma (2016-01-14 to 2017-05-30): 75 matches, 50 wins | Inter (2017-06-09 to 2019-05-30): 90 matches, 46 wins | Napoli (2021-05-29 to 2023-06-30): 96 matches, 62 wins | Italy (2023-09-01 to 2025-06-10): 24 matches, 12 wins | Juventus (2025-10-30 to present): 38 matches, 20 wins",494,287,110,97,58.1,1.97,38,20,11,7,52.63,1.87,7,4,3,"8698, 8686, 9875","Zenit St. Petersburg, Roma, Napoli","63, 193, 222, 141, 55","Premier League, Russian Cup, Supercoppa, Coppa Italia, Serie A","Zenit St. Petersburg - Premier League: won [2011/2012, 2010]; runner-up [2012/2013] | Zenit St. Petersburg - Russian Cup: won [2009/2010]; runner-up [] | Roma - Supercoppa: won [2007/2008]; runner-up [2008/2009, 2006/2007] | Roma - Coppa Italia: won [2007/2008, 2006/2007]; runner-up [2005/2006] | Napoli - Serie A: won [2022/2023]; runner-up []",38,20,11,7,52.63,4803416,2026-05-24,9804,Torino,55,Serie A,2-2,D,https://www.fotmob.com/players/78584/luciano-spalletti,https://images.fotmob.com/image_resources/playerimages/78584.png,2026-08-23T04:30:40+00:00
557567,Maurizio Sarri,1959-01-10,67,Italy,ITA,male,active,,8524,Atalanta,2026-06-15,,9,8,"6503, 88998, 8534, 9875, 8455, 9885, 8543, 8524","Alessandria, Sorrento, Empoli, Napoli, Chelsea, Juventus, Lazio, Atalanta","Alessandria (2010-07-07 to 2011-06-24): 36 matches, 16 wins | Sorrento (2011-07-06 to 2011-12-12): 18 matches, 8 wins | Empoli (2012-07-01 to 2015-06-04): 132 matches, 52 wins | Napoli (2015-06-11 to 2018-05-23): 148 matches, 98 wins | Chelsea (2018-07-14 to 2019-06-16): 63 matches, 40 wins | Juventus (2019-06-16 to 2020-08-08): 52 matches, 34 wins | Lazio (2021-06-09 to 2024-03-13): 137 matches, 65 wins | Lazio (2025-06-02 to 2026-05-27): 43 matches, 17 wins | Atalanta (2026-06-15 to present): 1 matches, 0 wins",630,330,151,149,52.38,1.81,1,0,1,0,0,1,2,0,2,"9885, 8455","Juventus, Chelsea","55, 73","Serie A, Europa League",Juventus - Serie A: won [2019/2020]; runner-up [] | Chelsea - Europa League: won [2018/2019]; runner-up [],42,14,16,12,33.33,5988065,2026-08-20,10181,Hapoel Tel Aviv,10615,Conference League Qualification,0-0,D,https://www.fotmob.com/players/557567/maurizio-sarri,https://images.fotmob.com/image_resources/playerimages/557567.png,2026-08-23T04:30:40+00:00
2642,Diego Simeone,1970-04-28,56,Argentina,ARG,male,active,,9906,Atletico Madrid,2011-12-23,,3,3,"8530, 10080, 9906","Catania, Racing Club, Atletico Madrid","Catania (2011-01-19 to 2011-05-31): 18 matches, 7 wins | Racing Club (2011-06-21 to 2011-12-20): 19 matches, 7 wins | Atletico Madrid (2011-12-23 to present): 801 matches, 471 wins",838,485,181,172,57.88,1.95,801,471,168,162,58.8,1.97,11,5,3,"9906, 10094, 10076","Atletico Madrid, Estudiantes, River Plate","87, 73, 9675, 74, 138, 139, 112","LaLiga, Europa League, Audi Cup, UEFA Super Cup, Copa del Rey, Supercopa de España, Liga Profesional","Atletico Madrid - LaLiga: won [2020/2021, 2013/2014]; runner-up [2018/2019, 2017/2018] | Atletico Madrid - Europa League: won [2017/2018, 2011/2012]; runner-up [] | Atletico Madrid - Audi Cup: won [2017]; runner-up [] | Atletico Madrid - UEFA Super Cup: won [2018/2019, 2012/2013]; runner-up [] | Atletico Madrid - Copa del Rey: won [2012/2013]; runner-up [2025/2026] | Atletico Madrid - Supercopa de España: won [2014/2015]; runner-up [2019/2020, 2013/2014] | Estudiantes - Liga Profesional: won [2006/2007 Apertura]; runner-up [] | River Plate - Liga Profesional: won [2007/2008 Clausura]; runner-up []",59,32,10,17,54.24,5868012,2026-08-19,9864,Malaga,87,LaLiga,2-0,W,https://www.fotmob.com/players/2642/diego-simeone,https://images.fotmob.com/image_resources/playerimages/2642.png,2026-08-23T04:30:40+00:00
96943,José Luis Mendilibar,1961-03-14,65,Spain,ESP,male,active,,8638,Olympiacos,2024-02-11,,6,6,"8371, 8581, 8372, 9866, 8302, 8638","Osasuna, Levante, Eibar, Deportivo Alaves, Sevilla, Olympiacos","Osasuna (2011-02-15 to 2013-09-03): 102 matches, 33 wins | Levante (2014-07-01 to 2014-10-21): 8 matches, 1 wins | Eibar (2015-07-01 to 2021-05-26): 248 matches, 76 wins | Deportivo Alaves (2021-12-28 to 2022-04-05): 12 matches, 1 wins | Sevilla (2023-03-22 to 2023-10-08): 28 matches, 11 wins | Olympiacos (2024-02-11 to present): 122 matches, 75 wins",520,197,134,189,37.88,1.39,122,75,27,20,61.48,2.07,7,1,3,"8638, 8302, 10281","Olympiacos, Sevilla, Real Valladolid","145, -1, 135, 10216, 73, 140","Greece Cup, Super Cup, Super League 1, Conference League, UEFA/CONMEBOL Club Challenge, Europa League, LaLiga2",Olympiacos - Greece Cup: won [2024/2025]; runner-up [] | Olympiacos - Super Cup: won [2025/2026]; runner-up [] | Olympiacos - Super League 1: won [2024/2025]; runner-up [2025/2026] | Olympiacos - Conference League: won [2023/2024]; runner-up [] | Sevilla - UEFA/CONMEBOL Club Challenge: won [2023]; runner-up [] | Sevilla - Europa League: won [2022/2023]; runner-up [] | Real Valladolid - LaLiga2: won [2006/2007]; runner-up [],50,27,13,10,54.0,5943228,2026-08-22,10187,Atromitos,135,Super League,1-0,W,https://www.fotmob.com/players/96943/jose-luis-mendilibar,https://images.fotmob.com/image_resources/playerimages/96943.png,2026-08-23T04:30:40+00:00
1515447,Carles Martínez,1984-05-18,42,Spain,ESP,male,active,,8178,Bayer Leverkusen,2026-07-01,,1,1,9941,Toulouse,"Toulouse (2023-06-15 to 2026-05-21): 121 matches, 44 wins",121,44,31,46,36.36,1.35,,,,,,,0,0,0,,,,,,36,12,10,14,33.33,4830760,2026-05-17,9830,Nantes,53,Ligue 1,0-0,D,https://www.fotmob.com/players/1515447/carles-martinez,https://images.fotmob.com/image_resources/playerimages/1515447.png,2026-08-23T04:30:40+00:00
33072,Niko Kovac,1971-10-15,54,Croatia,CRO,male,active,176,9789,Borussia Dortmund,2025-02-02,,7,7,"5848, 10155, 9810, 9823, 9829, 8721, 9789","Croatia U21, Croatia, Eintracht Frankfurt, Bayern München, Monaco, Wolfsburg, Borussia Dortmund","Croatia U21 (2013-01-22 to 2013-10-25): 4 matches, 4 wins | Croatia (2013-10-17 to 2015-09-07): 19 matches, 10 wins | Eintracht Frankfurt (2016-03-08 to 2018-06-30): 91 matches, 41 wins | Bayern München (2018-07-01 to 2019-11-03): 65 matches, 45 wins | Monaco (2020-07-19 to 2022-01-01): 74 matches, 43 wins | Wolfsburg (2022-07-01 to 2024-03-17): 66 matches, 23 wins | Borussia Dortmund (2025-02-02 to present): 72 matches, 43 wins",391,209,79,103,53.45,1.81,72,43,13,16,59.72,1.97,4,2,2,"9823, 9810","Bayern München, Eintracht Frankfurt","209, 54, 8924","DFB Pokal, Bundesliga, Super Cup",Bayern München - DFB Pokal: won [2018/2019]; runner-up [] | Bayern München - Bundesliga: won [2018/2019]; runner-up [] | Bayern München - Super Cup: won [2018/2019]; runner-up [2019/2020] | Eintracht Frankfurt - DFB Pokal: won [2017/2018]; runner-up [2016/2017],47,26,10,11,55.32,5801099,2026-08-22,9823,Bayern München,8924,Super Cup,1-2,L,https://www.fotmob.com/players/33072/niko-kovac,https://images.fotmob.com/image_resources/playerimages/33072.png,2026-08-23T04:30:40+00:00
30910,Ivan Leko,1978-02-07,48,Croatia,CRO,male,active,179,8342,Club Brugge,2025-12-08,,10,9,"1773, 9997, 8342, 102117, 9988, 198616, 10154, 9985, 9991","OH Leuven, St.Truiden, Club Brugge, Al-Ain, Royal Antwerp, Shanghai Port, Hajduk Split, Standard Liege, Gent","OH Leuven (2014-02-25 to 2014-11-28): 30 matches, 14 wins | St.Truiden (2016-07-01 to 2017-06-08): 44 matches, 17 wins | Club Brugge (2017-06-08 to 2019-06-03): 99 matches, 53 wins | Al-Ain (2019-07-01 to 2020-01-03): 13 matches, 7 wins | Royal Antwerp (2020-05-20 to 2020-12-31): 26 matches, 14 wins | Shanghai Port (2021-01-01 to 2022-12-01): 59 matches, 33 wins | Hajduk Split (2022-12-31 to 2023-10-23): 36 matches, 21 wins | Standard Liege (2024-01-04 to 2025-06-04): 62 matches, 14 wins | Gent (2025-06-04 to 2025-12-08): 19 matches, 8 wins | Club Brugge (2025-12-08 to present): 32 matches, 22 wins",420,203,92,125,48.33,1.67,32,22,3,7,68.75,2.16,5,2,3,"10154, 8342, 9988","Hajduk Split, Club Brugge, Royal Antwerp","275, 40, 266, 149","Croatian Cup, First Division A, Super Cup, Belgian Cup","Hajduk Split - Croatian Cup: won [2022/2023]; runner-up [] | Club Brugge - First Division A: won [2025/2026, 2017/2018]; runner-up [2018/2019] | Club Brugge - Super Cup: won [2018/2019]; runner-up [2026/2027] | Royal Antwerp - Belgian Cup: won [2019/2020]; runner-up []",35,22,6,7,62.86,5811723,2026-08-15,1773,OH Leuven,40,Belgian Pro League,0-3,W,https://www.fotmob.com/players/30910/ivan-leko,https://images.fotmob.com/image_resources/playerimages/30910.png,2026-08-23T04:30:40+00:00
39781,Okan Buruk,1973-10-19,52,Turkiye,TUR,male,active,169,8637,Galatasaray,2022-06-23,,9,9,"5933, 2388, 9749, 6265, 1925, 146396, 2166, 1933, 8637","Turkiye U19, Elazığspor, Gaziantepspor, Sivasspor, Göztepe, Akhisarspor, Rizespor, Başakşehir, Galatasaray","Turkiye U19 (2013-06-01 to 2013-08-31): 3 matches, 1 wins | Elazığspor (2013-10-28 to 2014-06-30): 34 matches, 13 wins | Gaziantepspor (2014-08-01 to 2015-06-10): 42 matches, 15 wins | Sivasspor (2015-10-27 to 2016-02-08): 11 matches, 2 wins | Göztepe (2016-08-01 to 2017-03-22): 33 matches, 15 wins | Akhisarspor (2017-03-23 to 2018-05-31): 54 matches, 24 wins | Rizespor (2018-09-24 to 2019-05-29): 32 matches, 11 wins | Başakşehir (2019-06-10 to 2021-01-29): 79 matches, 36 wins | Galatasaray (2022-06-23 to present): 207 matches, 147 wins",495,264,93,138,53.33,1.79,207,147,29,31,71.01,2.27,8,2,3,"1933, 8637, 146396","Başakşehir, Galatasaray, Akhisarspor","71, 166, 151","Süper Lig, Super Cup, Turkish Cup","Başakşehir - Süper Lig: won [2019/2020]; runner-up [] | Galatasaray - Süper Lig: won [2025/2026, 2024/2025, 2023/2024, 2022/2023]; runner-up [] | Galatasaray - Super Cup: won [2023/2024]; runner-up [2025/2026, 2024/2025] | Galatasaray - Turkish Cup: won [2024/2025]; runner-up [] | Akhisarspor - Turkish Cup: won [2017/2018]; runner-up []",49,29,7,13,59.18,5904721,2026-08-21,281467,Erzurumspor FK,71,Super Lig,0-4,W,https://www.fotmob.com/players/39781/okan-buruk,https://images.fotmob.com/image_resources/playerimages/39781.png,2026-08-23T04:30:40+00:00
11532,Luis Enrique,1970-05-08,56,Spain,ESP,male,active,,9847,Paris Saint-Germain,2023-07-05,,7,6,"161774, 8686, 9910, 8634, 6720, 9847","Barca Atletic, Roma, Celta Vigo, Barcelona, Spain, Paris Saint-Germain","Barca Atletic (2009-07-01 to 2011-06-09): 42 matches, 20 wins | Roma (2011-06-10 to 2012-06-30): 42 matches, 17 wins | Celta Vigo (2013-06-09 to 2014-05-19): 40 matches, 15 wins | Barcelona (2014-07-01 to 2017-05-31): 181 matches, 138 wins | Spain (2018-07-09 to 2019-06-19): 10 matches, 8 wins | Spain (2019-11-19 to 2022-12-08): 42 matches, 24 wins | Paris Saint-Germain (2023-07-05 to present): 176 matches, 123 wins",533,345,87,101,64.73,2.11,176,123,27,26,69.89,2.25,23,3,2,"9847, 8634","Paris Saint-Germain, Barcelona","207, 134, 42, 74, 10703, 53, 87, 138, 78, -1, 139","Trophée des Champions, Coupe de France, Champions League, UEFA Super Cup, FIFA Intercontinental Cup, Ligue 1, LaLiga, Copa del Rey, FIFA Club World Cup, Trofeo Joan Gamper, Supercopa de España","Paris Saint-Germain - Trophée des Champions: won [2025/2026, 2024/2025, 2023/2024]; runner-up [2026/2027] | Paris Saint-Germain - Coupe de France: won [2024/2025, 2023/2024]; runner-up [] | Paris Saint-Germain - Champions League: won [2025/2026, 2024/2025]; runner-up [] | Paris Saint-Germain - UEFA Super Cup: won [2026/2027, 2025/2026]; runner-up [] | Paris Saint-Germain - FIFA Intercontinental Cup: won [2025]; runner-up [] | Paris Saint-Germain - Ligue 1: won [2025/2026, 2024/2025, 2023/2024]; runner-up [] | Barcelona - LaLiga: won [2015/2016, 2014/2015]; runner-up [2016/2017] | Barcelona - Champions League: won [2014/2015]; runner-up [] | Barcelona - UEFA Super Cup: won [2015/2016]; runner-up [] | Barcelona - Copa del Rey: won [2016/2017, 2015/2016, 2014/2015]; runner-up [] | Barcelona - FIFA Club World Cup: won [2015 Japan]; runner-up [] | Barcelona - Trofeo Joan Gamper: won [2016]; runner-up [] | Barcelona - Supercopa de España: won [2016/2017]; runner-up [2015/2016]",55,34,11,10,61.82,5740646,2026-08-16,8588,Lens,207,Super Cup,1-0,L,https://www.fotmob.com/players/11532/luis-enrique,https://images.fotmob.com/image_resources/playerimages/11532.png,2026-08-23T04:30:40+00:00
164124,Marco Silva,1977-07-12,49,Portugal,POR,male,active,180,9772,Benfica,2026-06-12,,7,7,"7842, 9768, 8638, 8667, 9817, 8668, 9879","Estoril, Sporting CP, Olympiacos, Hull City, Watford, Everton, Fulham","Estoril (2012-07-01 to 2014-05-12): 83 matches, 36 wins | Sporting CP (2014-07-01 to 2015-07-05): 53 matches, 32 wins | Olympiacos (2015-07-07 to 2016-06-23): 45 matches, 36 wins | Hull City (2017-01-05 to 2017-05-25): 22 matches, 8 wins | Watford (2017-05-27 to 2018-01-21): 26 matches, 8 wins | Everton (2018-05-31 to 2019-12-05): 60 matches, 24 wins | Fulham (2021-07-01 to 2026-06-12): 229 matches, 104 wins",518,248,100,170,47.88,1.63,,,,,,,3,0,3,"9879, 8638, 9768","Fulham, Olympiacos, Sporting CP","48, 135, 186","Championship, Super League 1, Taça de Portugal",Fulham - Championship: won [2021/2022]; runner-up [] | Olympiacos - Super League 1: won [2015/2016]; runner-up [] | Sporting CP - Taça de Portugal: won [2014/2015]; runner-up [],51,23,9,19,45.1,5987965,2026-08-20,8071,AGF,10613,Europa League Qualification,3-1,W,https://www.fotmob.com/players/164124/marco-silva,https://images.fotmob.com/image_resources/playerimages/164124.png,2026-08-23T04:30:40+00:00
41167,Filipe Luís,1985-08-09,41,Brazil,BRA,male,active,182,9829,Monaco,2026-07-06,,2,2,"9770, 9829","Flamengo, Monaco","Flamengo (2024-10-01 to 2026-03-04): 108 matches, 64 wins | Monaco (2026-07-06 to present): 1 matches, 1 wins",109,65,25,19,59.63,2.02,1,1,0,0,100,3,6,1,2,"9770, 602497","Flamengo, Flamengo U20","45, 10272, 10077, 9067, 268, 11032","Copa Libertadores, Carioca, Supercopa do Brasil, Copa do Brasil, Série A, FIFA U20 Intercontinental Cup",Flamengo - Copa Libertadores: won [2025]; runner-up [] | Flamengo - Carioca: won [2025]; runner-up [] | Flamengo - Supercopa do Brasil: won [2025]; runner-up [2026] | Flamengo - Copa do Brasil: won [2024]; runner-up [] | Flamengo - Série A: won [2025]; runner-up [] | Flamengo U20 - FIFA U20 Intercontinental Cup: won [2024]; runner-up [],29,16,7,6,55.17,5988057,2026-08-20,8020,Górnik Zabrze,10615,Conference League Qualification,2-3,W,https://www.fotmob.com/players/41167/filipe-luis,https://images.fotmob.com/image_resources/playerimages/41167.png,2026-08-23T04:30:40+00:00
39581,Ricardo Sá Pinto,1972-10-10,53,Portugal,POR,male,active,,2137,Pafos FC,2026-04-28,,17,15,"9768, 8687, 7753, 10187, 177356, 9985, 8673, 10264, 10276, 4081, 8348, 101614, 8621, 102049, 2137","Sporting CP, FK Crvena Zvezda, OFI Crete, Atromitos, Al Fateh FC, Standard Liege, Legia Warszawa, Braga, Vasco da Gama, Gaziantep FK, Moreirense, Esteghlal, APOEL Nicosia, Raja Casablanca, Pafos FC","Sporting CP (2012-02-13 to 2012-10-05): 30 matches, 15 wins | FK Crvena Zvezda (2013-03-18 to 2013-06-19): 11 matches, 8 wins | OFI Crete (2013-10-15 to 2014-08-01): 33 matches, 15 wins | Atromitos (2014-09-24 to 2015-02-05): 17 matches, 5 wins | Al Fateh FC (2016-07-01 to 2017-02-04): 4 matches, 0 wins | Atromitos (2017-02-06 to 2017-06-11): 13 matches, 5 wins | Standard Liege (2017-06-11 to 2018-06-30): 46 matches, 22 wins | Legia Warszawa (2018-08-13 to 2019-04-01): 28 matches, 16 wins | Braga (2019-07-03 to 2019-12-23): 30 matches, 18 wins | Vasco da Gama (2020-10-14 to 2020-12-29): 16 matches, 3 wins | Gaziantep FK (2021-01-20 to 2021-05-18): 22 matches, 6 wins | Moreirense (2022-01-07 to 2022-06-30): 20 matches, 6 wins | Esteghlal (2022-07-01 to 2023-06-07): 36 matches, 23 wins | APOEL Nicosia (2023-06-08 to 2024-05-31): 43 matches, 27 wins | Raja Casablanca (2024-10-10 to 2024-12-25): 12 matches, 3 wins | Esteghlal (2025-06-23 to 2026-02-20): 30 matches, 12 wins | Pafos FC (2026-04-28 to present): 11 matches, 4 wins",402,188,97,117,46.77,1.64,11,4,3,4,36.36,1.36,4,1,4,"2137, 8621, 101614, 9985","Pafos FC, APOEL Nicosia, Esteghlal, Standard Liege","330, 136, 10288, 149","Cyprus Cup , 1. Division, Super Cup, Belgian Cup",Pafos FC - Cyprus Cup : won [2025/2026]; runner-up [] | APOEL Nicosia - 1. Division: won [2023/2024]; runner-up [] | Esteghlal - Super Cup: won [2022/2023]; runner-up [2025/2026] | Standard Liege - Belgian Cup: won [2017/2018]; runner-up [],5,1,2,2,20.0,5988069,2026-08-20,10027,FC Dinamo City,10615,Conference League Qualification,1-1,D,https://www.fotmob.com/players/39581/ricardo-sa-pinto,https://images.fotmob.com/image_resources/playerimages/39581.png,2026-08-23T04:30:40+00:00
630277,Kjetil Knutsen,1968-10-02,57,Norway,NOR,male,unknown,,8402,Bodø/Glimt,2017-11-17,,3,3,"300958, 10021, 8402","FK Fyllingsdalen, Åsane, Bodø/Glimt","FK Fyllingsdalen (2012-01-01 to 2015-01-01): 84 matches, 37 wins | Åsane (2015-05-10 to 2016-11-30): 59 matches, 18 wins | Bodø/Glimt (2017-11-17 to present): 387 matches, 235 wins",530,290,107,133,54.72,1.84,387,235,76,76,60.72,2.02,6,5,1,8402,Bodø/Glimt,"206, 203, 59","Norgesmesterskapet, OBOS-ligaen, Eliteserien","Bodø/Glimt - Norgesmesterskapet: won [2025/2026]; runner-up [2023, 2021/2022] | Bodø/Glimt - OBOS-ligaen: won [2017]; runner-up [] | Bodø/Glimt - Eliteserien: won [2024, 2023, 2021, 2020]; runner-up [2025, 2022, 2019]",49,33,8,8,67.35,5987804,2026-08-19,8464,NEC Nijmegen,10611,Champions League Qualification,1-3,W,https://www.fotmob.com/players/630277/kjetil-knutsen,https://images.fotmob.com/image_resources/playerimages/630277.png,2026-08-23T04:30:40+00:00
104411,David Hubert,1988-02-12,38,Belgium,BEL,male,active,183,7978,Union St.Gilloise,2025-10-13,,3,3,"8635, 1773, 7978","Anderlecht, OH Leuven, Union St.Gilloise","Anderlecht (2024-09-19 to 2025-03-20): 38 matches, 20 wins | OH Leuven (2025-06-16 to 2025-10-13): 10 matches, 2 wins | Union St.Gilloise (2025-10-13 to present): 47 matches, 27 wins",95,49,21,25,51.58,1.77,47,27,12,8,57.45,1.98,2,0,1,7978,Union St.Gilloise,"149, 266","Belgian Cup, Super Cup",Union St.Gilloise - Belgian Cup: won [2025/2026]; runner-up [] | Union St.Gilloise - Super Cup: won [2026/2027]; runner-up [],51,26,14,11,50.98,5811720,2026-08-15,10000,Zulte Waregem,40,Belgian Pro League,0-0,D,https://www.fotmob.com/players/104411/david-hubert,https://images.fotmob.com/image_resources/playerimages/104411.png,2026-08-23T04:30:41+00:00
1216045,Edin Terzic,1982-10-30,43,Germany,GER,male,active,,8315,Athletic Club,2026-07-01,,3,2,"9789, 8315","Borussia Dortmund, Athletic Club","Borussia Dortmund (2020-12-13 to 2021-06-30): 32 matches, 20 wins | Borussia Dortmund (2022-07-01 to 2024-07-18): 96 matches, 55 wins | Athletic Club (2026-07-01 to present): 1 matches, 0 wins",129,75,24,30,58.14,1.93,1,0,0,1,0,0,2,1,1,9789,Borussia Dortmund,"209, 8924","DFB Pokal, Super Cup",Borussia Dortmund - DFB Pokal: won [2020/2021]; runner-up [] | Borussia Dortmund - Super Cup: won [2019/2020]; runner-up [2020/2021],1,0,0,1,0.0,5868021,2026-08-22,8302,Sevilla,87,LaLiga,1-3,L,https://www.fotmob.com/players/1216045/edin-terzic,https://images.fotmob.com/image_resources/playerimages/1216045.png,2026-08-23T04:30:41+00:00
129745,Massimiliano Allegri,1967-08-11,59,Italy,ITA,male,active,,9875,Napoli,2026-07-03,,4,2,"8564, 9885","Milan, Juventus","Milan (2010-07-12 to 2014-01-13): 178 matches, 91 wins | Juventus (2014-07-16 to 2019-06-16): 271 matches, 191 wins | Juventus (2021-05-29 to 2024-05-17): 149 matches, 80 wins | Milan (2025-05-30 to 2026-05-25): 42 matches, 22 wins",640,384,134,122,60.0,2.01,,,,,,,14,6,2,"9885, 8564","Juventus, Milan","55, 222, 141","Serie A, Supercoppa, Coppa Italia","Juventus - Serie A: won [2018/2019, 2017/2018, 2016/2017, 2015/2016, 2014/2015]; runner-up [] | Juventus - Supercoppa: won [2018/2019, 2015/2016]; runner-up [2021/2022, 2017/2018, 2016/2017, 2014/2015] | Juventus - Coppa Italia: won [2023/2024, 2017/2018, 2016/2017, 2015/2016, 2014/2015]; runner-up [2021/2022] | Milan - Serie A: won [2010/2011]; runner-up [2011/2012] | Milan - Supercoppa: won [2011/2012]; runner-up []",8,5,1,2,62.5,5749644,2026-08-22,10233,Genoa,55,Serie A,0-2,W,https://www.fotmob.com/players/129745/massimiliano-allegri,https://images.fotmob.com/image_resources/playerimages/129745.png,2026-08-23T04:30:41+00:00
712734,Bruno Génésio,1966-09-01,59,France,FRA,male,active,,8592,Marseille,2026-07-01,,5,5,"9748, 4177, 9851, 8639, 8592","Lyon, Beijing Guoan, Rennes, Lille, Marseille","Lyon (2015-12-24 to 2019-05-27): 180 matches, 100 wins | Beijing Guoan (2019-07-31 to 2020-12-31): 34 matches, 21 wins | Rennes (2021-03-04 to 2023-11-19): 125 matches, 64 wins | Lille (2024-06-05 to 2026-06-01): 99 matches, 50 wins | Marseille (2026-07-01 to present): 1 matches, 1 wins",439,236,89,114,53.76,1.82,1,1,0,0,100,3,9,4,1,9748,Lyon,"207, 134, 53","Trophée des Champions, Coupe de France, Ligue 1","Lyon - Trophée des Champions: won [2012/2013, 2007/2008, 2006/2007, 2005/2006]; runner-up [2016/2017, 2008/2009] | Lyon - Coupe de France: won [2011/2012, 2007/2008]; runner-up [] | Lyon - Ligue 1: won [2007/2008, 2006/2007, 2005/2006]; runner-up [2015/2016, 2009/2010]",45,24,6,15,53.33,5802905,2026-08-21,9848,Strasbourg,53,Ligue 1,4-0,W,https://www.fotmob.com/players/712734/bruno-genesio,https://images.fotmob.com/image_resources/playerimages/712734.png,2026-08-23T04:30:41+00:00
243556,Peter Bosz,1963-11-21,62,Netherlands,NED,male,unknown,,8640,PSV Eindhoven,2023-06-12,,8,8,"9791, 8277, 7855, 8593, 9789, 8178, 9748, 8640","Heracles, Vitesse, Maccabi Tel Aviv, Ajax, Borussia Dortmund, Bayer Leverkusen, Lyon, PSV Eindhoven","Heracles (2010-07-01 to 2013-06-19): 116 matches, 44 wins | Vitesse (2013-06-19 to 2016-01-04): 103 matches, 46 wins | Maccabi Tel Aviv (2016-01-04 to 2016-06-18): 24 matches, 16 wins | Ajax (2016-06-27 to 2017-06-06): 56 matches, 36 wins | Borussia Dortmund (2017-06-06 to 2017-12-10): 24 matches, 8 wins | Bayer Leverkusen (2019-01-01 to 2021-03-23): 108 matches, 59 wins | Lyon (2021-05-30 to 2022-10-09): 59 matches, 27 wins | PSV Eindhoven (2023-06-12 to present): 150 matches, 103 wins",640,339,131,170,52.97,1.79,150,103,22,25,68.67,2.21,6,2,2,"8640, 9791","PSV Eindhoven, Heracles","237, 57, 111","Super Cup, Eredivisie, Eerste Divisie","PSV Eindhoven - Super Cup: won [2025/2026, 2023/2024]; runner-up [2026/2027, 2024/2025] | PSV Eindhoven - Eredivisie: won [2025/2026, 2024/2025, 2023/2024]; runner-up [] | Heracles - Eerste Divisie: won [2004/2005]; runner-up []",46,30,6,10,65.22,5781711,2026-08-15,10218,Excelsior,57,Eredivisie,1-2,W,https://www.fotmob.com/players/243556/peter-bosz,https://images.fotmob.com/image_resources/playerimages/243556.png,2026-08-23T04:30:41+00:00
27415,Bo Svensson,1979-08-04,47,Denmark,DEN,male,active,190,8391,FC København,2026-03-30,,4,4,"1915, 9905, 8149, 8391","FC Liefering, Mainz 05, Union Berlin, FC København","FC Liefering (2019-07-12 to 2021-01-04): 43 matches, 23 wins | Mainz 05 (2021-01-04 to 2023-11-02): 105 matches, 39 wins | Union Berlin (2024-07-01 to 2024-12-27): 17 matches, 5 wins | FC København (2026-03-30 to present): 18 matches, 14 wins",183,81,44,58,44.26,1.57,18,14,3,1,77.78,2.5,0,0,0,,,,,,18,14,3,1,77.78,5988058,2026-08-20,6550,FC Inter Turku,10615,Conference League Qualification,0-0,D,https://www.fotmob.com/players/27415/bo-svensson,https://images.fotmob.com/image_resources/playerimages/27415.png,2026-08-23T04:30:41+00:00
188060,Inigo Pérez,1988-01-18,38,Spain,ESP,male,active,178,10205,Villarreal,2026-06-01,,2,2,"8370, 10205","Rayo Vallecano, Villarreal","Rayo Vallecano (2024-02-14 to 2026-05-29): 113 matches, 44 wins | Villarreal (2026-06-01 to present): 1 matches, 0 wins",114,44,34,36,38.6,1.46,1,0,1,0,0,1,0,0,0,,,,,,53,20,16,17,37.74,5868017,2026-08-16,8696,Racing Santander,87,LaLiga,2-2,D,https://www.fotmob.com/players/188060/inigo-perez,https://images.fotmob.com/image_resources/playerimages/188060.png,2026-08-23T04:30:41+00:00
658511,Jindrich Trpisovsky,1976-02-27,50,Czechia,CZE,male,active,,7787,Slavia Prague,2018-01-01,,3,3,"6096, 10245, 7787","Zizkov, Slovan Liberec, Slavia Prague","Zizkov (2013-07-01 to 2015-06-22): 68 matches, 35 wins | Slovan Liberec (2015-06-23 to 2017-12-31): 107 matches, 55 wins | Slavia Prague (2018-01-01 to present): 431 matches, 281 wins",606,371,113,122,61.22,2.02,431,281,78,72,65.2,2.14,9,4,1,7787,Slavia Prague,"254, 122","Czech Cup, 1. Liga","Slavia Prague - Czech Cup: won [2022/2023, 2020/2021, 2018/2019, 2017/2018]; runner-up [] | Slavia Prague - 1. Liga: won [2025/2026, 2024/2025, 2020/2021, 2019/2020, 2018/2019]; runner-up [2023/2024, 2022/2023, 2021/2022, 2017/2018]",43,24,11,8,55.81,5831146,2026-08-22,1670,Bohemians 1905,122,1. Liga,2-2,D,https://www.fotmob.com/players/658511/jindrich-trpisovsky,https://images.fotmob.com/image_resources/playerimages/658511.png,2026-08-23T04:30:41+00:00
2763,Míchel,1975-10-30,50,Spain,ESP,male,active,174,8593,Ajax,2026-06-26,,4,4,"8370, 96925, 7732, 8593","Rayo Vallecano, SD Huesca, Girona, Ajax","Rayo Vallecano (2017-02-21 to 2019-03-18): 89 matches, 34 wins | SD Huesca (2019-06-01 to 2021-01-12): 64 matches, 24 wins | Girona (2021-07-09 to 2026-06-22): 221 matches, 91 wins | Ajax (2026-06-26 to present): 7 matches, 5 wins",381,154,88,139,40.42,1.44,7,5,2,0,71.43,2.43,2,0,2,"8370, 96925","Rayo Vallecano, SD Huesca",140,LaLiga2,Rayo Vallecano - LaLiga2: won [2017/2018]; runner-up [] | SD Huesca - LaLiga2: won [2019/2020]; runner-up [],44,14,16,14,31.82,5988070,2026-08-20,10179,Sion,10615,Conference League Qualification,2-4,W,https://www.fotmob.com/players/2763/michel,https://images.fotmob.com/image_resources/playerimages/2763.png,2026-08-23T04:30:41+00:00
7484,Adolf Hütter,1970-02-11,56,Austria,AUT,male,active,,9810,Eintracht Frankfurt,2026-07-01,,8,7,"10008, 7893, 10013, 10192, 9810, 9788, 9829","Altach, SV Grödig, Salzburg, Young Boys, Eintracht Frankfurt, Borussia Mönchengladbach, Monaco","Altach (2009-07-01 to 2012-04-06): 68 matches, 38 wins | SV Grödig (2012-06-01 to 2014-06-30): 75 matches, 39 wins | Salzburg (2014-07-01 to 2015-06-30): 54 matches, 35 wins | Young Boys (2015-09-07 to 2018-06-30): 133 matches, 78 wins | Eintracht Frankfurt (2018-07-01 to 2021-06-30): 141 matches, 67 wins | Borussia Mönchengladbach (2021-07-01 to 2022-06-30): 37 matches, 14 wins | Monaco (2023-07-04 to 2025-10-10): 93 matches, 49 wins | Eintracht Frankfurt (2026-07-01 to present): 1 matches, 1 wins",602,321,122,159,53.32,1.8,1,1,0,0,100,3,5,2,4,"9829, 10192, 10013, 7893","Monaco, Young Boys, Salzburg, SV Grödig","-1, 69, 38, 119","Trofeo Joan Gamper, Super League, Cup, Bundesliga, 2. Liga","Monaco - Trofeo Joan Gamper: won [2024]; runner-up [] | Young Boys - Super League: won [2017/2018]; runner-up [2016/2017, 2015/2016] | Salzburg - Cup: won [2014/2015]; runner-up [] | Salzburg - Bundesliga: won [2014/2015]; runner-up [] | SV Grödig - 2. Liga: won [2012/2013]; runner-up []",8,3,2,3,37.5,4830518,2025-10-05,9831,Nice,53,Ligue 1,2-2,D,https://www.fotmob.com/players/7484/adolf-hutter,https://images.fotmob.com/image_resources/playerimages/7484.png,2026-08-23T04:30:41+00:00
11754,Ruben Amorim,1985-01-27,41,Portugal,POR,male,active,180,8564,Milan,2026-06-16,,4,4,"338303, 10264, 9768, 10260","Braga B, Braga, Sporting CP, Manchester United","Braga B (2019-09-20 to 2019-12-30): 11 matches, 8 wins | Braga (2019-12-23 to 2020-03-04): 13 matches, 10 wins | Sporting CP (2020-03-05 to 2024-11-11): 231 matches, 165 wins | Manchester United (2024-11-11 to 2026-01-05): 63 matches, 25 wins",318,208,51,59,65.41,2.12,,,,,,,8,3,4,"10260, 212821, 9768, 10264","Manchester United, Casa Pia AC, Sporting CP, Braga","-1, 188, 61, 187","Premier League Summer Series, Campeonato de Portugal Prio, Super Cup, Liga Portugal, League Cup","Manchester United - Premier League Summer Series: won [2025]; runner-up [] | Casa Pia AC - Campeonato de Portugal Prio: won [2018/2019]; runner-up [] | Sporting CP - Super Cup: won [2021/2022]; runner-up [2024/2025] | Sporting CP - Liga Portugal: won [2023/2024, 2020/2021]; runner-up [2021/2022] | Sporting CP - League Cup: won [2021/2022, 2020/2021]; runner-up [2022/2023] | Braga - League Cup: won [2019/2020]; runner-up []",20,8,8,4,40.0,4813570,2026-01-04,8463,Leeds United,47,Premier League,1-1,D,https://www.fotmob.com/players/11754/ruben-amorim,https://images.fotmob.com/image_resources/playerimages/11754.png,2026-08-23T04:30:41+00:00
30613,Cesc Fàbregas,1987-05-04,39,Spain,ESP,male,active,180,10171,Como,2024-07-19,,2,1,10171,Como,"Como (2023-11-13 to 2023-12-24): 5 matches, 3 wins | Como (2024-07-19 to present): 83 matches, 37 wins",88,40,23,25,45.45,1.62,83,37,22,24,44.58,1.6,0,0,0,,,,,,41,20,13,8,48.78,5749648,2026-08-22,8600,Udinese,55,Serie A,1-1,D,https://www.fotmob.com/players/30613/cesc-fabregas,https://images.fotmob.com/image_resources/playerimages/30613.png,2026-08-23T04:30:41+00:00
853795,Domenico Tedesco,1985-09-12,40,Germany,GER,male,active,,9857,Bologna,2026-06-02,,6,6,"8319, 10189, 8643, 178475, 8263, 8695","Erzgebirge Aue, Schalke 04, Spartak Moscow, RB Leipzig, Belgium, Fenerbahçe","Erzgebirge Aue (2017-03-08 to 2017-06-09): 11 matches, 6 wins | Schalke 04 (2017-06-09 to 2019-03-14): 75 matches, 34 wins | Spartak Moscow (2019-10-14 to 2021-05-23): 54 matches, 27 wins | RB Leipzig (2021-12-09 to 2022-09-07): 38 matches, 21 wins | Belgium (2023-02-08 to 2025-01-17): 24 matches, 12 wins | Fenerbahçe (2025-09-09 to 2026-04-27): 45 matches, 26 wins",247,126,54,67,51.01,1.75,,,,,,,2,0,2,"8695, 178475","Fenerbahçe, RB Leipzig","166, 209","Super Cup, DFB Pokal",Fenerbahçe - Super Cup: won [2025/2026]; runner-up [] | RB Leipzig - DFB Pokal: won [2021/2022]; runner-up [],40,22,12,6,55.0,4842589,2026-04-26,8637,Galatasaray,71,Super Lig,3-0,L,https://www.fotmob.com/players/853795/domenico-tedesco,https://images.fotmob.com/image_resources/playerimages/853795.png,2026-08-23T04:30:42+00:00
41732,Fabio Pisacane,1986-01-28,40,Italy,ITA,male,active,178,8529,Cagliari,2025-06-11,,2,1,8529,Cagliari,"Cagliari (2022-12-25 to 2022-12-31): 1 matches, 1 wins | Cagliari (2025-06-11 to present): 43 matches, 15 wins",44,16,10,18,36.36,1.32,43,15,10,18,34.88,1.28,0,0,0,,,,,,41,13,11,17,31.71,5749646,2026-08-22,10167,Parma,55,Serie A,0-1,W,https://www.fotmob.com/players/41732/fabio-pisacane,https://images.fotmob.com/image_resources/playerimages/41732.png,2026-08-23T04:30:41+00:00
1188285,Massimiliano Alvini,1970-04-20,56,Italy,ITA,male,active,,9891,Frosinone,2025-07-02,,10,9,"474523, 8546, 9832, 6500, 8685, 7801, 9881, 6456, 9891","Tuttocuoio, Pistoiese, AlbinoLeffe, Reggiana, Perugia, Cremonese, Spezia, Cosenza, Frosinone","Tuttocuoio (2013-07-01 to 2015-06-12): 38 matches, 13 wins | Pistoiese (2015-06-12 to 2016-04-12): 30 matches, 6 wins | AlbinoLeffe (2016-08-11 to 2018-11-26): 93 matches, 28 wins | Reggiana (2019-07-14 to 2021-06-04): 69 matches, 26 wins | Perugia (2021-06-16 to 2022-06-01): 41 matches, 15 wins | Cremonese (2022-06-01 to 2023-01-15): 20 matches, 2 wins | Spezia (2023-07-01 to 2023-11-15): 15 matches, 2 wins | Cosenza (2024-06-20 to 2025-02-26): 35 matches, 6 wins | Cosenza (2025-03-30 to 2025-07-02): 35 matches, 6 wins | Frosinone (2025-07-02 to present): 41 matches, 25 wins",417,129,142,146,30.94,1.27,41,25,12,4,60.98,2.12,0,0,0,,,,,,39,23,12,4,58.97,4906360,2026-05-08,9889,Mantova,86,Serie B,5-0,W,https://www.fotmob.com/players/1188285/massimiliano-alvini,https://images.fotmob.com/image_resources/playerimages/1188285.png,2026-08-23T04:30:42+00:00
30682,Daniele De Rossi,1983-07-24,43,Italy,ITA,male,active,184,10233,Genoa,2025-11-06,,3,3,"8547, 8686, 10233","SPAL, Roma, Genoa","SPAL (2022-10-11 to 2023-02-14): 17 matches, 3 wins | Roma (2024-01-16 to 2024-09-18): 30 matches, 14 wins | Genoa (2025-11-06 to present): 30 matches, 10 wins",77,27,23,27,35.06,1.35,30,10,8,12,33.33,1.27,0,0,0,,,,,,30,9,8,13,30.0,5749644,2026-08-22,9875,Napoli,55,Serie A,0-2,L,https://www.fotmob.com/players/30682/daniele-de-rossi,https://images.fotmob.com/image_resources/playerimages/30682.png,2026-08-23T04:30:42+00:00
30721,Gennaro Gattuso,1978-01-09,48,Italy,ITA,male,active,177,8543,Lazio,2026-06-23,,11,10,"8540, 7753, 6479, 8564, 9875, 10267, 8592, 10154, 8204, 8543","Palermo, OFI Crete, Pisa, Milan, Napoli, Valencia, Marseille, Hajduk Split, Italy, Lazio","Palermo (2013-06-19 to 2013-09-25): 8 matches, 3 wins | OFI Crete (2014-07-01 to 2015-01-07): 16 matches, 5 wins | Pisa (2015-08-20 to 2016-07-31): 40 matches, 20 wins | Pisa (2016-09-02 to 2017-05-26): 43 matches, 6 wins | Milan (2017-11-27 to 2019-05-28): 83 matches, 41 wins | Napoli (2019-12-11 to 2021-05-24): 81 matches, 47 wins | Valencia (2022-06-04 to 2023-01-30): 22 matches, 7 wins | Marseille (2023-09-27 to 2024-02-20): 24 matches, 9 wins | Hajduk Split (2024-06-12 to 2025-06-05): 42 matches, 19 wins | Italy (2025-06-15 to 2026-04-03): 8 matches, 6 wins | Lazio (2026-06-23 to present): 1 matches, 0 wins",368,163,99,106,44.29,1.6,1,0,0,1,0,0,1,0,1,9875,Napoli,141,Coppa Italia,Napoli - Coppa Italia: won [2019/2020]; runner-up [],8,6,1,1,75.0,5067299,2026-03-31,10106,Bosnia and Herzegovina,10195,World Cup Qualification UEFA 2nd Round,1-1,D,https://www.fotmob.com/players/30721/gennaro-gattuso,https://images.fotmob.com/image_resources/playerimages/30721.png,2026-08-23T04:30:42+00:00
34320,Fabio Grosso,1977-11-28,48,Italy,ITA,male,active,190,8535,Fiorentina,2026-06-08,,8,8,"9976, 9876, 9858, 10179, 9891, 9748, 7943, 8535","Bari, Hellas Verona, Brescia, Sion, Frosinone, Lyon, Sassuolo, Fiorentina","Bari (2017-06-13 to 2018-06-18): 46 matches, 20 wins | Hellas Verona (2018-06-21 to 2019-05-02): 36 matches, 13 wins | Brescia (2019-11-05 to 2019-12-03): 3 matches, 0 wins | Sion (2020-08-25 to 2021-03-06): 25 matches, 5 wins | Frosinone (2021-03-23 to 2023-06-30): 86 matches, 42 wins | Lyon (2023-07-01 to 2023-11-30): 12 matches, 1 wins | Sassuolo (2024-06-03 to 2026-06-04): 81 matches, 42 wins | Fiorentina (2026-06-08 to present): 1 matches, 1 wins",290,124,79,87,42.76,1.56,1,1,0,0,100,3,3,0,3,"394206, 7943, 9891","Juventus U19, Sassuolo, Frosinone","-1, 86","Youth Viareggio Cup, Serie B",Juventus U19 - Youth Viareggio Cup: won [2016]; runner-up [] | Sassuolo - Serie B: won [2024/2025]; runner-up [] | Frosinone - Serie B: won [2022/2023]; runner-up [],38,14,6,18,36.84,4803415,2026-05-24,10167,Parma,55,Serie A,1-0,L,https://www.fotmob.com/players/34320/fabio-grosso,https://images.fotmob.com/image_resources/playerimages/34320.png,2026-08-23T04:30:42+00:00
41757,Ivan Juric,1975-08-25,50,Croatia,CRO,male,active,175,6504,Monza,2026-07-01,,11,9,"9889, 9884, 10233, 9876, 9804, 8686, 8466, 8524, 6504","Mantova, Crotone, Genoa, Hellas Verona, Torino, Roma, Southampton, Atalanta, Monza","Mantova (2014-07-01 to 2015-06-09): 38 matches, 14 wins | Crotone (2015-06-09 to 2016-06-28): 45 matches, 25 wins | Genoa (2016-06-28 to 2017-02-20): 35 matches, 10 wins | Genoa (2017-04-10 to 2017-11-05): 48 matches, 12 wins | Genoa (2018-10-09 to 2018-12-07): 8 matches, 0 wins | Hellas Verona (2019-06-14 to 2021-05-28): 79 matches, 24 wins | Torino (2021-07-01 to 2024-06-30): 122 matches, 45 wins | Roma (2024-09-18 to 2024-11-11): 12 matches, 4 wins | Southampton (2024-12-23 to 2025-04-07): 16 matches, 2 wins | Atalanta (2025-07-01 to 2025-11-10): 15 matches, 4 wins | Monza (2026-07-01 to present): 2 matches, 1 wins",420,141,115,164,33.57,1.28,2,1,0,1,50,1.5,0,0,0,,,,,,3,1,1,1,33.33,5749645,2026-08-22,8636,Inter,55,Serie A,4-1,L,https://www.fotmob.com/players/41757/ivan-juric,https://images.fotmob.com/image_resources/playerimages/41757.png,2026-08-23T04:30:42+00:00
5615,Eusebio Di Francesco,1969-09-08,56,Italy,ITA,male,active,,9888,Lecce,2025-06-26,,11,9,"9878, 9888, 7943, 8686, 9882, 8529, 9876, 9891, 7881","Pescara, Lecce, Sassuolo, Roma, Sampdoria, Cagliari, Hellas Verona, Frosinone, Venezia","Pescara (2010-01-12 to 2011-06-22): 43 matches, 14 wins | Lecce (2011-06-24 to 2011-12-05): 14 matches, 2 wins | Sassuolo (2012-06-19 to 2014-01-28): 79 matches, 36 wins | Sassuolo (2014-03-03 to 2017-06-13): 165 matches, 57 wins | Roma (2017-06-13 to 2019-03-07): 87 matches, 46 wins | Sampdoria (2019-06-22 to 2019-10-07): 8 matches, 2 wins | Cagliari (2020-08-03 to 2021-02-22): 26 matches, 5 wins | Hellas Verona (2021-06-07 to 2021-09-14): 4 matches, 1 wins | Frosinone (2023-07-01 to 2024-06-26): 42 matches, 11 wins | Venezia (2024-06-26 to 2025-06-26): 39 matches, 5 wins | Lecce (2025-06-26 to present): 41 matches, 11 wins",548,190,131,227,34.67,1.28,41,11,8,22,26.83,1,0,0,0,,,,,,38,10,7,21,26.32,4803412,2026-05-24,10233,Genoa,55,Serie A,1-0,W,https://www.fotmob.com/players/5615/eusebio-di-francesco,https://images.fotmob.com/image_resources/playerimages/5615.png,2026-08-23T04:30:42+00:00
96945,Gian Piero Gasperini,1958-01-26,68,Italy,ITA,male,active,,8686,Roma,2025-06-06,,7,5,"10233, 8636, 8540, 8524, 8686","Genoa, Inter, Palermo, Atalanta, Roma","Genoa (2006-07-10 to 2010-11-08): 11 matches, 4 wins | Inter (2011-06-24 to 2011-09-21): 5 matches, 0 wins | Palermo (2012-09-16 to 2013-02-04): 23 matches, 3 wins | Palermo (2013-02-24 to 2013-03-11): 23 matches, 3 wins | Genoa (2013-09-29 to 2016-06-14): 111 matches, 40 wins | Atalanta (2016-06-14 to 2025-06-01): 439 matches, 228 wins | Roma (2025-06-06 to present): 49 matches, 28 wins",661,306,154,201,46.29,1.62,49,28,6,15,57.14,1.84,1,0,1,8524,Atalanta,73,Europa League,Atalanta - Europa League: won [2023/2024]; runner-up [],48,28,6,14,58.33,4803417,2026-05-24,9876,Hellas Verona,55,Serie A,0-2,W,https://www.fotmob.com/players/96945/gian-piero-gasperini,https://images.fotmob.com/image_resources/playerimages/96945.png,2026-08-23T04:30:42+00:00
1776681,Carlos Cuesta,1995-07-29,31,Spain,ESP,male,active,,10167,Parma,2025-07-01,,1,1,10167,Parma,"Parma (2025-07-01 to present): 43 matches, 14 wins",43,14,12,17,32.56,1.26,43,14,12,17,32.56,1.26,0,0,0,,,,,,41,11,13,17,26.83,5749646,2026-08-22,8529,Cagliari,55,Serie A,0-1,L,https://www.fotmob.com/players/1776681/carlos-cuesta,https://images.fotmob.com/image_resources/playerimages/1776681.png,2026-08-23T04:30:42+00:00
39555,Ignazio Abate,1986-11-12,39,Italy,ITA,male,active,180,9804,Torino,2026-07-01,,4,4,"1291621, 6457, 6106, 9804","AC Milan U19, Ternana, Juve Stabia, Torino","AC Milan U19 (2022-07-01 to 2024-06-21): 19 matches, 13 wins | Ternana (2024-06-21 to 2025-04-01): 34 matches, 21 wins | Juve Stabia (2025-06-18 to 2026-06-12): 42 matches, 12 wins | Torino (2026-07-01 to present): 1 matches, 1 wins",96,47,30,19,48.96,1.78,1,1,0,0,100,3,0,0,0,,,,,,41,12,19,10,29.27,5499005,2026-05-19,6504,Monza,86,Serie B Promotion Playoff,2-1,L,https://www.fotmob.com/players/39555/ignazio-abate,https://images.fotmob.com/image_resources/playerimages/39555.png,2026-08-23T04:30:42+00:00
27694,Alberto Aquilani,1984-07-07,42,Italy,ITA,male,active,186,7943,Sassuolo,2026-06-12,,3,3,"6479, 10168, 7943","Pisa, Catanzaro, Sassuolo","Pisa (2023-07-01 to 2024-06-30): 39 matches, 11 wins | Catanzaro (2025-06-18 to 2026-06-11): 44 matches, 18 wins | Sassuolo (2026-06-12 to present): 1 matches, 1 wins",84,30,27,27,35.71,1.39,1,1,0,0,100,3,0,0,0,,,,,,43,18,14,11,41.86,5657236,2026-05-29,6504,Monza,86,Serie B Promotion Playoff,0-2,W,https://www.fotmob.com/players/27694/alberto-aquilani,https://images.fotmob.com/image_resources/playerimages/27694.png,2026-08-23T04:30:42+00:00
358129,Giovanni Stroppa,1968-01-24,58,Italy,ITA,male,active,,7881,Venezia,2025-06-26,,11,8,"189475, 9878, 9881, 6466, 9884, 6504, 7801, 7881","Südtirol, Pescara, Spezia, Foggia, Crotone, Monza, Cremonese, Venezia","Südtirol (2011-07-13 to 2012-06-30): 34 matches, 11 wins | Pescara (2012-07-01 to 2012-11-19): 14 matches, 4 wins | Spezia (2013-07-01 to 2013-12-15): 21 matches, 9 wins | Südtirol (2015-04-20 to 2016-06-30): 39 matches, 12 wins | Foggia (2016-08-14 to 2018-06-20): 84 matches, 44 wins | Crotone (2018-06-20 to 2018-10-29): 30 matches, 13 wins | Crotone (2018-12-28 to 2021-03-01): 95 matches, 37 wins | Monza (2021-07-01 to 2022-09-13): 50 matches, 24 wins | Cremonese (2023-09-19 to 2024-10-08): 74 matches, 35 wins | Cremonese (2024-11-11 to 2025-06-26): 39 matches, 17 wins | Venezia (2025-06-26 to present): 42 matches, 27 wins",522,233,137,152,44.64,1.6,42,27,10,5,64.29,2.17,1,0,1,7881,Venezia,86,Serie B,Venezia - Serie B: won [2025/2026]; runner-up [],40,24,11,5,60.0,4906365,2026-05-08,8540,Palermo,86,Serie B,2-0,W,https://www.fotmob.com/players/358129/giovanni-stroppa,https://images.fotmob.com/image_resources/playerimages/358129.png,2026-08-23T04:30:43+00:00
812065,Kosta Runjaic,1971-06-04,55,Germany,GER,male,active,,8600,Udinese,2024-06-14,,7,7,"8262, 8293, 8350, 9753, 8023, 8673, 8600","Darmstadt, MSV Duisburg, Kaiserslautern, 1860 München, Pogoń Szczecin, Legia Warszawa, Udinese","Darmstadt (2010-03-24 to 2012-09-02): 75 matches, 31 wins | MSV Duisburg (2012-09-03 to 2013-06-30): 31 matches, 11 wins | Kaiserslautern (2013-09-16 to 2015-09-23): 77 matches, 34 wins | 1860 München (2016-06-07 to 2016-11-22): 15 matches, 5 wins | Pogoń Szczecin (2017-11-06 to 2022-06-04): 169 matches, 74 wins | Legia Warszawa (2022-05-23 to 2024-04-09): 84 matches, 46 wins | Udinese (2024-06-14 to present): 83 matches, 31 wins",534,232,145,157,43.45,1.57,83,31,16,36,37.35,1.31,2,0,1,8673,Legia Warszawa,"200, -1","Superpuchar Polski, Cup",Legia Warszawa - Superpuchar Polski: won [2023/2024]; runner-up [] | Legia Warszawa - Cup: won [2022/2023]; runner-up [],41,15,9,17,36.59,5749648,2026-08-22,10171,Como,55,Serie A,1-1,D,https://www.fotmob.com/players/812065/kosta-runjaic,https://images.fotmob.com/image_resources/playerimages/812065.png,2026-08-23T04:30:43+00:00
78725,Quique Sánchez Flores,1965-02-02,61,Spain,ESP,male,active,,9866,Deportivo Alaves,2026-03-03,,11,9,"9906, 102119, 102117, 8305, 9817, 8558, 6628, 8302, 9866","Atletico Madrid, Shabab Al-Ahli Dubai FC, Al-Ain, Getafe, Watford, Espanyol, Shanghai Shenhua, Sevilla, Deportivo Alaves","Atletico Madrid (2009-10-23 to 2011-05-31): 51 matches, 22 wins | Shabab Al-Ahli Dubai FC (2011-11-08 to 2013-07-06): 45 matches, 24 wins | Al-Ain (2013-09-28 to 2014-03-08): 17 matches, 7 wins | Getafe (2015-01-05 to 2015-02-26): 11 matches, 4 wins | Watford (2015-06-05 to 2016-05-16): 44 matches, 16 wins | Espanyol (2016-06-09 to 2018-04-20): 79 matches, 26 wins | Shanghai Shenhua (2018-12-25 to 2019-07-03): 17 matches, 5 wins | Watford (2019-09-07 to 2019-12-01): 12 matches, 2 wins | Getafe (2021-10-06 to 2023-04-27): 66 matches, 18 wins | Sevilla (2023-12-18 to 2024-06-02): 25 matches, 10 wins | Deportivo Alaves (2026-03-03 to present): 14 matches, 5 wins",381,139,102,140,36.48,1.36,14,5,5,4,35.71,1.43,6,1,4,"8558, 102119, 9906, 9772","Espanyol, Shabab Al-Ahli Dubai FC, Atletico Madrid, Benfica","-1, 11027, 73, 74, 187","Supercopa de Catalunya, Presidents Cup, League Cup, Europa League, UEFA Super Cup",Espanyol - Supercopa de Catalunya: won [2016]; runner-up [2018] | Shabab Al-Ahli Dubai FC - Presidents Cup: won [2012/2013]; runner-up [] | Shabab Al-Ahli Dubai FC - League Cup: won [2011/2012]; runner-up [] | Atletico Madrid - Europa League: won [2009/2010]; runner-up [] | Atletico Madrid - UEFA Super Cup: won [2010/2011]; runner-up [] | Benfica - League Cup: won [2008/2009]; runner-up [],14,5,5,4,35.71,5868029,2026-08-20,8370,Rayo Vallecano,87,LaLiga,1-1,D,https://www.fotmob.com/players/78725/quique-sanchez-flores,https://images.fotmob.com/image_resources/playerimages/78725.png,2026-08-23T04:30:43+00:00
33832,Antonio Hidalgo,1979-02-08,47,Spain,ESP,male,active,183,9783,Deportivo A Coruña,2025-07-01,,4,4,"4033, 91431, 96925, 9783","Sabadell, Sevilla Atletico, SD Huesca, Deportivo A Coruña","Sabadell (2019-04-02 to 2021-11-21): 95 matches, 35 wins | Sevilla Atletico (2022-10-20 to 2023-10-11): 33 matches, 16 wins | SD Huesca (2023-10-11 to 2025-06-30): 80 matches, 32 wins | Deportivo A Coruña (2025-07-01 to present): 47 matches, 25 wins",255,108,66,81,42.35,1.53,47,25,12,10,53.19,1.85,1,0,1,7797,AEK Larnaca,521,Super Cup,AEK Larnaca - Super Cup: won [2018/2019]; runner-up [],42,20,12,10,47.62,5868014,2026-08-17,10268,Elche,87,LaLiga,1-1,D,https://www.fotmob.com/players/33832/antonio-hidalgo,https://images.fotmob.com/image_resources/playerimages/33832.png,2026-08-23T04:30:43+00:00
1327712,Martín Anselmi,1985-07-11,41,Argentina,ARG,male,active,,10268,Elche,2026-06-13,,6,6,"192435, 192875, 6578, 9773, 8517, 10268","Union La Calera, Independiente del Valle, Cruz Azul, FC Porto, Botafogo RJ, Elche","Union La Calera (2022-01-07 to 2022-04-26): 15 matches, 3 wins | Independiente del Valle (2022-06-01 to 2023-12-19): 74 matches, 45 wins | Cruz Azul (2023-12-21 to 2025-01-27): 50 matches, 28 wins | FC Porto (2025-01-27 to 2025-06-30): 21 matches, 10 wins | Botafogo RJ (2025-12-22 to 2026-03-22): 20 matches, 8 wins | Elche (2026-06-13 to present): 1 matches, 0 wins",181,94,38,49,51.93,1.77,1,0,1,0,0,1,4,0,1,192875,Independiente del Valle,"299, 491, 11035, 10046","Copa Sudamericana, Recopa Sudamericana, Supercopa de Ecuador, Copa Ecuador",Independiente del Valle - Copa Sudamericana: won [2022]; runner-up [] | Independiente del Valle - Recopa Sudamericana: won [2023]; runner-up [] | Independiente del Valle - Supercopa de Ecuador: won [2023]; runner-up [] | Independiente del Valle - Copa Ecuador: won [2022]; runner-up [],1,0,1,0,0.0,5868014,2026-08-17,9783,Deportivo A Coruña,87,LaLiga,1-1,D,https://www.fotmob.com/players/1327712/martin-anselmi,https://images.fotmob.com/image_resources/playerimages/1327712.png,2026-08-23T04:30:43+00:00
1622868,Manolo González,1979-01-14,47,Spain,ESP,male,active,,8558,Espanyol,2024-03-13,,6,5,"2241, 209199, 8210, 177226, 8558","Badalona, Ebro, Pena Dep. Santa Eulalia, Espanyol B, Espanyol","Badalona (2014-07-01 to 2018-05-30): 153 matches, 54 wins | Ebro (2018-06-01 to 2019-05-22): 43 matches, 15 wins | Badalona (2019-10-07 to 2021-05-31): 50 matches, 15 wins | Pena Dep. Santa Eulalia (2021-06-07 to 2023-06-30): 73 matches, 34 wins | Espanyol B (2023-07-01 to 2024-03-12): 26 matches, 10 wins | Espanyol (2024-03-13 to present): 98 matches, 32 wins",443,160,145,138,36.12,1.41,98,32,28,38,32.65,1.27,0,0,0,,,,,,39,12,10,17,30.77,5868025,2026-08-22,8633,Real Madrid,87,LaLiga,1-2,L,https://www.fotmob.com/players/1622868/manolo-gonzalez,https://images.fotmob.com/image_resources/playerimages/1622868.png,2026-08-23T04:30:43+00:00
862633,José Bordalás,1964-03-05,62,Spain,ESP,male,active,,8305,Getafe,2023-04-29,,7,5,"10268, 161750, 9866, 8305, 10267","Elche, Alcorcon, Deportivo Alaves, Getafe, Valencia","Elche (2009-10-01 to 2012-04-09): 82 matches, 35 wins | Alcorcon (2012-07-01 to 2013-06-19): 46 matches, 22 wins | Alcorcon (2014-02-05 to 2015-06-08): 61 matches, 21 wins | Deportivo Alaves (2015-07-01 to 2016-06-22): 44 matches, 22 wins | Getafe (2016-09-27 to 2021-05-26): 212 matches, 83 wins | Valencia (2021-07-01 to 2022-06-03): 46 matches, 17 wins | Getafe (2023-04-29 to present): 135 matches, 49 wins",626,249,169,208,39.78,1.46,135,49,30,56,36.3,1.31,0,0,0,,,,,,36,13,6,17,36.11,5988073,2026-08-20,7998,Partizan Beograd,10615,Conference League Qualification,3-1,W,https://www.fotmob.com/players/862633/jose-bordalas,https://images.fotmob.com/image_resources/playerimages/862633.png,2026-08-23T04:30:43+00:00
1856996,Juan Funes,1983-06-26,43,Spain,ESP,male,active,,9864,Malaga,,,1,1,9864,Malaga,"Malaga ( to present):  matches,  wins",0,0,0,0,,,,,,,,,0,0,0,,,,,,33,19,9,5,57.58,5868012,2026-08-19,9906,Atletico Madrid,87,LaLiga,2-0,L,https://www.fotmob.com/players/1856996/juan-funes,https://images.fotmob.com/image_resources/playerimages/1856996.png,2026-08-23T04:30:43+00:00
11549,Luis Ramis,1970-07-25,56,Spain,ESP,male,active,,8371,Osasuna,2026-06-10,,6,6,"8367, 9865, 8393, 9867, 8558, 7876","Real Madrid Castilla, Almeria, Albacete, Tenerife, Espanyol, Burgos CF","Real Madrid Castilla (2016-01-04 to 2016-06-21): 23 matches, 14 wins | Almeria (2017-03-14 to 2017-11-12): 28 matches, 10 wins | Albacete (2018-06-26 to 2020-02-03): 72 matches, 29 wins | Tenerife (2020-11-24 to 2023-06-30): 124 matches, 50 wins | Espanyol (2023-11-06 to 2024-03-12): 18 matches, 7 wins | Burgos CF (2024-10-31 to 2026-06-10): 77 matches, 34 wins",342,144,84,114,42.11,1.51,,,,,,,0,0,0,,,,,,42,19,12,11,45.24,4837957,2026-05-31,494050,FC Andorra,140,LaLiga2,1-0,W,https://www.fotmob.com/players/11549/luis-ramis,https://images.fotmob.com/image_resources/playerimages/11549.png,2026-08-23T04:30:43+00:00
1085380,Luís Castro,1980-05-07,46,Portugal,POR,male,active,,8581,Levante,2025-12-21,,5,5,"162386, 597674, 47214, 9830, 8581","Panetolikos, Benfica U19, Dunkerque, Nantes, Levante","Panetolikos (2019-05-30 to 2019-10-11): 6 matches, 0 wins | Benfica U19 (2019-12-01 to 2022-09-05): 15 matches, 13 wins | Dunkerque (2023-09-27 to 2025-06-16): 78 matches, 38 wins | Nantes (2025-06-16 to 2025-12-11): 15 matches, 2 wins | Levante (2025-12-21 to present): 23 matches, 9 wins",137,62,23,52,45.26,1.53,23,9,5,9,39.13,1.39,3,1,1,597674,Benfica U19,"-1, 9741, 11032","Júniores U19, UEFA Youth League, FIFA U20 Intercontinental Cup",Benfica U19 - Júniores U19: won [2021/2022]; runner-up [] | Benfica U19 - UEFA Youth League: won [2021/2022]; runner-up [2019/2020] | Benfica U19 - FIFA U20 Intercontinental Cup: won [2022]; runner-up [],36,10,10,16,27.78,5868015,2026-08-16,8558,Espanyol,87,LaLiga,3-0,L,https://www.fotmob.com/players/1085380/luis-castro,https://images.fotmob.com/image_resources/playerimages/1085380.png,2026-08-23T04:30:43+00:00
1073489,Beñat San José,1979-09-24,46,Spain,ESP,male,active,,8370,Rayo Vallecano,2026-06-18,,11,10,"8577, 6201, 5983, 6458, 102123, 6351, 1170234, 6577, 8372, 8370","Al Ittihad, Antofagasta, Bolivar, Universidad Catolica, Al-Nasr SC, Eupen, Mazatlan FC, Atlas, Eibar, Rayo Vallecano","Al Ittihad (2013-02-25 to 2013-12-09): 18 matches, 6 wins | Antofagasta (2015-09-25 to 2016-06-30): 26 matches, 8 wins | Bolivar (2016-07-01 to 2017-12-20): 75 matches, 46 wins | Universidad Catolica (2018-01-01 to 2018-12-10): 32 matches, 18 wins | Al-Nasr SC (2018-12-16 to 2019-06-23): 15 matches, 6 wins | Eupen (2019-06-24 to 2021-06-30): 69 matches, 22 wins | Mazatlan FC (2021-06-18 to 2022-03-17): 26 matches, 7 wins | Bolivar (2022-11-13 to 2023-12-07): 41 matches, 22 wins | Atlas (2023-12-07 to 2024-12-09): 39 matches, 10 wins | Eibar (2025-02-17 to 2026-06-18): 60 matches, 27 wins | Rayo Vallecano (2026-06-18 to present): 2 matches, 0 wins",403,172,97,134,42.68,1.52,2,0,1,1,0,0.5,4,2,3,"6458, 5983, 8577","Universidad Catolica, Bolivar, Al Ittihad","273, 144, 9942","Primera División, King's Cup","Universidad Catolica - Primera División: won [2018]; runner-up [] | Bolivar - Primera División: won [2016/2017 Apertura Adecuación, 2016/2017 Clausura]; runner-up [2023, 2016/2017 Apertura] | Al Ittihad - King's Cup: won [2013]; runner-up []",43,19,10,14,44.19,5868029,2026-08-20,9866,Deportivo Alaves,87,LaLiga,1-1,D,https://www.fotmob.com/players/1073489/benat-san-jose,https://images.fotmob.com/image_resources/playerimages/1073489.png,2026-08-23T04:30:44+00:00
78591,Manuel Pellegrini,1953-09-16,72,Chile,CHI,male,active,,8603,Real Betis,2020-08-01,,5,5,"9864, 8456, 525097, 8654, 8603","Malaga, Manchester City, Hebei FC, West Ham United, Real Betis","Malaga (2010-11-05 to 2013-06-30): 130 matches, 53 wins | Manchester City (2013-06-14 to 2016-06-30): 167 matches, 101 wins | Hebei FC (2016-08-27 to 2018-05-20): 52 matches, 22 wins | West Ham United (2018-05-22 to 2019-12-29): 64 matches, 24 wins | Real Betis (2020-08-01 to present): 312 matches, 147 wins",725,347,162,216,47.86,1.66,312,147,82,83,47.12,1.68,8,1,6,"8603, 8456, 10083, 10076, 6721, 6458","Real Betis, Manchester City, San Lorenzo, River Plate, LDU de Quito, Universidad Catolica","138, 47, 133, 112, 246, 9091","Copa del Rey, Premier League, EFL Cup, Liga Profesional, Serie A, Copa Chile","Real Betis - Copa del Rey: won [2021/2022]; runner-up [] | Manchester City - Premier League: won [2013/2014]; runner-up [2014/2015] | Manchester City - EFL Cup: won [2015/2016, 2013/2014]; runner-up [] | San Lorenzo - Liga Profesional: won [2000/2001 Clausura]; runner-up [] | River Plate - Liga Profesional: won [2002/2003 Clausura]; runner-up [] | LDU de Quito - Serie A: won [1999]; runner-up [] | Universidad Catolica - Copa Chile: won [1995]; runner-up []",52,23,17,12,44.23,5868023,2026-08-21,8560,Real Sociedad,87,LaLiga,1-0,W,https://www.fotmob.com/players/78591/manuel-pellegrini,https://images.fotmob.com/image_resources/playerimages/78591.png,2026-08-23T04:30:43+00:00
27204,Pellegrino Matarazzo,1977-11-28,48,USA,USA,male,active,,8560,Real Sociedad,2025-12-21,,3,3,"10269, 8226, 8560","VfB Stuttgart, Hoffenheim, Real Sociedad","VfB Stuttgart (2019-12-30 to 2022-10-10): 100 matches, 31 wins | Hoffenheim (2023-02-08 to 2024-11-11): 67 matches, 24 wins | Real Sociedad (2025-12-21 to present): 27 matches, 12 wins",194,67,51,76,34.54,1.3,27,12,8,7,44.44,1.63,1,0,1,8560,Real Sociedad,138,Copa del Rey,Real Sociedad - Copa del Rey: won [2025/2026]; runner-up [],27,10,10,7,37.04,5868023,2026-08-21,8603,Real Betis,87,LaLiga,1-0,L,https://www.fotmob.com/players/27204/pellegrino-matarazzo,https://images.fotmob.com/image_resources/playerimages/27204.png,2026-08-23T04:30:43+00:00
1622886,Claudio Giráldez,1988-02-24,38,Spain,ESP,male,active,,9910,Celta Vigo,2024-03-12,,2,2,"161743, 9910","Celta Fortuna, Celta Vigo","Celta Fortuna (2022-07-12 to 2024-03-13): 67 matches, 31 wins | Celta Vigo (2024-03-12 to present): 108 matches, 47 wins",175,78,40,57,44.57,1.57,108,47,24,37,43.52,1.53,0,0,0,,,,,,52,21,15,16,40.38,5868030,2026-08-22,10267,Valencia,87,LaLiga,0-0,D,https://www.fotmob.com/players/1622886/claudio-giraldez,https://images.fotmob.com/image_resources/playerimages/1622886.png,2026-08-23T04:30:44+00:00
242474,Luis García,1972-12-01,53,Spain,ESP,male,active,,8302,Sevilla,2026-03-24,,10,9,"8581, 8305, 182933, 6445, 10205, 101916, 8661, 9866, 8302","Levante, Getafe, Baniyas, Beijing Renhe, Villarreal, Al Shabab, Mallorca, Deportivo Alaves, Sevilla","Levante (2008-07-01 to 2011-06-07): 42 matches, 14 wins | Getafe (2011-06-10 to 2014-03-10): 113 matches, 34 wins | Baniyas (2014-09-01 to 2016-03-31): 47 matches, 15 wins | Beijing Renhe (2017-06-08 to 2018-12-10): 51 matches, 23 wins | Villarreal (2018-12-10 to 2019-01-29): 9 matches, 1 wins | Beijing Renhe (2019-07-09 to 2019-11-12): 11 matches, 0 wins | Al Shabab (2019-12-17 to 2020-06-30): 11 matches, 5 wins | Mallorca (2020-08-06 to 2022-03-22): 78 matches, 35 wins | Deportivo Alaves (2022-05-24 to 2024-12-02): 108 matches, 44 wins | Sevilla (2026-03-24 to present): 11 matches, 6 wins",481,177,120,184,36.8,1.35,11,6,0,5,54.55,1.64,0,0,0,,,,,,11,6,0,5,54.55,5868021,2026-08-22,8315,Athletic Club,87,LaLiga,1-3,W,https://www.fotmob.com/players/242474/luis-garcia,https://images.fotmob.com/image_resources/playerimages/242474.png,2026-08-23T04:30:44+00:00
819528,Carlos Corberán,1983-04-07,43,Spain,ESP,male,active,,10267,Valencia,2024-12-25,,6,6,"88811, 154789, 9796, 8638, 8659, 10267","Doxa Katokopia, Ermis Aradippou, Huddersfield Town, Olympiacos, West Bromwich Albion, Valencia","Doxa Katokopia (2016-12-01 to 2017-01-30): 9 matches, 1 wins | Ermis Aradippou (2017-01-30 to 2017-05-31): 15 matches, 6 wins | Huddersfield Town (2020-07-23 to 2022-07-07): 102 matches, 39 wins | Olympiacos (2022-08-01 to 2022-09-19): 11 matches, 4 wins | West Bromwich Albion (2022-10-25 to 2024-12-25): 107 matches, 47 wins | Valencia (2024-12-25 to present): 68 matches, 28 wins",312,125,82,105,40.06,1.46,68,28,18,22,41.18,1.5,0,0,0,,,,,,40,14,10,16,35.0,5868030,2026-08-22,9910,Celta Vigo,87,LaLiga,0-0,D,https://www.fotmob.com/players/819528/carlos-corberan,https://images.fotmob.com/image_resources/playerimages/819528.png,2026-08-23T04:30:44+00:00
1145162,José López,1982-05-21,44,Spain,ESP,male,active,,8696,Racing Santander,2022-12-13,,5,5,"161746, 9869, 4032, 9864, 8696","Sporting Gijon B, Sporting Gijon, CD Mirandes, Malaga, Racing Santander","Sporting Gijon B (2017-06-09 to 2018-11-18): 57 matches, 30 wins | Sporting Gijon (2018-11-18 to 2019-12-22): 53 matches, 20 wins | CD Mirandes (2020-07-27 to 2021-05-31): 43 matches, 14 wins | Malaga (2021-06-01 to 2022-01-25): 26 matches, 9 wins | Racing Santander (2022-12-13 to present): 160 matches, 78 wins",339,151,86,102,44.54,1.59,160,78,36,46,48.75,1.69,1,0,1,8696,Racing Santander,140,LaLiga2,Racing Santander - LaLiga2: won [2025/2026]; runner-up [],43,24,8,11,55.81,5868017,2026-08-16,10205,Villarreal,87,LaLiga,2-2,D,https://www.fotmob.com/players/1145162/jose-lopez,https://images.fotmob.com/image_resources/playerimages/1145162.png,2026-08-23T04:30:44+00:00
1108529,Davide Ancelotti,1989-07-22,37,Italy,ITA,male,active,,8639,Lille,2026-06-01,,1,1,8517,Botafogo RJ,"Botafogo RJ (2025-07-08 to 2025-12-23): 33 matches, 15 wins",33,15,10,8,45.45,1.67,,,,,,,11,5,1,8633,Real Madrid,"87, 42, 74, 138, 10703, 78, 139","LaLiga, Champions League, UEFA Super Cup, Copa del Rey, FIFA Intercontinental Cup, FIFA Club World Cup, Supercopa de España","Real Madrid - LaLiga: won [2023/2024, 2021/2022]; runner-up [2024/2025, 2022/2023] | Real Madrid - Champions League: won [2023/2024, 2021/2022]; runner-up [] | Real Madrid - UEFA Super Cup: won [2024/2025, 2022/2023]; runner-up [] | Real Madrid - Copa del Rey: won [2022/2023]; runner-up [2024/2025] | Real Madrid - FIFA Intercontinental Cup: won [2024]; runner-up [] | Real Madrid - FIFA Club World Cup: won [2022 Morocco]; runner-up [] | Real Madrid - Supercopa de España: won [2023/2024, 2021/2022]; runner-up [2024/2025, 2022/2023]",23,9,9,5,39.13,4732826,2025-12-07,8287,Fortaleza,268,Serie A,4-2,W,https://www.fotmob.com/players/1108529/davide-ancelotti,https://images.fotmob.com/image_resources/playerimages/1108529.png,2026-08-23T04:30:44+00:00
574952,Ismail Kartal,1961-06-15,65,Turkiye,TUR,male,active,,8695,Fenerbahçe,2026-06-18,,10,7,"8695, 7966, 9749, 9742, 2166, 8622, 101610","Fenerbahçe, Eskisehirspor, Gaziantepspor, Ankaragücü, Rizespor, Konyaspor, Persepolis","Fenerbahçe (2014-08-12 to 2015-05-31): 46 matches, 30 wins | Eskisehirspor (2015-10-12 to 2015-11-12): 4 matches, 0 wins | Gaziantepspor (2016-07-21 to 2016-12-15): 18 matches, 5 wins | Ankaragücü (2017-06-21 to 2018-12-17): 54 matches, 26 wins | Rizespor (2019-06-06 to 2020-03-01): 28 matches, 9 wins | Konyaspor (2020-09-13 to 2021-02-08): 25 matches, 9 wins | Fenerbahçe (2022-01-12 to 2022-05-31): 21 matches, 12 wins | Fenerbahçe (2023-06-28 to 2024-05-31): 58 matches, 44 wins | Persepolis (2025-01-27 to 2025-07-04): 16 matches, 8 wins | Fenerbahçe (2026-06-18 to present): 7 matches, 4 wins",277,147,52,78,53.07,1.78,7,4,2,1,57.14,2,2,1,2,"6265, 8695","Sivasspor, Fenerbahçe","165, 166","1. Lig, Super Cup",Sivasspor - 1. Lig: won [2004/2005]; runner-up [] | Fenerbahçe - Super Cup: won [2014/2015]; runner-up [2023/2024],7,4,2,1,57.14,5904719,2026-08-22,8622,Konyaspor,71,Super Lig,4-2,W,https://www.fotmob.com/players/574952/ismail-kartal,https://images.fotmob.com/image_resources/playerimages/574952.png,2026-08-23T04:30:44+00:00
36490,Sebastian Hoeneß,1982-05-12,44,Germany,GER,male,active,,10269,VfB Stuttgart,2023-04-03,,4,4,"601179, 8264, 8226, 10269","Bayern München U19, Bayern München II, Hoffenheim, VfB Stuttgart","Bayern München U19 (2017-07-01 to 2019-06-30): 13 matches, 7 wins | Bayern München II (2019-07-01 to 2020-07-26): 38 matches, 19 wins | Hoffenheim (2020-07-27 to 2022-06-30): 81 matches, 32 wins | VfB Stuttgart (2023-04-03 to present): 153 matches, 85 wins",285,143,56,86,50.18,1.7,153,85,25,43,55.56,1.83,2,1,2,"10269, 8264","VfB Stuttgart, Bayern München II","209, 208","DFB Pokal, 3. Liga",VfB Stuttgart - DFB Pokal: won [2024/2025]; runner-up [2025/2026] | Bayern München II - 3. Liga: won [2019/2020]; runner-up [],51,28,8,15,54.9,5197845,2026-05-23,9823,Bayern München,209,DFB Pokal,3-0,L,https://www.fotmob.com/players/36490/sebastian-hoeness,https://images.fotmob.com/image_resources/playerimages/36490.png,2026-08-23T04:30:44+00:00
30459,Martín Demichelis,1980-12-20,45,Argentina,ARG,male,active,184,178475,RB Leipzig,2026-06-22,,5,5,"601179, 8264, 10076, 7849, 8661","Bayern München U19, Bayern München II, River Plate, Monterrey, Mallorca","Bayern München U19 (2019-07-01 to 2022-11-14): 7 matches, 4 wins | Bayern München II (2021-04-04 to 2022-11-14): 67 matches, 35 wins | River Plate (2022-12-22 to 2024-08-03): 86 matches, 51 wins | Monterrey (2024-08-20 to 2025-05-12): 43 matches, 20 wins | Mallorca (2026-03-01 to 2026-06-22): 12 matches, 5 wins",215,115,49,51,53.49,1.83,,,,,,,4,0,1,10076,River Plate,"9381, 112, 10053","Super Copa International, Liga Profesional, Trofeo de Campeones","River Plate - Super Copa International: won [2024]; runner-up [] | River Plate - Liga Profesional: won [2023, 2023 - 1st Phase]; runner-up [] | River Plate - Trofeo de Campeones: won [2023]; runner-up []",12,5,3,4,41.67,4837485,2026-05-23,8670,Real Oviedo,87,LaLiga,3-0,W,https://www.fotmob.com/players/30459/martin-demichelis,https://images.fotmob.com/image_resources/playerimages/30459.png,2026-08-23T04:30:44+00:00
1243535,Francesco Farioli,1989-04-10,37,Italy,ITA,male,active,,9773,FC Porto,2025-07-06,,4,4,"4678, 9831, 8593, 9773","Alanyaspor, Nice, Ajax, FC Porto","Alanyaspor (2021-12-31 to 2023-02-27): 48 matches, 21 wins | Nice (2023-06-30 to 2024-05-23): 38 matches, 18 wins | Ajax (2024-05-23 to 2025-05-19): 54 matches, 35 wins | FC Porto (2025-07-06 to present): 56 matches, 42 wins",196,116,37,43,59.18,1.96,56,42,8,6,75,2.39,2,0,1,9773,FC Porto,"188, 61","Super Cup, Liga Portugal",FC Porto - Super Cup: won [2026/2027]; runner-up [] | FC Porto - Liga Portugal: won [2025/2026]; runner-up [],52,38,8,6,73.08,5887598,2026-08-15,7841,Rio Ave,61,Liga Portugal,0-2,W,https://www.fotmob.com/players/1243535/francesco-farioli,https://images.fotmob.com/image_resources/playerimages/1243535.png,2026-08-23T04:30:44+00:00
289262,Leonardo Jardim,1974-08-01,52,Portugal,POR,male,active,,9770,Flamengo,2026-03-04,,12,11,"10211, 10264, 8638, 9768, 9829, 2529, 102119, 101898, 102117, 9781, 9770","Beira-Mar, Braga, Olympiacos, Sporting CP, Monaco, Al Hilal, Shabab Al-Ahli Dubai FC, Al-Rayyan, Al-Ain, Cruzeiro, Flamengo","Beira-Mar (2009-07-01 to 2011-02-28): 28 matches, 7 wins | Braga (2011-07-01 to 2012-05-30): 46 matches, 27 wins | Olympiacos (2012-06-08 to 2013-01-19): 24 matches, 18 wins | Sporting CP (2013-06-07 to 2014-05-20): 35 matches, 23 wins | Monaco (2014-07-01 to 2018-10-11): 237 matches, 124 wins | Monaco (2019-01-27 to 2019-12-28): 43 matches, 14 wins | Al Hilal (2021-06-01 to 2022-02-14): 26 matches, 15 wins | Shabab Al-Ahli Dubai FC (2022-06-08 to 2023-06-30): 29 matches, 18 wins | Al-Rayyan (2023-07-01 to 2024-06-28): 22 matches, 15 wins | Al-Ain (2024-11-08 to 2025-02-04): 13 matches, 4 wins | Cruzeiro (2025-02-04 to 2025-12-15): 57 matches, 25 wins | Flamengo (2026-03-04 to present): 30 matches, 19 wins",590,309,146,135,52.37,1.82,30,19,7,4,63.33,2.13,5,1,4,"102119, 2529, 9829, 10211","Shabab Al-Ahli Dubai FC, Al Hilal, Monaco, Beira-Mar","538, 525, 10074, 53, 185","Pro League, AFC Champions League Elite, Super Cup, Ligue 1, Liga Portugal 2",Shabab Al-Ahli Dubai FC - Pro League: won [2022/2023]; runner-up [] | Al Hilal - AFC Champions League Elite: won [2021]; runner-up [] | Al Hilal - Super Cup: won [2021/2022]; runner-up [] | Monaco - Ligue 1: won [2016/2017]; runner-up [2017/2018] | Beira-Mar - Liga Portugal 2: won [2009/2010]; runner-up [],22,11,8,3,50.0,4965942,2025-12-14,9808,Corinthians,9067,Cup,1-2,W,https://www.fotmob.com/players/289262/leonardo-jardim,https://images.fotmob.com/image_resources/playerimages/289262.png,2026-08-23T04:30:44+00:00
59582,Matthias Jaissle,1988-04-05,38,Germany,GER,male,active,186,10261,Newcastle United,2026-08-05,,4,4,"675920, 1915, 10013, 2530","Salzburg U19, FC Liefering, Salzburg, Al Ahli","Salzburg U19 (2020-08-01 to 2021-01-03): 2 matches, 1 wins | FC Liefering (2021-01-04 to 2021-07-01): 17 matches, 11 wins | Salzburg (2021-07-01 to 2023-07-27): 93 matches, 65 wins | Al Ahli (2023-07-28 to 2026-08-05): 138 matches, 92 wins",250,169,42,39,67.6,2.2,,,,,,,6,0,2,"2530, 10013","Al Ahli, Salzburg","525, 10074, -1, 38","AFC Champions League Elite, Super Cup, Cup, Bundesliga","Al Ahli - AFC Champions League Elite: won [2025/2026, 2024/2025]; runner-up [] | Al Ahli - Super Cup: won [2025/2026]; runner-up [] | Salzburg - Cup: won [2021/2022]; runner-up [] | Salzburg - Bundesliga: won [2022/2023, 2021/2022]; runner-up []",47,34,8,5,72.34,4927606,2026-05-20,550433,Al Khaleej,536,Saudi Pro League,1-4,W,https://www.fotmob.com/players/59582/matthias-jaissle,https://images.fotmob.com/image_resources/playerimages/59582.png,2026-08-23T04:30:44+00:00
361759,Paulo Fonseca,1973-03-05,53,Portugal,POR,male,active,,9748,Lyon,2025-01-31,,10,9,"10223, 6403, 9773, 10264, 9728, 8686, 8639, 8564, 9748","Aves, Pacos de Ferreira, FC Porto, Braga, Shakhtar Donetsk, Roma, Lille, Milan, Lyon","Aves (2011-06-01 to 2012-06-11): 37 matches, 16 wins | Pacos de Ferreira (2012-06-12 to 2013-06-09): 41 matches, 22 wins | FC Porto (2013-06-10 to 2014-03-05): 37 matches, 21 wins | Pacos de Ferreira (2014-07-01 to 2015-07-01): 39 matches, 14 wins | Braga (2015-07-01 to 2016-05-31): 57 matches, 30 wins | Shakhtar Donetsk (2016-06-01 to 2019-06-10): 139 matches, 105 wins | Roma (2019-06-10 to 2021-06-30): 102 matches, 53 wins | Lille (2022-06-29 to 2024-06-05): 90 matches, 45 wins | Milan (2024-06-13 to 2024-12-30): 24 matches, 12 wins | Lyon (2025-01-31 to present): 71 matches, 41 wins",637,359,142,136,56.36,1.91,71,41,9,21,57.75,1.86,10,2,4,"8564, 9728, 10264, 9773","Milan, Shakhtar Donetsk, Braga, FC Porto","1000000000, -1, 442, 441, 186, 188","Trofeo Silvio Berlusconi, Super Cup, Ukraine Cup, Premier League, Taça de Portugal","Milan - Trofeo Silvio Berlusconi: won [2024]; runner-up [] | Shakhtar Donetsk - Super Cup: won [2017/2018]; runner-up [2018/2019, 2016/2017] | Shakhtar Donetsk - Ukraine Cup: won [2018/2019, 2017/2018, 2016/2017]; runner-up [] | Shakhtar Donetsk - Premier League: won [2018/2019, 2017/2018, 2016/2017]; runner-up [] | Braga - Taça de Portugal: won [2015/2016]; runner-up [] | FC Porto - Super Cup: won [2013/2014]; runner-up []",42,25,6,11,59.52,5802908,2026-08-22,9941,Toulouse,53,Ligue 1,0-2,W,https://www.fotmob.com/players/361759/paulo-fonseca,https://images.fotmob.com/image_resources/playerimages/361759.png,2026-08-23T04:30:44+00:00
25590,Simone Inzaghi,1976-04-05,50,Italy,ITA,male,active,185,2529,Al Hilal,2025-06-04,,3,3,"8543, 8636, 2529","Lazio, Inter, Al Hilal","Lazio (2016-04-04 to 2021-06-08): 251 matches, 135 wins | Inter (2021-07-07 to 2025-06-03): 217 matches, 141 wins | Al Hilal (2025-06-04 to present): 56 matches, 42 wins",524,318,96,110,60.69,2.0,56,42,12,2,75,2.46,10,4,3,"2529, 8636, 8543","Al Hilal, Inter, Lazio","9942, 55, 222, 141","King's Cup, Serie A, Supercoppa, Coppa Italia","Al Hilal - King's Cup: won [2025/2026]; runner-up [] | Inter - Serie A: won [2023/2024]; runner-up [2024/2025, 2021/2022] | Inter - Supercoppa: won [2023/2024, 2022/2023, 2021/2022]; runner-up [2024/2025] | Inter - Coppa Italia: won [2022/2023, 2021/2022]; runner-up [] | Lazio - Supercoppa: won [2019/2020, 2017/2018]; runner-up [] | Lazio - Coppa Italia: won [2018/2019]; runner-up [2016/2017]",45,34,11,0,75.56,5970090,2026-08-20,582749,Al-Fayha,536,Saudi Pro League,0-3,W,https://www.fotmob.com/players/25590/simone-inzaghi,https://images.fotmob.com/image_resources/playerimages/25590.png,2026-08-23T04:30:44+00:00
1700757,Hugo Oliveira,1979-06-22,47,Portugal,POR,male,active,,9848,Strasbourg,2026-07-12,,2,2,"1634, 9848","Famalicao, Strasbourg","Famalicao (2024-12-10 to 2026-07-12): 58 matches, 25 wins | Strasbourg (2026-07-12 to present): 1 matches, 0 wins",59,25,16,18,42.37,1.54,1,0,0,1,0,0,0,0,0,,,,,,34,13,11,10,38.24,5802905,2026-08-21,8592,Marseille,53,Ligue 1,4-0,L,https://www.fotmob.com/players/1700757/hugo-oliveira,https://images.fotmob.com/image_resources/playerimages/1700757.png,2026-08-23T04:30:44+00:00
1202442,Tobias Strobl,1987-10-12,38,Germany,GER,male,active,,8721,Wolfsburg,2026-06-03,,5,5,"145483, 7780, 338321, 7783, 8721","Ingolstadt II, FC Schweinfurt, Augsburg II, SC Verl, Wolfsburg","Ingolstadt II (2018-08-21 to 2019-11-05): 27 matches, 11 wins | FC Schweinfurt (2019-11-05 to 2022-03-31): 42 matches, 22 wins | Augsburg II (2022-07-01 to 2025-06-30): 106 matches, 40 wins | SC Verl (2025-07-01 to 2026-06-03): 38 matches, 18 wins | Wolfsburg (2026-06-03 to present): 2 matches, 1 wins",215,92,56,67,42.79,1.54,2,1,1,0,50,2,0,0,0,,,,,,33,16,8,9,48.48,5881639,2026-08-16,9904,Hannover 96,146,2. Bundesliga,0-1,W,https://www.fotmob.com/players/1202442/tobias-strobl,https://images.fotmob.com/image_resources/playerimages/1202442.png,2026-08-23T04:30:45+00:00
266042,Urs Fischer,1966-02-20,60,Switzerland,SUI,male,active,,9905,Mainz 05,2025-12-07,,5,5,"10243, 10191, 9931, 8149, 9905","FC Zürich, Thun, Basel, Union Berlin, Mainz 05","FC Zürich (2010-04-19 to 2012-03-14): 78 matches, 37 wins | Thun (2013-01-06 to 2015-06-19): 112 matches, 47 wins | Basel (2015-06-19 to 2017-06-30): 102 matches, 68 wins | Union Berlin (2018-07-01 to 2023-11-15): 224 matches, 95 wins | Mainz 05 (2025-12-07 to present): 27 matches, 12 wins",543,259,131,153,47.7,1.67,27,12,9,6,44.44,1.67,3,0,1,9931,Basel,"164, 69","Swiss Cup, Super League","Basel - Swiss Cup: won [2016/2017]; runner-up [] | Basel - Super League: won [2016/2017, 2015/2016]; runner-up []",27,12,9,6,44.44,4829617,2026-05-16,94937,FC Heidenheim,54,Bundesliga,0-2,W,https://www.fotmob.com/players/266042/urs-fischer,https://images.fotmob.com/image_resources/playerimages/266042.png,2026-08-23T04:30:45+00:00
804046,Franck Haise,1971-04-15,55,France,FRA,male,active,,9851,Rennes,2026-02-18,,4,4,"8689, 8588, 9831, 9851","Lorient, Lens, Nice, Rennes","Lorient (2016-10-24 to 2016-11-08): 2 matches, 0 wins | Lens (2020-03-01 to 2024-06-06): 168 matches, 81 wins | Nice (2024-06-06 to 2025-12-29): 70 matches, 25 wins | Rennes (2026-02-18 to present): 12 matches, 8 wins",252,114,60,78,45.24,1.6,12,8,1,3,66.67,2.08,0,0,0,,,,,,33,13,3,17,39.39,4830759,2026-05-17,8592,Marseille,53,Ligue 1,3-1,L,https://www.fotmob.com/players/804046/franck-haise,https://images.fotmob.com/image_resources/playerimages/804046.png,2026-08-23T04:30:45+00:00
816800,Manuel Baum,1979-08-30,46,Germany,GER,male,active,,8406,Augsburg,2025-12-01,,5,4,"8486, 338321, 8406, 10189","Unterhaching, Augsburg II, Augsburg, Schalke 04","Unterhaching (2014-01-04 to 2014-03-20): 8 matches, 1 wins | Augsburg II (2015-11-11 to 2015-12-31): 2 matches, 0 wins | Augsburg (2016-12-14 to 2019-04-09): 87 matches, 25 wins | Schalke 04 (2020-09-30 to 2020-12-18): 11 matches, 1 wins | Augsburg (2025-12-01 to present): 22 matches, 9 wins",130,36,37,57,27.69,1.12,22,9,6,7,40.91,1.5,0,0,0,,,,,,22,9,6,7,40.91,4829619,2026-05-16,8149,Union Berlin,54,Bundesliga,4-0,L,https://www.fotmob.com/players/816800/manuel-baum,https://images.fotmob.com/image_resources/playerimages/816800.png,2026-08-23T04:30:45+00:00
42581,Vincenzo Italiano,1977-12-10,48,Italy,ITA,male,active,171,10188,Beşiktaş,2026-06-06,,5,5,"208936, 9881, 8535, 9857, 10188","Trapani, Spezia, Fiorentina, Bologna, Beşiktaş","Trapani (2018-07-28 to 2019-06-30): 42 matches, 24 wins | Spezia (2019-07-01 to 2021-06-30): 86 matches, 32 wins | Fiorentina (2021-07-01 to 2024-06-05): 162 matches, 79 wins | Bologna (2024-06-05 to 2026-05-28): 107 matches, 47 wins | Beşiktaş (2026-06-06 to present): 6 matches, 6 wins",403,188,96,119,46.65,1.64,6,6,0,0,100,3,1,0,1,9857,Bologna,141,Coppa Italia,Bologna - Coppa Italia: won [2024/2025]; runner-up [],58,28,12,18,48.28,5987964,2026-08-20,439132,FK Kauno Zalgiris,10613,Europa League Qualification,3-0,W,https://www.fotmob.com/players/42581/vincenzo-italiano,https://images.fotmob.com/image_resources/playerimages/42581.png,2026-08-23T04:30:45+00:00
37163,Lee Johnson,1981-06-07,45,England,ENG,male,active,168,6702,Lommel,2025-03-05,,7,7,"9785, 8283, 8427, 8472, 10251, 45723, 6702","Oldham Athletic, Barnsley, Bristol City, Sunderland, Hibernian, Fleetwood Town, Lommel","Oldham Athletic (2013-03-18 to 2015-02-25): 103 matches, 37 wins | Barnsley (2015-02-25 to 2016-02-06): 51 matches, 23 wins | Bristol City (2016-02-08 to 2020-07-06): 217 matches, 84 wins | Sunderland (2020-12-01 to 2022-01-30): 79 matches, 42 wins | Hibernian (2022-05-19 to 2023-08-27): 52 matches, 20 wins | Fleetwood Town (2023-09-10 to 2023-12-30): 22 matches, 6 wins | Lommel (2025-03-05 to present): 46 matches, 23 wins",570,235,133,202,41.23,1.47,46,23,10,13,50,1.72,1,0,1,8472,Sunderland,142,EFL Trophy,Sunderland - EFL Trophy: won [2020/2021]; runner-up [],4,1,2,1,25.0,5811727,2026-08-16,9986,Sporting Charleroi,40,Belgian Pro League,0-1,L,https://www.fotmob.com/players/37163/lee-johnson,https://images.fotmob.com/image_resources/playerimages/37163.png,2026-08-23T04:30:45+00:00
30654,Giovanni van Bronckhorst,1975-02-05,51,Netherlands,NED,male,active,178,10235,Feyenoord,2026-06-17,,5,4,"10235, 7803, 8548, 10188","Feyenoord, Guangzhou City, Rangers, Beşiktaş","Feyenoord (2015-05-18 to 2019-05-31): 176 matches, 109 wins | Guangzhou City (2020-01-04 to 2020-12-03): 23 matches, 8 wins | Rangers (2021-11-22 to 2022-11-21): 68 matches, 42 wins | Beşiktaş (2024-06-05 to 2024-11-30): 20 matches, 10 wins | Feyenoord (2026-06-17 to present): 2 matches, 1 wins",289,170,44,75,58.82,1.92,2,1,1,0,50,2,7,1,3,"10188, 8548, 10235","Beşiktaş, Rangers, Feyenoord","166, 137, 237, 57, 235","Super Cup, Scottish Cup, Eredivisie, KNVB Cup","Beşiktaş - Super Cup: won [2024/2025]; runner-up [] | Rangers - Scottish Cup: won [2021/2022]; runner-up [] | Feyenoord - Super Cup: won [2018/2019, 2017/2018]; runner-up [2016/2017] | Feyenoord - Eredivisie: won [2016/2017]; runner-up [] | Feyenoord - KNVB Cup: won [2017/2018, 2015/2016]; runner-up []",2,1,1,0,50.0,5781708,2026-08-16,6433,Go Ahead Eagles,57,Eredivisie,2-2,D,https://www.fotmob.com/players/30654/giovanni-van-bronckhorst,https://images.fotmob.com/image_resources/playerimages/30654.png,2026-08-23T04:30:45+00:00
1328923,Franclim Carvalho,1987-03-30,39,Portugal,POR,male,active,,8517,Botafogo RJ,2026-04-03,2026-08-18,1,1,8517,Botafogo RJ,"Botafogo RJ (2026-04-03 to 2026-08-18): 23 matches, 11 wins",23,11,7,5,47.83,1.74,23,11,7,5,47.83,1.74,3,0,2,"8517, 10264","Botafogo RJ, Braga","45, 268, 187","Copa Libertadores, Série A, League Cup",Botafogo RJ - Copa Libertadores: won [2024]; runner-up [] | Botafogo RJ - Série A: won [2024]; runner-up [] | Braga - League Cup: won [2023/2024]; runner-up [],0,0,0,0,,,,,,,,,,https://www.fotmob.com/players/1328923/franclim-carvalho,https://images.fotmob.com/image_resources/playerimages/1328923.png,2026-08-23T04:30:45+00:00
292198,Ange Postecoglou,1965-08-27,60,Australia,AUS,male,active,,101918,Al Nassr FC,2026-07-03,,8,8,"8118, 6230, 6716, 6581, 9925, 8586, 10203, 101918","Brisbane Roar FC, Melbourne Victory, Australia, Yokohama F.Marinos, Celtic, Tottenham Hotspur, Nottingham Forest, Al Nassr FC","Brisbane Roar FC (2009-09-16 to 2012-04-24): 67 matches, 37 wins | Melbourne Victory (2012-04-24 to 2013-10-26): 32 matches, 15 wins | Australia (2013-10-23 to 2017-11-22): 46 matches, 22 wins | Yokohama F.Marinos (2018-01-04 to 2021-06-10): 156 matches, 77 wins | Celtic (2021-06-10 to 2023-06-30): 113 matches, 83 wins | Tottenham Hotspur (2023-07-01 to 2025-06-06): 101 matches, 47 wins | Nottingham Forest (2025-09-09 to 2025-10-19): 8 matches, 0 wins | Al Nassr FC (2026-07-03 to present): 3 matches, 3 wins",526,284,93,149,53.99,1.8,3,3,0,0,100,3,11,0,5,"8586, 9925, 6581, 6716, 8118","Tottenham Hotspur, Celtic, Yokohama F.Marinos, Australia, Brisbane Roar FC","-1, 73, 137, 64, 180, 223, 290, 113","J.League World Challenge, Europa League, Scottish Cup, Premiership, League Cup, J. League, Asian Cup, A-League","Tottenham Hotspur - J.League World Challenge: won [2024]; runner-up [] | Tottenham Hotspur - Europa League: won [2024/2025]; runner-up [] | Celtic - Scottish Cup: won [2022/2023]; runner-up [] | Celtic - Premiership: won [2022/2023, 2021/2022]; runner-up [] | Celtic - League Cup: won [2022/2023, 2021/2022]; runner-up [] | Yokohama F.Marinos - J. League: won [2019]; runner-up [] | Australia - Asian Cup: won [2015 Australia]; runner-up [] | Brisbane Roar FC - A-League: won [2011/2012, 2010/2011]; runner-up []",10,2,2,6,20.0,5970091,2026-08-21,582739,Al Riyadh,536,Saudi Pro League,0-4,W,https://www.fotmob.com/players/292198/ange-postecoglou,https://images.fotmob.com/image_resources/playerimages/292198.png,2026-08-23T04:30:45+00:00
25810,Sergey Semak,1976-02-27,50,Russia,RUS,male,active,178,8698,Zenit St. Petersburg,2018-05-29,,3,2,"8698, 198150","Zenit St. Petersburg, FC Ufa","Zenit St. Petersburg (2014-03-11 to 2014-03-20): 2 matches, 1 wins | FC Ufa (2016-12-31 to 2018-05-28): 46 matches, 17 wins | Zenit St. Petersburg (2018-05-29 to present): 344 matches, 221 wins",392,239,75,78,60.97,2.02,344,221,62,61,64.24,2.11,21,4,1,8698,Zenit St. Petersburg,"63, 195, -1, 193","Premier League, Super Cup, The Atlantic Cup, Russian Cup","Zenit St. Petersburg - Premier League: won [2025/2026, 2023/2024, 2022/2023, 2021/2022, 2020/2021, 2019/2020, 2018/2019, 2014/2015]; runner-up [2024/2025, 2013/2014] | Zenit St. Petersburg - Super Cup: won [2026/2027, 2024/2025, 2023/2024, 2022/2023, 2021/2022, 2020/2021, 2016/2017, 2015/2016]; runner-up [2019/2020, 2013/2014] | Zenit St. Petersburg - The Atlantic Cup: won [2022, 2016]; runner-up [] | Zenit St. Petersburg - Russian Cup: won [2023/2024, 2019/2020, 2015/2016]; runner-up []",30,22,6,2,73.33,5847150,2026-08-16,9763,Dinamo Moscow,63,Premier League,3-0,W,https://www.fotmob.com/players/25810/sergey-semak,https://images.fotmob.com/image_resources/playerimages/25810.png,2026-08-23T04:30:45+00:00
843411,Abel Ferreira,1978-12-22,47,Portugal,POR,male,active,,10283,Palmeiras,2020-10-31,,6,5,"338301, 338303, 10264, 8619, 10283","Sporting CP B, Braga B, Braga, PAOK Thessaloniki, Palmeiras","Sporting CP B (2013-07-01 to 2014-06-30): 42 matches, 20 wins | Braga B (2015-02-16 to 2017-04-26): 103 matches, 36 wins | Braga (2016-12-01 to 2016-12-20): 9 matches, 3 wins | Braga (2017-04-27 to 2019-07-01): 106 matches, 64 wins | PAOK Thessaloniki (2019-07-17 to 2020-10-30): 57 matches, 31 wins | Palmeiras (2020-10-31 to present): 446 matches, 261 wins",763,415,171,177,54.39,1.86,446,261,100,85,58.52,1.98,11,8,1,10283,Palmeiras,"45, 491, 10077, 10244, 9067, 268","Copa Libertadores, Recopa Sudamericana, Supercopa do Brasil, Paulista A1, Copa do Brasil, Série A","Palmeiras - Copa Libertadores: won [2021, 2020]; runner-up [2025] | Palmeiras - Recopa Sudamericana: won [2022]; runner-up [2021] | Palmeiras - Supercopa do Brasil: won [2023]; runner-up [2024, 2021] | Palmeiras - Paulista A1: won [2026, 2024, 2023, 2022]; runner-up [2025, 2021] | Palmeiras - Copa do Brasil: won [2020]; runner-up [] | Palmeiras - Série A: won [2023, 2022]; runner-up [2025, 2024]",26,14,5,7,53.85,4732833,2025-12-07,172341,Ceará,268,Serie A,1-3,W,https://www.fotmob.com/players/843411/abel-ferreira,https://images.fotmob.com/image_resources/playerimages/843411.png,2026-08-23T04:30:45+00:00
25010,Jess Thorup,1970-02-21,56,Denmark,DEN,male,active,,9987,Genk,2026-07-14,,9,8,"8285, 8494, 8113, 9991, 9987, 8391, 8406, 101745","Esbjerg fB, Denmark U21, FC Midtjylland, Gent, Genk, FC København, Augsburg, Al Ahly SC","Esbjerg fB (2011-04-01 to 2013-05-30): 82 matches, 46 wins | Denmark U21 (2013-02-08 to 2015-06-30): 16 matches, 10 wins | FC Midtjylland (2015-07-12 to 2018-10-10): 165 matches, 93 wins | Gent (2018-10-10 to 2020-08-20): 82 matches, 40 wins | Genk (2020-09-24 to 2020-11-02): 5 matches, 3 wins | FC København (2020-11-02 to 2022-09-20): 91 matches, 51 wins | Augsburg (2023-10-15 to 2025-05-23): 65 matches, 23 wins | Al Ahly SC (2025-10-08 to 2026-06-04): 36 matches, 18 wins | Genk (2026-07-14 to present): 3 matches, 1 wins",545,285,117,143,52.29,1.78,3,1,1,1,33.33,1.33,4,0,3,"8391, 8113, 8285","FC København, FC Midtjylland, Esbjerg fB","46, 85, 242","Superligaen, 1. Division, DBU Pokalen",FC København - Superligaen: won [2021/2022]; runner-up [] | FC Midtjylland - Superligaen: won [2017/2018]; runner-up [] | Esbjerg fB - 1. Division: won [2011/2012]; runner-up [] | Esbjerg fB - DBU Pokalen: won [2012/2013]; runner-up [],3,1,1,1,33.33,5811731,2026-08-22,9988,Royal Antwerp,40,Belgian Pro League,4-4,D,https://www.fotmob.com/players/25010/jess-thorup,https://images.fotmob.com/image_resources/playerimages/25010.png,2026-08-23T04:30:46+00:00
308837,Robin Fraser,1966-12-17,59,USA,USA,male,active,,56453,Toronto FC,2025-01-10,,4,3,"6573, 56453, 8314","CD Chivas USA, Toronto FC, Colorado Rapids","CD Chivas USA (2011-01-04 to 2012-11-09): 68 matches, 15 wins | Toronto FC (2015-01-08 to 2018-12-31): 161 matches, 72 wins | Colorado Rapids (2019-08-26 to 2023-09-06): 129 matches, 46 wins | Toronto FC (2025-01-10 to present): 57 matches, 11 wins",415,144,113,158,34.7,1.31,57,11,23,23,19.3,0.98,4,1,1,56453,Toronto FC,"130, 9837","MLS, Canadian Championship","Toronto FC - MLS: won [2017]; runner-up [2016] | Toronto FC - Canadian Championship: won [2018, 2017, 2016]; runner-up []",29,6,15,8,20.69,5071293,2026-08-22,960720,Inter Miami CF,130,Major League Soccer,1-2,W,https://www.fotmob.com/players/308837/robin-fraser,https://images.fotmob.com/image_resources/playerimages/308837.png,2026-08-23T04:30:46+00:00
1857251,Greg Lincoln,1980-03-23,46,England,ENG,male,active,174,773649,West Ham United U21,2025-10-03,2026-06-30,1,1,773649,West Ham United U21,"West Ham United U21 (2025-10-03 to 2026-06-30): 17 matches, 7 wins",17,7,5,5,41.18,1.53,17,7,5,5,41.18,1.53,0,0,0,,,,,,0,0,0,0,,,,,,,,,,https://www.fotmob.com/players/1857251/greg-lincoln,https://images.fotmob.com/image_resources/playerimages/1857251.png,2026-08-23T04:30:46+00:00
24852,Luis García,1981-02-06,45,Spain,ESP,male,active,177,8661,Mallorca,2026-06-22,,4,4,"8558, 5902, 8306, 8661","Espanyol, Qatar, Las Palmas, Mallorca","Espanyol (2023-04-04 to 2023-11-05): 26 matches, 10 wins | Qatar (2024-12-11 to 2025-05-01): 5 matches, 1 wins | Las Palmas (2025-07-01 to 2026-06-22): 45 matches, 20 wins | Mallorca (2026-06-22 to present): 1 matches, 1 wins",77,32,23,22,41.56,1.55,1,1,0,0,100,3,0,0,0,,,,,,44,21,13,10,47.73,5868400,2026-08-15,10281,Real Valladolid,140,LaLiga2,2-0,W,https://www.fotmob.com/players/24852/luis-garcia,https://images.fotmob.com/image_resources/playerimages/24852.png,2026-08-23T04:30:46+00:00
80651,Gerardo Martino,1962-11-20,63,Argentina,ARG,male,active,,773958,Atlanta United,2025-11-06,,8,7,"6724, 10201, 8634, 6706, 773958, 6710, 960720","Paraguay, Newell's Old Boys, Barcelona, Argentina, Atlanta United, Mexico, Inter Miami CF","Paraguay (2007-02-08 to 2011-07-30): 24 matches, 10 wins | Newell's Old Boys (2011-12-29 to 2013-07-12): 70 matches, 36 wins | Barcelona (2013-07-23 to 2014-05-18): 59 matches, 40 wins | Argentina (2014-08-12 to 2016-07-05): 29 matches, 20 wins | Atlanta United (2017-01-01 to 2018-12-23): 78 matches, 42 wins | Mexico (2019-01-07 to 2023-03-03): 66 matches, 42 wins | Inter Miami CF (2023-06-28 to 2024-11-22): 70 matches, 38 wins | Atlanta United (2025-11-06 to present): 23 matches, 7 wins",419,235,87,97,56.09,1.89,23,7,3,13,30.43,1.04,6,3,6,"960720, 6710, 773958, 8634, 6620, 10201","Inter Miami CF, Mexico, Atlanta United, Barcelona, Libertad, Newell's Old Boys","10043, 298, 130, 139, 199, 112","Leagues Cup, CONCACAF Gold Cup, MLS, Supercopa de España, Division Profesional, Liga Profesional","Inter Miami CF - Leagues Cup: won [2023]; runner-up [] | Mexico - CONCACAF Gold Cup: won [2019 USA / Costa Rica / Jamaica]; runner-up [2021] | Atlanta United - MLS: won [2018]; runner-up [] | Barcelona - Supercopa de España: won [2013/2014]; runner-up [] | Libertad - Division Profesional: won [2006]; runner-up [] | Newell's Old Boys - Liga Profesional: won [2012/2013 Torneo Final]; runner-up [2012/2013, 2012/2013 Torneo Inicial]",20,5,3,12,25.0,5071286,2026-08-20,207242,Minnesota United,130,Major League Soccer,1-2,W,https://www.fotmob.com/players/80651/gerardo-martino,https://images.fotmob.com/image_resources/playerimages/80651.png,2026-08-23T04:30:46+00:00
601384,Christian Ilzer,1977-10-21,48,Austria,AUT,male,active,,8226,Hoffenheim,2024-11-15,,7,6,"1953, 10056, 1954, 10011, 10014, 8226","Wiener Neustadt, Hartberg, Wolfsberger AC, Austria Wien, Sturm Graz, Hoffenheim","Wiener Neustadt (2014-11-12 to 2014-12-04): 2 matches, 1 wins | Hartberg (2015-07-01 to 2015-11-25): 1 matches, 0 wins | Hartberg (2017-07-01 to 2018-05-31): 40 matches, 23 wins | Wolfsberger AC (2018-06-01 to 2019-06-30): 35 matches, 14 wins | Austria Wien (2019-07-01 to 2020-07-16): 39 matches, 14 wins | Sturm Graz (2020-07-17 to 2024-11-15): 196 matches, 108 wins | Hoffenheim (2024-11-15 to present): 65 matches, 25 wins",378,185,86,107,48.94,1.7,65,25,16,24,38.46,1.4,3,2,1,10014,Sturm Graz,"-1, 38","Cup, Bundesliga","Sturm Graz - Cup: won [2023/2024, 2022/2023]; runner-up [] | Sturm Graz - Bundesliga: won [2023/2024]; runner-up [2022/2023, 2021/2022]",34,17,8,9,50.0,4829614,2026-05-16,9788,Borussia Mönchengladbach,54,Bundesliga,4-0,L,https://www.fotmob.com/players/601384/christian-ilzer,https://images.fotmob.com/image_resources/playerimages/601384.png,2026-08-23T04:30:46+00:00
27420,Eugen Polanski,1986-03-17,40,Poland,POL,male,active,183,9788,Borussia Mönchengladbach,2025-09-15,,2,2,"8278, 9788","Borussia Mönchengladbach II, Borussia Mönchengladbach","Borussia Mönchengladbach II (2022-07-01 to 2025-09-14): 105 matches, 47 wins | Borussia Mönchengladbach (2025-09-15 to present): 33 matches, 10 wins",138,57,37,44,41.3,1.51,33,10,10,13,30.3,1.21,0,0,0,,,,,,33,10,10,13,30.3,4829614,2026-05-16,8226,Hoffenheim,54,Bundesliga,4-0,W,https://www.fotmob.com/players/27420/eugen-polanski,https://images.fotmob.com/image_resources/playerimages/27420.png,2026-08-23T04:30:46+00:00
78599,Martin O'Neill,1952-03-01,74,Northern Ireland,NIR,male,active,,9925,Celtic,2026-01-05,,5,4,"8472, 5791, 10203, 9925","Sunderland, Ireland, Nottingham Forest, Celtic","Sunderland (2011-12-05 to 2013-03-31): 66 matches, 21 wins | Ireland (2013-11-05 to 2018-11-21): 55 matches, 19 wins | Nottingham Forest (2019-01-15 to 2019-06-28): 19 matches, 8 wins | Celtic (2025-10-28 to 2025-12-04): 28 matches, 22 wins | Celtic (2026-01-05 to present): 38 matches, 31 wins",206,101,49,56,49.03,1.71,38,31,3,4,81.58,2.53,10,5,2,"9925, 8197","Celtic, Leicester City","137, 64, 180, 133","Scottish Cup, Premiership, League Cup, EFL Cup","Celtic - Scottish Cup: won [2025/2026, 2004/2005, 2003/2004, 2000/2001]; runner-up [2001/2002] | Celtic - Premiership: won [2025/2026, 2003/2004, 2001/2002, 2000/2001]; runner-up [2004/2005, 2002/2003] | Celtic - League Cup: won [2000/2001]; runner-up [2002/2003] | Leicester City - EFL Cup: won [1996/1997]; runner-up [1998/1999]",38,30,4,4,78.95,5987799,2026-08-19,9977,LASK,10611,Champions League Qualification,3-0,W,https://www.fotmob.com/players/78599/martin-oneill,https://images.fotmob.com/image_resources/playerimages/78599.png,2026-08-23T04:30:46+00:00
22947,Rob Page,1974-09-03,51,Wales,WAL,male,active,,394197,Liverpool U19,2025-07-01,,7,7,"9799, 8651, 840188, 5852, 5790, 1070259, 394197","Port Vale, Northampton Town, Wales U20, Wales U21, Wales, Liverpool U21, Liverpool U19","Port Vale (2013-09-24 to 2016-05-19): 147 matches, 55 wins | Northampton Town (2016-05-19 to 2017-01-09): 34 matches, 11 wins | Wales U20 (2017-05-15 to 2024-06-21): 3 matches, 1 wins | Wales U21 (2017-08-01 to 2019-08-22): 10 matches, 4 wins | Wales (2021-04-23 to 2024-06-21): 39 matches, 11 wins | Liverpool U21 (2025-06-25 to present): 24 matches, 12 wins | Liverpool U19 (2025-07-01 to present): 7 matches, 3 wins",264,97,54,113,36.74,1.31,7,3,1,3,42.86,1.43,1,0,1,8651,Northampton Town,109,League Two,Northampton Town - League Two: won [2015/2016]; runner-up [],0,0,0,0,,,,,,,,,,https://www.fotmob.com/players/22947/rob-page,https://images.fotmob.com/image_resources/playerimages/22947.png,2026-08-23T04:30:46+00:00
24105,Liam Rosenior,1984-07-09,42,England,ENG,male,active,178,6379,Paris FC,2026-07-07,,5,5,"10170, 8667, 9848, 8455, 6379","Derby County, Hull City, Strasbourg, Chelsea, Paris FC","Derby County (2022-06-26 to 2022-09-21): 12 matches, 7 wins | Hull City (2022-11-03 to 2024-05-07): 78 matches, 27 wins | Strasbourg (2024-07-25 to 2026-01-06): 63 matches, 32 wins | Chelsea (2026-01-08 to 2026-04-22): 23 matches, 11 wins | Paris FC (2026-07-07 to present): 1 matches, 0 wins",177,77,47,53,43.5,1.57,1,0,1,0,0,1,0,0,0,,,,,,5,1,2,2,20.0,5802909,2026-08-22,10242,Troyes,53,Ligue 1,0-0,D,https://www.fotmob.com/players/24105/liam-rosenior,https://images.fotmob.com/image_resources/playerimages/24105.png,2026-08-23T04:30:46+00:00
31233,Jacob Neestrup,1988-03-08,38,Denmark,DEN,male,active,184,10200,Panathinaikos,2026-05-26,,3,3,"9939, 8391, 10200","Viborg, FC København, Panathinaikos","Viborg (2019-07-01 to 2020-12-31): 54 matches, 31 wins | FC København (2022-09-20 to 2026-03-29): 189 matches, 103 wins | Panathinaikos (2026-05-26 to present): 5 matches, 2 wins",248,136,55,57,54.84,1.87,5,2,3,0,40,1.8,4,0,1,8391,FC København,"46, 242","Superligaen, DBU Pokalen","FC København - Superligaen: won [2024/2025, 2022/2023]; runner-up [] | FC København - DBU Pokalen: won [2024/2025, 2022/2023]; runner-up []",37,14,10,13,37.84,5988062,2026-08-20,1712,Hradec Kralove,10615,Conference League Qualification,2-2,D,https://www.fotmob.com/players/31233/jacob-neestrup,https://images.fotmob.com/image_resources/playerimages/31233.png,2026-08-23T04:30:46+00:00
212813,Jens Wissing,1988-01-02,38,Germany,GER,male,active,183,8577,Al Ittihad,2026-07-10,,2,2,"6582, 8577","Gamba Osaka, Al Ittihad","Gamba Osaka (2026-01-01 to 2026-07-09): 27 matches, 15 wins | Al Ittihad (2026-07-10 to present): 4 matches, 3 wins",31,18,4,9,58.06,1.87,4,3,1,0,75,2.5,3,1,2,"6582, 9772","Gamba Osaka, Benfica","9469, 188, 61","AFC Champions League Two, Super Cup, Liga Portugal",Gamba Osaka - AFC Champions League Two: won [2025/2026]; runner-up [] | Benfica - Super Cup: won [2023/2024]; runner-up [] | Benfica - Liga Portugal: won [2022/2023]; runner-up [2023/2024],22,7,10,5,31.82,5970094,2026-08-21,101919,Al Qadsiah,536,Saudi Pro League,0-1,W,https://www.fotmob.com/players/212813/jens-wissing,https://images.fotmob.com/image_resources/playerimages/212813.png,2026-08-23T04:30:46+00:00
789362,Angel Guillermo Hoyos,1963-06-06,63,Argentina,ARG,male,active,,,,,,0,0,,,,0,0,0,0,,,,,,,,,0,0,0,,,,,,17,9,3,5,52.94,5071293,2026-08-22,56453,Toronto FC,130,Major League Soccer,1-2,L,https://www.fotmob.com/players/789362/angel-guillermo-hoyos,https://images.fotmob.com/image_resources/playerimages/789362.png,2026-08-23T04:30:46+00:00
36771,Julian Schuster,1985-04-15,41,Germany,GER,male,active,190,8358,Freiburg,2024-07-01,,1,1,8358,Freiburg,"Freiburg (2024-07-01 to present): 92 matches, 45 wins",92,45,17,30,48.91,1.65,92,45,17,30,48.91,1.65,0,0,0,,,,,,53,25,11,17,47.17,5988056,2026-08-20,9927,Motherwell,10615,Conference League Qualification,1-3,W,https://www.fotmob.com/players/36771/julian-schuster,https://images.fotmob.com/image_resources/playerimages/36771.png,2026-08-23T04:30:47+00:00
1318836,Alessio Lisci,1985-11-04,40,Italy,ITA,male,active,,8619,PAOK Thessaloniki,2026-06-22,,5,5,"189654, 8581, 4032, 8371, 8619","Atletico Levante UD, Levante, CD Mirandes, Osasuna, PAOK Thessaloniki","Atletico Levante UD (2020-12-15 to 2021-11-29): 31 matches, 12 wins | Levante (2021-11-30 to 2022-06-30): 25 matches, 9 wins | CD Mirandes (2023-07-01 to 2025-06-23): 91 matches, 37 wins | Osasuna (2025-06-23 to 2026-06-30): 42 matches, 14 wins | PAOK Thessaloniki (2026-06-22 to present): 5 matches, 2 wins",194,74,45,75,38.14,1.38,5,2,1,2,40,1.4,0,0,0,,,,,,10,3,2,5,30.0,5988064,2026-08-20,8468,Brann,10615,Conference League Qualification,1-1,D,https://www.fotmob.com/players/1318836/alessio-lisci,https://images.fotmob.com/image_resources/playerimages/1318836.png,2026-08-23T04:30:47+00:00
38847,Dino Toppmöller,1980-11-23,45,Germany,GER,male,active,190,8588,Lens,2026-06-16,,4,4,"4548, 8174, 9810, 8588","F91 Dudelange, Virton, Eintracht Frankfurt, Lens","F91 Dudelange (2016-07-01 to 2019-06-30): 98 matches, 66 wins | Virton (2019-07-01 to 2019-12-04): 17 matches, 9 wins | Eintracht Frankfurt (2023-06-12 to 2026-01-18): 122 matches, 52 wins | Lens (2026-06-16 to present): 2 matches, 2 wins",239,129,53,57,53.97,1.84,2,2,0,0,100,3,9,0,4,"8588, 9823, 4548, 0","Lens, Bayern München, F91 Dudelange, FC Luxembourg City","207, 54, 8924, 229, 9527, -1","Trophée des Champions, Bundesliga, Super Cup, National Division, Coupe de Luxembourg, Promotion d'Honneur","Lens - Trophée des Champions: won [2026/2027]; runner-up [] | Bayern München - Bundesliga: won [2021/2022]; runner-up [] | Bayern München - Super Cup: won [2022/2023]; runner-up [] | F91 Dudelange - National Division: won [2018/2019, 2017/2018, 2016/2017]; runner-up [] | F91 Dudelange - Coupe de Luxembourg: won [2018/2019, 2016/2017]; runner-up [] | FC Luxembourg City - Promotion d'Honneur: won [2014/2015]; runner-up []",2,2,0,0,100.0,5802904,2026-08-22,8583,Auxerre,53,Ligue 1,5-2,W,https://www.fotmob.com/players/38847/dino-toppmoller,https://images.fotmob.com/image_resources/playerimages/38847.png,2026-08-23T04:30:47+00:00
34204,Derek McInnes,1971-07-05,55,Scotland,SCO,male,active,,8548,Rangers,2026-06-17,,6,6,"8467, 8427, 8485, 8597, 9860, 8548","St. Johnstone, Bristol City, Aberdeen, Kilmarnock, Heart of Midlothian, Rangers","St. Johnstone (2007-11-27 to 2011-10-19): 59 matches, 22 wins | Bristol City (2011-10-19 to 2013-01-12): 62 matches, 17 wins | Aberdeen (2013-04-07 to 2021-03-08): 377 matches, 202 wins | Kilmarnock (2022-01-07 to 2025-05-16): 159 matches, 61 wins | Heart of Midlothian (2025-05-19 to 2026-06-17): 44 matches, 28 wins | Rangers (2026-06-17 to present): 6 matches, 2 wins",707,332,148,227,46.96,1.62,6,2,2,2,33.33,1.33,3,2,3,"8467, 8597, 8485","St. Johnstone, Kilmarnock, Aberdeen","123, 180","Championship, League Cup","St. Johnstone - Championship: won [2008/2009]; runner-up [] | Kilmarnock - Championship: won [2021/2022]; runner-up [] | Aberdeen - League Cup: won [2013/2014]; runner-up [2018/2019, 2016/2017]",37,21,9,7,56.76,5988067,2026-08-20,7758,Jablonec,10615,Conference League Qualification,1-0,W,https://www.fotmob.com/players/34204/derek-mcinnes,https://images.fotmob.com/image_resources/playerimages/34204.png,2026-08-23T04:30:47+00:00
762679,Jens Olsen,1975-05-19,51,Denmark,DEN,male,active,,10202,Nordsjælland,2024-06-24,,2,2,"457638, 10202","Nykøbing FC, Nordsjælland","Nykøbing FC (2013-07-01 to 2019-06-21): 202 matches, 85 wins | Nordsjælland (2024-06-24 to present): 78 matches, 38 wins",280,123,56,101,43.93,1.52,78,38,13,27,48.72,1.63,0,0,0,,,,,,38,22,6,10,57.89,5988068,2026-08-20,10190,St. Gallen,10615,Conference League Qualification,1-0,W,https://www.fotmob.com/players/762679/jens-olsen,https://images.fotmob.com/image_resources/playerimages/762679.png,2026-08-23T04:30:47+00:00
160770,Brendan Rodgers,1973-01-26,53,Northern Ireland,NIR,male,active,,101919,Al Qadsiah,2025-12-17,,6,5,"10003, 8650, 9925, 8197, 101919","Swansea City, Liverpool, Celtic, Leicester City, Al Qadsiah","Swansea City (2010-07-16 to 2012-05-30): 96 matches, 43 wins | Liverpool (2012-06-01 to 2015-10-05): 166 matches, 85 wins | Celtic (2016-05-20 to 2019-02-26): 169 matches, 118 wins | Leicester City (2019-02-27 to 2023-04-02): 204 matches, 96 wins | Celtic (2023-07-01 to 2025-10-28): 123 matches, 83 wins | Al Qadsiah (2025-12-17 to present): 28 matches, 20 wins",786,445,147,194,56.62,1.89,28,20,6,2,71.43,2.36,13,1,2,"8197, 9925","Leicester City, Celtic","132, 247, 137, 64, 180","FA Cup, Community Shield, Scottish Cup, Premiership, League Cup","Leicester City - FA Cup: won [2020/2021]; runner-up [] | Leicester City - Community Shield: won [2021/2022]; runner-up [] | Celtic - Scottish Cup: won [2023/2024, 2017/2018, 2016/2017]; runner-up [2024/2025] | Celtic - Premiership: won [2024/2025, 2023/2024, 2017/2018, 2016/2017]; runner-up [] | Celtic - League Cup: won [2024/2025, 2018/2019, 2017/2018, 2016/2017]; runner-up []",39,24,10,5,61.54,5970094,2026-08-21,8577,Al Ittihad,536,Saudi Pro League,0-1,L,https://www.fotmob.com/players/160770/brendan-rodgers,https://images.fotmob.com/image_resources/playerimages/160770.png,2026-08-23T04:30:47+00:00
33244,Daniel Thioune,1974-07-21,52,Germany,GER,male,active,180,8697,Werder Bremen,2026-02-04,,4,4,"9775, 9790, 8194, 8697","VfL Osnabrück, Hamburger SV, Fortuna Düsseldorf, Werder Bremen","VfL Osnabrück (2017-10-05 to 2020-07-06): 101 matches, 37 wins | Hamburger SV (2020-07-06 to 2021-05-03): 32 matches, 14 wins | Fortuna Düsseldorf (2022-02-08 to 2025-10-06): 135 matches, 66 wins | Werder Bremen (2026-02-04 to present): 14 matches, 4 wins",282,121,77,84,42.91,1.56,14,4,1,9,28.57,0.93,1,0,1,9775,VfL Osnabrück,208,3. Liga,VfL Osnabrück - 3. Liga: won [2018/2019]; runner-up [],20,7,2,11,35.0,4829620,2026-05-16,9789,Borussia Dortmund,54,Bundesliga,0-2,L,https://www.fotmob.com/players/33244/daniel-thioune,https://images.fotmob.com/image_resources/playerimages/33244.png,2026-08-23T04:30:47+00:00
30584,Joel Huiqui,1983-02-18,43,Mexico,MEX,male,active,185,6578,Cruz Azul,2026-04-23,,1,1,6578,Cruz Azul,"Cruz Azul (2026-04-23 to present): 15 matches, 10 wins",15,10,2,3,66.67,2.13,15,10,2,3,66.67,2.13,2,0,1,6578,Cruz Azul,"230, 11039","Liga MX, Campeón de Campeones",Cruz Azul - Liga MX: won [2025/2026 Clausura]; runner-up [] | Cruz Azul - Campeón de Campeones: won [2025/2026]; runner-up [],10,7,2,1,70.0,5844874,2026-08-14,6397,Chicago Fire FC,10043,Leagues Cup,1-2,L,https://www.fotmob.com/players/30584/joel-huiqui,https://images.fotmob.com/image_resources/playerimages/30584.png,2026-08-23T04:30:47+00:00
18738,Eduardo Coudet,1974-09-12,51,Argentina,ARG,male,active,178,10076,River Plate,2026-03-04,,9,8,"10084, 162418, 10080, 8702, 9910, 10272, 9866, 10076","Rosario Central, Tijuana, Racing Club, Internacional, Celta Vigo, Atlético-MG, Deportivo Alaves, River Plate","Rosario Central (2014-12-16 to 2016-12-17): 81 matches, 39 wins | Tijuana (2017-05-26 to 2017-11-01): 15 matches, 5 wins | Racing Club (2017-12-18 to 2019-12-15): 74 matches, 37 wins | Internacional (2019-12-16 to 2020-11-09): 37 matches, 20 wins | Celta Vigo (2020-11-12 to 2022-11-01): 84 matches, 31 wins | Atlético-MG (2022-11-19 to 2023-06-12): 35 matches, 21 wins | Internacional (2023-07-19 to 2024-07-12): 65 matches, 32 wins | Deportivo Alaves (2024-12-02 to 2026-03-03): 55 matches, 17 wins | River Plate (2026-03-04 to present): 25 matches, 14 wins",471,216,121,134,45.86,1.63,25,14,3,8,56.0,1.8,3,0,2,"10272, 10080","Atlético-MG, Racing Club","10273, 112, 10053","Mineiro, Liga Profesional, Trofeo de Campeones",Atlético-MG - Mineiro: won [2023]; runner-up [] | Racing Club - Liga Profesional: won [2018/2019]; runner-up [] | Racing Club - Trofeo de Campeones: won [2019]; runner-up [],44,16,7,21,36.36,5115944,2026-08-16,10086,Argentinos Juniors,112,Liga Profesional Clausura,2-0,W,https://www.fotmob.com/players/18738/eduardo-coudet,https://images.fotmob.com/image_resources/playerimages/18738.png,2026-08-23T04:30:47+00:00
278248,Olivier Pantaloni,1966-12-13,59,France,FRA,male,active,,9831,Nice,2026-06-17,,5,4,"8576, 8575, 8689, 9831","AC Ajaccio, Tours, Lorient, Nice","AC Ajaccio (2009-02-23 to 2012-06-15): 80 matches, 28 wins | Tours (2013-07-01 to 2014-10-21): 50 matches, 18 wins | AC Ajaccio (2014-11-07 to 2024-06-23): 381 matches, 136 wins | Lorient (2024-06-23 to 2026-06-09): 76 matches, 39 wins | Nice (2026-06-17 to present): 1 matches, 0 wins",588,221,152,215,37.59,1.39,1,0,1,0,0,1,1,0,1,8689,Lorient,110,Ligue 2,Lorient - Ligue 2: won [2024/2025]; runner-up [],36,12,14,10,33.33,5802906,2026-08-22,8689,Lorient,53,Ligue 1,0-0,D,https://www.fotmob.com/players/278248/olivier-pantaloni,https://images.fotmob.com/image_resources/playerimages/278248.png,2026-08-23T04:30:47+00:00
34943,Fatih Tekke,1977-09-09,48,Turkiye,TUR,male,active,178,9752,Trabzonspor,2025-03-11,,8,8,"4473, 4675, 6233, 10270, 4455, 106560, 4678, 9752","Kayseri Erciyesspor, Boluspor, Manisaspor, Bursaspor, Denizlispor, Istanbulspor, Alanyaspor, Trabzonspor","Kayseri Erciyesspor (2015-03-31 to 2015-06-30): 9 matches, 1 wins | Boluspor (2016-02-05 to 2016-05-03): 13 matches, 2 wins | Manisaspor (2017-10-10 to 2018-01-17): 13 matches, 5 wins | Bursaspor (2021-08-24 to 2021-09-20): 4 matches, 1 wins | Denizlispor (2021-11-08 to 2022-01-24): 12 matches, 4 wins | Istanbulspor (2022-10-25 to 2023-11-09): 35 matches, 11 wins | Alanyaspor (2023-11-03 to 2024-11-07): 41 matches, 13 wins | Trabzonspor (2025-03-11 to present): 59 matches, 34 wins",186,71,51,64,38.17,1.42,59,34,14,11,57.63,1.97,1,1,1,9752,Trabzonspor,151,Turkish Cup,Trabzonspor - Turkish Cup: won [2025/2026]; runner-up [2024/2025],38,20,11,7,52.63,5987955,2026-08-20,8222,Ferencvaros,10613,Europa League Qualification,0-1,L,https://www.fotmob.com/players/34943/fatih-tekke,https://images.fotmob.com/image_resources/playerimages/34943.png,2026-08-23T04:30:47+00:00
56879,Gerardo Seoane,1978-10-30,47,Switzerland,SUI,male,active,,10192,Young Boys,2025-10-31,,6,4,"10199, 10192, 8178, 9788","Luzern, Young Boys, Bayer Leverkusen, Borussia Mönchengladbach","Luzern (2013-04-03 to 2013-04-08): 1 matches, 0 wins | Luzern (2018-01-05 to 2018-06-21): 17 matches, 10 wins | Young Boys (2018-07-01 to 2021-06-30): 148 matches, 97 wins | Bayer Leverkusen (2021-07-01 to 2022-10-05): 56 matches, 26 wins | Borussia Mönchengladbach (2023-06-06 to 2025-09-15): 78 matches, 25 wins | Young Boys (2025-10-31 to present): 36 matches, 14 wins",336,172,69,95,51.19,1.74,36,14,8,14,38.89,1.39,4,0,1,10192,Young Boys,"164, 69","Swiss Cup, Super League","Young Boys - Swiss Cup: won [2019/2020]; runner-up [] | Young Boys - Super League: won [2020/2021, 2019/2020, 2018/2019]; runner-up []",37,13,8,16,35.14,5804233,2026-08-08,7730,Lausanne,69,Super League,2-2,D,https://www.fotmob.com/players/56879/gerardo-seoane,https://images.fotmob.com/image_resources/playerimages/56879.png,2026-08-23T04:30:48+00:00
30891,Gabriel Milito,1980-09-07,45,Argentina,ARG,male,active,179,7807,Chivas,2025-05-27,,7,6,"10094, 10078, 6296, 10086, 10272, 7807","Estudiantes, Independiente, O'Higgins, Argentinos Juniors, Atlético-MG, Chivas","Estudiantes (2015-04-16 to 2015-12-07): 31 matches, 18 wins | Independiente (2016-05-23 to 2016-12-18): 19 matches, 8 wins | O'Higgins (2017-08-14 to 2018-06-22): 31 matches, 11 wins | Estudiantes (2019-03-12 to 2020-03-05): 34 matches, 13 wins | Argentinos Juniors (2021-01-19 to 2023-09-02): 135 matches, 58 wins | Atlético-MG (2024-03-25 to 2024-12-05): 62 matches, 23 wins | Chivas (2025-05-27 to present): 51 matches, 27 wins",363,158,89,116,43.53,1.55,51,27,8,16,52.94,1.75,1,0,1,10272,Atlético-MG,10273,Mineiro,Atlético-MG - Mineiro: won [2024]; runner-up [],39,21,8,10,53.85,5844870,2026-08-13,130394,Seattle Sounders FC,10043,Leagues Cup,1-2,W,https://www.fotmob.com/players/30891/gabriel-milito,https://images.fotmob.com/image_resources/playerimages/30891.png,2026-08-23T04:30:47+00:00
319639,Vágner Mancini,1966-10-24,59,Brazil,BRA,male,active,,109705,Bragantino,2025-10-30,,21,16,"7817, 172341, 9781, 6305, 10273, 8517, 7733, 197693, 10277, 10272, 165545, 9808, 1757, 9769, 9862, 109705","Guarani, Ceará, Cruzeiro, Sport Recife, Athletico Paranaense, Botafogo RJ, Vitória, Chapecoense AF, São Paulo, Atlético-MG, Atlético-GO, Corinthians, América-MG, Grêmio, Goiás, Bragantino","Guarani (2010-04-15 to 2010-12-15): 31 matches, 5 wins | Ceará (2011-04-01 to 2011-09-11): 30 matches, 11 wins | Cruzeiro (2011-09-26 to 2012-05-11): 16 matches, 4 wins | Sport Recife (2012-05-16 to 2012-08-13): 16 matches, 3 wins | Athletico Paranaense (2013-07-10 to 2013-12-31): 42 matches, 20 wins | Botafogo RJ (2014-04-15 to 2014-12-10): 42 matches, 10 wins | Vitória (2015-06-07 to 2016-09-11): 64 matches, 25 wins | Chapecoense AF (2016-12-09 to 2017-07-05): 26 matches, 7 wins | Vitória (2017-07-26 to 2018-07-31): 54 matches, 21 wins | São Paulo (2019-02-14 to 2019-04-01): 1 matches, 0 wins | Atlético-MG (2019-10-15 to 2019-12-15): 13 matches, 4 wins | Atlético-GO (2020-06-24 to 2020-10-12): 18 matches, 5 wins | Corinthians (2020-10-12 to 2021-05-17): 46 matches, 21 wins | América-MG (2021-06-21 to 2021-10-15): 21 matches, 7 wins | Grêmio (2021-10-15 to 2022-02-14): 20 matches, 10 wins | América-MG (2022-04-12 to 2023-08-08): 94 matches, 37 wins | Ceará (2023-08-31 to 2024-06-27): 36 matches, 12 wins | Atlético-GO (2024-07-04 to 2024-08-05): 9 matches, 0 wins | Goiás (2024-08-07 to 2024-11-25): 21 matches, 11 wins | Goiás (2025-03-26 to 2025-10-13): 32 matches, 14 wins | Bragantino (2025-10-30 to present): 51 matches, 21 wins",683,248,184,251,36.31,1.36,51,21,13,17,41.18,1.49,4,1,3,"197693, 7733, 172341","Chapecoense AF, Vitória, Ceará","-1, 10290, 8980","Catarinense 1, Baiano, Brazil State Championship","Chapecoense AF - Catarinense 1: won [2017]; runner-up [] | Vitória - Baiano: won [2016]; runner-up [2018] | Ceará - Brazil State Championship: won [2024, 2011]; runner-up []",18,6,5,7,33.33,4732831,2025-12-07,8702,Internacional,268,Serie A,3-1,L,https://www.fotmob.com/players/319639/vagner-mancini,https://images.fotmob.com/image_resources/playerimages/319639.png,2026-08-23T04:30:48+00:00
78656,Cosmin Olaroiu,1969-06-10,57,Romania,ROU,male,active,,102101,Al-Jazira,2026-06-13,,10,9,"101895, 9723, 102117, 102119, 7795, 167482, 102124, 5789, 102101","Al-Sadd, FCSB, Al-Ain, Shabab Al-Ahli Dubai FC, Saudi Arabia, Jiangsu FC, Sharjah Cultural Club, UAE, Al-Jazira","Al-Sadd (2009-07-01 to 2010-12-24): 11 matches, 6 wins | FCSB (2011-05-05 to 2011-06-06): 5 matches, 3 wins | Al-Ain (2011-07-08 to 2013-07-07): 54 matches, 39 wins | Shabab Al-Ahli Dubai FC (2013-07-07 to 2014-12-20): 57 matches, 31 wins | Saudi Arabia (2014-12-16 to 2015-01-19): 5 matches, 1 wins | Shabab Al-Ahli Dubai FC (2015-02-02 to 2017-12-03): 109 matches, 58 wins | Jiangsu FC (2018-03-28 to 2021-10-31): 89 matches, 44 wins | Sharjah Cultural Club (2021-11-11 to 2025-06-17): 139 matches, 78 wins | UAE (2025-04-19 to present): 14 matches, 5 wins | Al-Jazira (2026-06-13 to present): 2 matches, 1 wins",485,266,121,98,54.85,1.89,2,1,0,1,50,1.5,16,1,5,"167482, 102119, 102124, 102117, 9723","Jiangsu FC, Shabab Al-Ahli Dubai FC, Sharjah Cultural Club, Al-Ain, FCSB","120, 11026, 11027, 538, -1, 189","Super League, Super Cup, League Cup, Pro League, Presidents Cup, Liga I","Jiangsu FC - Super League: won [2020]; runner-up [] | Shabab Al-Ahli Dubai FC - Super Cup: won [2016/2017, 2014/2015, 2013/2014]; runner-up [] | Shabab Al-Ahli Dubai FC - League Cup: won [2016/2017, 2013/2014]; runner-up [] | Shabab Al-Ahli Dubai FC - Pro League: won [2015/2016, 2013/2014]; runner-up [] | Sharjah Cultural Club - Super Cup: won [2022/2023]; runner-up [] | Sharjah Cultural Club - Presidents Cup: won [2022/2023, 2021/2022]; runner-up [] | Sharjah Cultural Club - League Cup: won [2022/2023]; runner-up [] | Al-Ain - Super Cup: won [2012/2013]; runner-up [] | Al-Ain - Pro League: won [2012/2013, 2011/2012]; runner-up [] | FCSB - Liga I: won [2005/2006]; runner-up [2006/2007]",4,1,1,2,25.0,5013624,2025-11-18,5819,Iraq,10197,World Cup Qualification AFC 5th Round,2-1,L,https://www.fotmob.com/players/78656/cosmin-olaroiu,https://images.fotmob.com/image_resources/playerimages/78656.png,2026-08-23T04:30:48+00:00
3240,Sebastián Abreu,1976-10-17,49,Uruguay,URU,male,active,193,162418,Tijuana,2025-04-30,,6,6,"322381, 188313, 805913, 4415, 2034, 162418","Santa Tecla FC, Boston River, Always Ready, Universidad Cesar Vallejo, Dorados, Tijuana","Santa Tecla FC (2019-04-30 to 2019-05-31): 3 matches, 0 wins | Boston River (2019-12-27 to 2020-11-10): 18 matches, 3 wins | Always Ready (2022-01-01 to 2022-03-03): 4 matches, 1 wins | Universidad Cesar Vallejo (2022-12-15 to 2023-08-30): 36 matches, 12 wins | Dorados (2024-07-01 to 2025-03-15): 24 matches, 7 wins | Tijuana (2025-04-30 to present): 48 matches, 17 wins",133,40,37,56,30.08,1.18,48,17,15,16,35.42,1.38,0,0,0,,,,,,35,11,12,12,31.43,5844875,2026-08-14,307690,Portland Timbers,10043,Leagues Cup,3-1,L,https://www.fotmob.com/players/3240/sebastian-abreu,https://images.fotmob.com/image_resources/playerimages/3240.png,2026-08-23T04:30:48+00:00
38464,Quique Alvarez,1975-07-20,51,Spain,ESP,male,active,180,,,,,0,0,,,,0,0,0,0,,,,,,,,,0,0,0,,,,,,2,0,1,1,0.0,5868408,2026-08-21,7869,Cordoba,140,LaLiga2,2-1,L,https://www.fotmob.com/players/38464/quique-alvarez,https://images.fotmob.com/image_resources/playerimages/38464.png,2026-08-23T04:30:48+00:00
933794,Murad Musayev,1983-11-10,42,Russia,RUS,male,active,,168719,FC Krasnodar,2024-03-14,,4,2,"168719, 951893","FC Krasnodar, Sabah FK","FC Krasnodar (2018-04-03 to 2019-07-16): 58 matches, 29 wins | FC Krasnodar (2020-06-26 to 2021-04-04): 43 matches, 16 wins | Sabah FK (2021-11-01 to 2024-02-01): 79 matches, 45 wins | FC Krasnodar (2024-03-14 to present): 99 matches, 64 wins",279,154,54,71,55.2,1.85,99,64,16,19,64.65,2.1,1,2,1,168719,FC Krasnodar,63,Premier League,"FC Krasnodar - Premier League: won [2024/2025]; runner-up [2025/2026, 2023/2024]",29,20,6,3,68.97,5847146,2026-08-15,8708,FK Akhmat,63,Premier League,1-0,W,https://www.fotmob.com/players/933794/murad-musayev,https://images.fotmob.com/image_resources/playerimages/933794.png,2026-08-23T04:30:48+00:00
34699,Mike Tullberg,1985-12-25,40,Denmark,DEN,male,active,189,8113,FC Midtjylland,2025-09-02,,5,4,"8395, 394130, 9789, 8113","Borussia Dortmund II, Borussia Dortmund U19, Borussia Dortmund, FC Midtjylland","Borussia Dortmund II (2019-07-01 to 2020-06-30): 25 matches, 9 wins | Borussia Dortmund U19 (2020-07-01 to 2025-06-30): 32 matches, 14 wins | Borussia Dortmund (2025-01-22 to 2025-02-02): 3 matches, 2 wins | Borussia Dortmund II (2025-05-05 to 2025-09-01): 8 matches, 2 wins | FC Midtjylland (2025-09-02 to present): 50 matches, 29 wins",118,56,28,34,47.46,1.66,50,29,12,9,58.0,1.98,2,2,2,"8113, 394130","FC Midtjylland, Borussia Dortmund U19","242, -1","DBU Pokalen, U19 Bundesliga","FC Midtjylland - DBU Pokalen: won [2025/2026]; runner-up [] | Borussia Dortmund U19 - U19 Bundesliga: won [2021/2022]; runner-up [2023/2024, 2022/2023]",47,26,12,9,55.32,5988066,2026-08-20,10162,Rijeka,10615,Conference League Qualification,2-0,W,https://www.fotmob.com/players/34699/mike-tullberg,https://images.fotmob.com/image_resources/playerimages/34699.png,2026-08-23T04:30:48+00:00
94647,Vincent Wagner,1986-04-05,40,Germany,GER,male,active,189,8232,Elversberg,2025-07-01,,2,2,"94940, 8232","Hoffenheim II, Elversberg","Hoffenheim II (2022-06-07 to 2025-06-05): 102 matches, 62 wins | Elversberg (2025-07-01 to present): 36 matches, 19 wins",138,81,25,32,58.7,1.94,36,19,8,9,52.78,1.81,0,0,0,,,,,,33,17,8,8,51.52,4829952,2026-05-17,8171,Preussen Münster,146,2. Bundesliga,3-0,W,https://www.fotmob.com/players/94647/vincent-wagner,https://images.fotmob.com/image_resources/playerimages/94647.png,2026-08-23T04:30:48+00:00
141102,Ralf Kettemann,1986-08-20,40,Germany,GER,male,active,,8460,Paderborn,2025-06-01,,1,1,8460,Paderborn,"Paderborn (2025-06-01 to present): 38 matches, 20 wins",38,20,9,9,52.63,1.82,38,20,9,9,52.63,1.82,0,0,0,,,,,,35,18,8,9,51.43,5630367,2026-05-25,8721,Wolfsburg,9081,Bundesliga Qualification,2-1,W,https://www.fotmob.com/players/141102/ralf-kettemann,https://images.fotmob.com/image_resources/playerimages/141102.png,2026-08-23T04:30:48+00:00
27370,Thorsten Fink,1967-10-29,58,Germany,GER,male,active,,9750,Samsunspor,2026-02-16,,11,11,"9931, 9790, 8621, 10011, 9956, 4688, 624924, 102123, 9997, 9987, 9750","Basel, Hamburger SV, APOEL Nicosia, Austria Wien, Grasshopper, Vissel Kobe, Riga FC, Al-Nasr SC, St.Truiden, Genk, Samsunspor","Basel (2009-07-01 to 2011-10-13): 66 matches, 37 wins | Hamburger SV (2011-10-17 to 2013-09-17): 68 matches, 23 wins | APOEL Nicosia (2015-01-10 to 2015-05-11): 21 matches, 11 wins | Austria Wien (2015-07-01 to 2018-02-25): 130 matches, 62 wins | Grasshopper (2018-04-23 to 2019-03-04): 30 matches, 7 wins | Vissel Kobe (2019-06-14 to 2020-09-21): 48 matches, 22 wins | Riga FC (2022-01-04 to 2022-05-16): 13 matches, 8 wins | Al-Nasr SC (2022-07-01 to 2022-11-05): 9 matches, 1 wins | St.Truiden (2023-05-16 to 2024-06-30): 42 matches, 14 wins | Genk (2024-06-06 to 2025-12-15): 73 matches, 39 wins | Samsunspor (2026-02-16 to present): 20 matches, 11 wins",520,235,114,171,45.19,1.57,20,11,4,5,55.0,1.85,4,0,2,"4688, 9931","Vissel Kobe, Basel","440, -1, 69","Super Cup, Emperor Cup, Super League","Vissel Kobe - Super Cup: won [2020]; runner-up [] | Vissel Kobe - Emperor Cup: won [2019]; runner-up [] | Basel - Super League: won [2010/2011, 2009/2010]; runner-up []",19,10,5,4,52.63,5904716,2026-08-22,2166,Rizespor,71,Super Lig,0-2,W,https://www.fotmob.com/players/27370/thorsten-fink,https://images.fotmob.com/image_resources/playerimages/27370.png,2026-08-23T04:30:48+00:00
288804,Metin Diyadin,1968-02-16,58,Turkiye,TUR,male,active,,7800,Gençlerbirliği,2026-05-05,,12,8,"4685, 7800, 1925, 4081, 5759, 9742, 162975, 1281818","Kasımpaşa, Gençlerbirliği, Göztepe, Gaziantep FK, Giresunspor, Ankaragücü, Bandırmaspor, Igdir FK","Kasımpaşa (2012-03-28 to 2012-09-24): 15 matches, 9 wins | Gençlerbirliği (2013-06-14 to 2013-10-20): 9 matches, 2 wins | Göztepe (2014-10-23 to 2016-02-16): 24 matches, 8 wins | Gaziantep FK (2016-10-11 to 2017-02-23): 16 matches, 3 wins | Giresunspor (2017-08-10 to 2018-02-05): 37 matches, 17 wins | Giresunspor (2018-02-27 to 2018-10-02): 45 matches, 22 wins | Ankaragücü (2019-09-03 to 2019-11-12): 9 matches, 1 wins | Bandırmaspor (2021-05-04 to 2021-05-26): 1 matches, 0 wins | Gençlerbirliği (2021-06-22 to 2022-09-11): 43 matches, 16 wins | Igdir FK (2023-09-20 to 2024-03-27): 1 matches, 0 wins | Gençlerbirliği (2025-12-16 to 2026-02-15): 11 matches, 6 wins | Gençlerbirliği (2026-05-05 to present): 10 matches, 5 wins",221,89,45,87,40.27,1.41,10,5,2,3,50,1.7,2,1,2,"7800, 0","Gençlerbirliği, Orduspor Kulübü","-1, 165","TSYD Cup, 1. Lig",Gençlerbirliği - TSYD Cup: won [2021/2022]; runner-up [2022/2023] | Orduspor Kulübü - 1. Lig: won [2010/2011]; runner-up [],8,4,2,2,50.0,5904708,2026-08-15,8695,Fenerbahçe,71,Super Lig,2-1,W,https://www.fotmob.com/players/288804/metin-diyadin,https://images.fotmob.com/image_resources/playerimages/288804.png,2026-08-23T04:30:48+00:00
96171,Selçuk Inan,1985-02-10,41,Turkiye,TUR,male,active,182,1569,Kocaelispor,2025-06-03,,3,3,"4685, 4081, 1569","Kasımpaşa, Gaziantep FK, Kocaelispor","Kasımpaşa (2022-11-21 to 2023-03-19): 14 matches, 4 wins | Gaziantep FK (2024-03-08 to 2025-05-10): 48 matches, 20 wins | Kocaelispor (2025-06-03 to present): 40 matches, 11 wins",102,35,20,47,34.31,1.23,40,11,11,18,27.5,1.1,0,0,0,,,,,,33,9,10,14,27.27,5904706,2026-08-16,1933,Başakşehir,71,Super Lig,2-0,L,https://www.fotmob.com/players/96171/selcuk-inan,https://images.fotmob.com/image_resources/playerimages/96171.png,2026-08-23T04:30:48+00:00
1371700,Jalel Kadri,1971-12-14,54,Tunisia,TUN,male,active,,101911,Al Hazem,2025-05-14,,9,8,"272870, 550433, 177179, 102107, 102121, 102116, 6719, 101911","Al Ansar, Al Khaleej, JS Kairouanaise, CA Bizertin, Emirates Club, Stade Tunisien, Tunisia, Al Hazem","Al Ansar (2011-11-17 to 2012-06-15): 19 matches, 3 wins | Al Khaleej (2014-07-01 to 2016-06-30): 52 matches, 15 wins | Al Khaleej (2016-09-03 to 2017-12-31): 24 matches, 5 wins | JS Kairouanaise (2017-10-18 to 2018-03-05): 14 matches, 7 wins | CA Bizertin (2018-03-13 to 2018-06-30): 5 matches, 5 wins | Emirates Club (2018-07-01 to 2019-09-25): 28 matches, 5 wins | Stade Tunisien (2019-09-26 to 2020-08-09): 15 matches, 8 wins | Tunisia (2022-01-21 to 2024-01-26): 29 matches, 15 wins | Al Hazem (2025-05-14 to present): 39 matches, 14 wins",225,77,52,96,34.22,1.26,39,14,9,16,35.9,1.31,1,0,1,6719,Tunisia,-1,Kirin Cup,Tunisia - Kirin Cup: won [2022]; runner-up [],36,12,9,15,33.33,5970092,2026-08-21,1787233,Al Diriyah,536,Saudi Pro League,0-1,L,https://www.fotmob.com/players/1371700/jalel-kadri,https://images.fotmob.com/image_resources/playerimages/1371700.png,2026-08-23T04:30:49+00:00
467489,José Gomes,1970-08-28,55,Portugal,POR,male,active,,550433,Al Khaleej,2026-07-01,,16,13,"8036, 205686, 2530, 182933, 7841, 9798, 10212, 9865, 8005, 9774, 80591, 177356, 550433","Videoton FC Fehervar, Al-Taawoun, Al Ahli, Baniyas, Rio Ave, Reading, Maritimo, Almeria, Ponferradina, Chaves, Zamalek SC, Al Fateh FC, Al Khaleej","Videoton FC Fehervar (2013-01-20 to 2014-06-05): 53 matches, 30 wins | Al-Taawoun (2014-09-04 to 2016-05-31): 49 matches, 20 wins | Al Ahli (2016-07-01 to 2016-10-22): 4 matches, 2 wins | Baniyas (2016-10-22 to 2017-01-28): 13 matches, 1 wins | Al-Taawoun (2017-03-21 to 2018-06-30): 34 matches, 10 wins | Rio Ave (2018-07-01 to 2018-12-22): 21 matches, 8 wins | Reading (2018-12-23 to 2019-10-09): 38 matches, 10 wins | Maritimo (2019-11-14 to 2020-07-27): 24 matches, 7 wins | Almeria (2020-07-27 to 2021-04-27): 43 matches, 22 wins | Al-Taawoun (2021-08-22 to 2022-04-12): 26 matches, 7 wins | Ponferradina (2022-07-01 to 2022-11-20): 17 matches, 4 wins | Maritimo (2022-12-14 to 2023-06-30): 23 matches, 6 wins | Chaves (2023-07-01 to 2023-09-19): 6 matches, 0 wins | Zamalek SC (2024-02-01 to 2024-12-11): 46 matches, 26 wins | Al Fateh FC (2024-12-12 to 2026-06-30): 58 matches, 21 wins | Al Khaleej (2026-07-01 to present): 3 matches, 0 wins",458,174,108,176,37.99,1.38,3,0,2,1,0,0.67,3,0,2,"80591, 2530","Zamalek SC, Al Ahli","9467, 9468, 10074","CAF Super Cup, CAF Confed Cup, Super Cup",Zamalek SC - CAF Super Cup: won [2024/2025]; runner-up [] | Zamalek SC - CAF Confed Cup: won [2023/2024]; runner-up [] | Al Ahli - Super Cup: won [2016/2017]; runner-up [],8,3,4,1,37.5,5970098,2026-08-22,101916,Al Shabab,536,Saudi Pro League,0-0,D,https://www.fotmob.com/players/467489/jose-gomes,https://images.fotmob.com/image_resources/playerimages/467489.png,2026-08-23T04:30:49+00:00
92668,Zarko Lazetic,1982-02-22,44,Serbia,SRB,male,active,184,205686,Al-Taawoun,2026-07-01,,4,4,"7998, 676140, 7855, 205686","Partizan Beograd, TSC Backa Topola, Maccabi Tel Aviv, Al-Taawoun","Partizan Beograd (2019-03-12 to 2019-03-27): 2 matches, 1 wins | TSC Backa Topola (2021-11-29 to 2024-06-23): 104 matches, 52 wins | Maccabi Tel Aviv (2024-06-24 to 2026-01-27): 91 matches, 49 wins | Al-Taawoun (2026-07-01 to present): 3 matches, 1 wins",200,103,42,55,51.5,1.75,3,1,1,1,33.33,1.33,3,1,1,7855,Maccabi Tel Aviv,"9862, 127, -1","Super Cup, Ligat ha'Al, Toto Cup Ligat Al",Maccabi Tel Aviv - Super Cup: won [2024/2025]; runner-up [2025/2026] | Maccabi Tel Aviv - Ligat ha'Al: won [2024/2025]; runner-up [] | Maccabi Tel Aviv - Toto Cup Ligat Al: won [2024/2025]; runner-up [],2,0,1,1,0.0,5970096,2026-08-22,1523706,Al Kholood,536,Saudi Pro League,3-2,L,https://www.fotmob.com/players/92668/zarko-lazetic,https://images.fotmob.com/image_resources/playerimages/92668.png,2026-08-23T04:30:48+00:00
1906178,Maurício Dulac,1979-11-06,46,Brazil,BRA,male,active,,582739,Al Riyadh,2026-02-11,,1,1,582739,Al Riyadh,"Al Riyadh (2026-02-11 to present):  matches,  wins",0,0,0,0,,,,,,,,,0,0,0,,,,,,15,5,2,8,33.33,5970091,2026-08-21,101918,Al Nassr FC,536,Saudi Pro League,0-4,L,https://www.fotmob.com/players/1906178/mauricio-dulac,https://images.fotmob.com/image_resources/playerimages/1906178.png,2026-08-23T04:30:49+00:00
828673,Des Buckingham,1985-02-07,41,England,ENG,male,active,,1523706,Al Kholood,2025-08-14,,5,5,"78785, 67321, 578655, 8653, 1523706","Wellington Phoenix, New Zealand U20, Mumbai City FC, Oxford United, Al Kholood","Wellington Phoenix (2016-12-06 to 2017-06-07): 19 matches, 6 wins | New Zealand U20 (2019-05-15 to 2019-12-31): 4 matches, 2 wins | Mumbai City FC (2021-10-08 to 2023-11-16): 71 matches, 37 wins | Oxford United (2023-11-16 to 2024-12-16): 59 matches, 20 wins | Al Kholood (2025-08-14 to present): 42 matches, 15 wins",195,80,42,73,41.03,1.45,42,15,7,20,35.71,1.24,2,0,2,"203576, 929534","Melbourne City FC, New Zealand U19","113, -1","A-League, OFC U19 Championship",Melbourne City FC - A-League: won [2020/2021]; runner-up [] | New Zealand U19 - OFC U19 Championship: won [2018 Tahiti]; runner-up [],36,10,7,19,27.78,5970096,2026-08-22,205686,Al-Taawoun,536,Saudi Pro League,3-2,W,https://www.fotmob.com/players/828673/des-buckingham,https://images.fotmob.com/image_resources/playerimages/828673.png,2026-08-23T04:30:49+00:00
29577,Besnik Hasi,1971-12-29,54,Albania,ALB,male,active,177,96498,Amed Sportif,2026-06-10,,8,7,"8635, 8673, 8638, 150413, 2530, 8203, 96498","Anderlecht, Legia Warszawa, Olympiacos, Al-Raed, Al Ahli, KV Mechelen, Amed Sportif","Anderlecht (2014-03-10 to 2016-05-26): 119 matches, 64 wins | Legia Warszawa (2016-06-03 to 2016-09-19): 17 matches, 5 wins | Olympiacos (2017-06-08 to 2017-09-25): 11 matches, 6 wins | Al-Raed (2018-07-26 to 2021-06-30): 95 matches, 35 wins | Al Ahli (2021-07-01 to 2022-03-05): 25 matches, 6 wins | KV Mechelen (2023-11-08 to 2025-03-04): 57 matches, 24 wins | Anderlecht (2025-03-20 to 2026-02-02): 43 matches, 18 wins | Amed Sportif (2026-06-10 to present): 1 matches, 1 wins",368,159,89,120,43.21,1.54,1,1,0,0,100,3,8,2,1,8635,Anderlecht,"40, 266","First Division A, Super Cup","Anderlecht - First Division A: won [2013/2014, 2012/2013, 2011/2012, 2009/2010]; runner-up [2008/2009] | Anderlecht - Super Cup: won [2014/2015, 2013/2014, 2012/2013, 2010/2011]; runner-up [2008/2009]",22,9,6,7,40.91,5904707,2026-08-16,281467,Erzurumspor FK,71,Super Lig,3-0,W,https://www.fotmob.com/players/29577/besnik-hasi,https://images.fotmob.com/image_resources/playerimages/29577.png,2026-08-23T04:30:49+00:00
46250,Julien Lachuer,1976-11-15,49,France,FRA,male,active,,8521,Brest,2026-06-27,,2,1,8521,Brest,"Brest (2026-06-27 to present):  matches,  wins | Brest (2022-12-08 to 2026-06-27):  matches,  wins",0,0,0,0,,,,,,,,,0,0,0,,,,,,1,0,1,0,0.0,5802903,2026-08-22,8682,Le Mans,53,Ligue 1,2-2,D,https://www.fotmob.com/players/46250/julien-lachuer,https://images.fotmob.com/image_resources/playerimages/46250.png,2026-08-23T04:30:49+00:00
1791881,Patrick Videira,1977-04-26,49,France,FRA,male,active,,8682,Le Mans,2024-07-01,,2,2,"8682, -1","Le Mans, AS Furiani-Agliani","Le Mans (2024-07-01 to present):  matches,  wins | AS Furiani-Agliani (2018-07-01 to 2024-06-30):  matches,  wins",0,0,0,0,,,,,,,,,0,0,0,,,,,,33,15,14,4,45.45,5802903,2026-08-22,8521,Brest,53,Ligue 1,2-2,D,https://www.fotmob.com/players/1791881/patrick-videira,https://images.fotmob.com/image_resources/playerimages/1791881.png,2026-08-23T04:30:49+00:00
1335573,Serkan Özbalta,1979-02-05,47,Turkiye,TUR,male,active,,281467,Erzurumspor FK,2025-06-23,,5,5,"1929, 95749, 4124, 357274, 281467","Altay, Hatayspor, Sakaryaspor, Çorum FK, Erzurumspor FK","Altay (2022-01-27 to 2022-03-22): 7 matches, 3 wins | Hatayspor (2022-06-01 to 2022-09-18): 6 matches, 0 wins | Sakaryaspor (2022-10-11 to 2023-01-23): 13 matches, 6 wins | Çorum FK (2023-11-11 to 2025-03-06): 59 matches, 25 wins | Erzurumspor FK (2025-06-23 to present): 45 matches, 26 wins",130,60,32,38,46.15,1.63,45,26,12,7,57.78,2,1,0,1,281467,Erzurumspor FK,165,1. Lig,Erzurumspor FK - 1. Lig: won [2025/2026]; runner-up [],2,0,0,2,0.0,5904721,2026-08-21,8637,Galatasaray,71,Super Lig,0-4,L,https://www.fotmob.com/players/1335573/serkan-ozbalta,https://images.fotmob.com/image_resources/playerimages/1335573.png,2026-08-23T04:30:49+00:00
95885,Ugur Uçar,1987-04-05,39,Turkiye,TUR,male,active,180,357274,Çorum FK,2026-02-18,,2,2,"95745, 357274","Pendikspor, Çorum FK","Pendikspor (2025-03-12 to 2026-02-18): 36 matches, 14 wins | Çorum FK (2026-02-18 to present): 19 matches, 12 wins",55,26,15,14,47.27,1.69,19,12,4,3,63.16,2.11,0,0,0,,,,,,1,0,0,1,0.0,5904718,2026-08-22,4685,Kasımpaşa,71,Super Lig,0-1,L,https://www.fotmob.com/players/95885/ugur-ucar,https://images.fotmob.com/image_resources/playerimages/95885.png,2026-08-23T04:30:49+00:00
27411,Marvin Compper,1985-06-14,41,Germany,GER,male,active,185,9988,Royal Antwerp,2026-08-03,,1,1,9988,Royal Antwerp,"Royal Antwerp (2026-08-03 to present): 3 matches, 2 wins",3,2,1,0,66.67,2.33,3,2,1,0,66.67,2.33,1,0,1,10190,St. Gallen,164,Swiss Cup,St. Gallen - Swiss Cup: won [2025/2026]; runner-up [],1,0,1,0,0.0,5811731,2026-08-22,9987,Genk,40,Belgian Pro League,4-4,D,https://www.fotmob.com/players/27411/marvin-compper,https://images.fotmob.com/image_resources/playerimages/27411.png,2026-08-23T04:30:49+00:00
